Time,Coin,Direction,Confidence,Model,Harga,Entry,TP,TP%,SL,SL%,ATR,H4 High,H4 Low,LGBM_Dec,LGBM_Conf,LGBM_S%,LGBM_F%,LGBM_L%,LSTM_Dec,LSTM_Conf,LSTM_S%,LSTM_F%,LSTM_L%,Stage,H4,InRng,Dist8H,RSI_H4,RSIslp,AbsSw,VolR,FG
2026-06-03 12:05,TAOUSDT,FLAT,1.0000,cascade_v2.5_dual_gate,229.7900,229.7900,,,,,4.1732,236.3900,221.2000,LONG,0.6494,29,6,65,FLAT,0.5311,21,53,26,dual_gate_blocked,DOWN,0.33,-1.58,42.7,-9.616,-0.00,0.178,11
2026-06-03 12:05,DOTUSDT,FLAT,1.0000,cascade_v2.5_dual_gate,1.1140,1.1140,,,,,0.016128,1.1110,1.0630,FLAT,0.9963,0,100,0,FLAT,0.3688,32,37,31,dual_gate_blocked,UP,0.68,-1.12,55.4,-7.094,1.85,0.064,11
2026-06-03 12:05,1000SHIBUSDT,FLAT,1.0000,cascade_v2.5_dual_gate,0.00531500,0.00531500,,,,,0.00005276,0.00532500,0.00515000,FLAT,0.9567,4,96,0,SHORT,0.3837,38,26,36,dual_gate_blocked,UP,0.61,-0.70,56.4,0.909,1.56,0.033,11
2026-06-03 12:05,ADAUSDT,FLAT,1.0000,cascade_v2.5_dual_gate,0.216000,0.216000,,,,,0.00257578,0.218200,0.208500,FLAT,0.8183,16,82,2,SHORT,0.3682,37,36,28,dual_gate_blocked,DOWN,0.53,-0.89,51.4,-4.055,-0.00,0.084,11
2026-06-03 12:05,ONDOUSDT,FLAT,1.0000,cascade_v2.5_dual_gate,0.413300,0.413300,,,,,0.012091,0.420500,0.378600,FLAT,0.743,24,74,2,FLAT,0.367,31,37,32,dual_gate_blocked,UP,0.79,-1.36,59.0,-10.463,-0.00,0.059,11
2026-06-03 12:05,HBARUSDT,FLAT,1.0000,cascade_v2.5_dual_gate,0.087740,0.087740,,,,,0.00092881,0.089110,0.085390,LONG,0.668,25,8,67,FLAT,0.4237,27,42,31,dual_gate_blocked,DOWN,0.51,-1.48,51.7,0.852,-0.00,0.058,11
2026-06-03 12:05,SOLUSDT,FLAT,1.0000,cascade_v2.5_dual_gate,75.1000,75.1000,,,,,0.824337,76.0300,72.6400,FLAT,0.6386,29,64,7,FLAT,0.4291,27,43,30,dual_gate_blocked,DOWN,0.41,-0.69,49.9,1.394,-0.00,0.044,11
2026-06-03 12:05,LINKUSDT,FLAT,1.0000,cascade_v2.5_dual_gate,8.5280,8.5280,,,,,0.097746,8.5660,8.2200,FLAT,0.9565,4,96,0,FLAT,0.4031,31,40,29,dual_gate_blocked,DOWN,0.51,-0.90,53.2,-1.448,2.14,0.040,11
2026-06-03 12:05,DOGEUSDT,FLAT,1.0000,cascade_v2.5_dual_gate,0.093980,0.093980,,,,,0.00092936,0.094500,0.091530,FLAT,0.7314,27,73,0,SHORT,0.4152,42,26,32,dual_gate_blocked,DOWN,0.39,-0.56,50.4,0.527,-0.00,0.038,11
2026-06-03 12:05,ARBUSDT,FLAT,1.0000,cascade_v2.5_dual_gate,0.096100,0.096100,,,,,0.00170466,0.095400,0.089700,FLAT,0.9968,0,100,0,SHORT,0.3649,36,33,31,dual_gate_blocked,UP,0.71,-1.11,58.8,-1.221,2.16,0.120,11
2026-06-03 12:05,XRPUSDT,FLAT,1.0000,cascade_v2.5_dual_gate,1.2361,1.2361,,,,,0.011963,1.2485,1.1969,FLAT,0.8201,17,82,1,FLAT,0.3542,32,35,33,dual_gate_blocked,UP,0.59,-1.04,53.2,-7.167,-0.00,0.035,11
2026-06-03 12:05,TRXUSDT,FLAT,1.0000,cascade_v2.5_dual_gate,0.332100,0.332100,,,,,0.00138488,0.333930,0.328560,SHORT,0.3768,38,28,34,FLAT,0.6432,15,64,20,dual_gate_blocked,DOWN,0.27,-1.32,40.7,-5.218,-0.00,0.060,11
2026-06-03 12:05,TONUSDT,FLAT,1.0000,cascade_v2.5_dual_gate,1.9973,1.9973,,,,,0.047294,2.0777,1.9558,LONG,0.6007,2,38,60,FLAT,0.8272,5,83,13,dual_gate_blocked,UP,0.53,-1.70,45.4,-17.748,-0.00,0.042,11
2026-06-03 12:05,ETHUSDT,FLAT,1.0000,cascade_v2.5_dual_gate,1877.46,1877.46,,,,,17.4551,1918.00,1826.85,SHORT,0.5011,50,22,28,FLAT,0.4253,34,43,24,dual_gate_blocked,DOWN,0.37,-0.86,48.3,-1.448,-0.00,0.045,11
2026-06-03 12:05,BNBUSDT,FLAT,1.0000,cascade_v2.5_dual_gate,637.3300,637.3300,,,,,6.7547,647.1500,633.2100,FLAT,0.7882,0,79,21,FLAT,0.7747,5,77,17,dual_gate_blocked,DOWN,0.13,-1.45,31.9,-10.389,-0.00,0.086,11
2026-06-03 12:05,1000PEPEUSDT,FLAT,1.0000,cascade_v2.5_dual_gate,0.00321370,0.00321370,,,,,0.00004169,0.00319150,0.00306280,FLAT,0.997,0,100,0,LONG,0.3882,38,23,39,dual_gate_blocked,UP,0.57,-0.81,56.2,-3.752,-0.00,0.045,11
2026-06-03 12:05,POLUSDT,FLAT,1.0000,cascade_v2.5_dual_gate,0.093120,0.093120,,,,,0.00086315,0.094080,0.089800,FLAT,0.7566,24,76,0,FLAT,0.3717,32,37,31,dual_gate_blocked,UP,0.82,-1.11,63.0,-7.498,-0.00,0.026,11
2026-06-03 12:05,NEARUSDT,FLAT,1.0000,cascade_v2.5_dual_gate,2.9400,2.9400,,,,,0.099262,2.7750,2.6780,LONG,0.607,17,22,61,FLAT,0.3491,31,35,34,dual_gate_blocked,UP,0.93,-0.35,69.0,0.799,-0.00,0.145,11
2026-06-03 12:05,AVAXUSDT,FLAT,1.0000,cascade_v2.5_dual_gate,8.2990,8.2990,,,,,0.094868,8.3870,8.0440,FLAT,0.6599,31,66,3,FLAT,0.5263,22,53,25,dual_gate_blocked,DOWN,0.43,-0.73,50.7,-1.944,-0.00,0.033,11
2026-06-03 12:05,SUIUSDT,FLAT,1.0000,cascade_v2.5_dual_gate,0.829300,0.829300,,,,,0.011997,0.842300,0.795700,LONG,0.3979,38,22,40,FLAT,0.4074,30,41,29,dual_gate_blocked,UP,0.61,-1.08,51.5,-6.928,-0.00,0.060,11
2026-06-03 11:05,TAOUSDT,FLAT,1.0000,cascade_v2.5_dual_gate,234.7500,234.7500,,,,,4.1140,236.3900,221.2000,FLAT,0.872,13,87,0,FLAT,0.3673,34,37,29,dual_gate_blocked,DOWN,0.49,-0.40,55.1,-1.561,0.96,0.201,11
2026-06-03 11:05,DOTUSDT,FLAT,1.0000,cascade_v2.5_dual_gate,1.1270,1.1270,,,,,0.015973,1.1110,1.0630,FLAT,0.9991,0,100,0,FLAT,0.3494,33,35,32,dual_gate_blocked,UP,0.83,-0.19,67.3,5.971,-0.00,0.073,11
2026-06-03 11:05,1000SHIBUSDT,FLAT,1.0000,cascade_v2.5_dual_gate,0.00533400,0.00533400,,,,,0.00005485,0.00532500,0.00515000,FLAT,0.9916,1,99,0,FLAT,0.36,33,36,31,dual_gate_blocked,UP,0.66,-0.24,61.1,5.838,1.53,0.035,11
2026-06-03 11:05,ADAUSDT,FLAT,1.0000,cascade_v2.5_dual_gate,0.217700,0.217700,,,,,0.00255359,0.218200,0.208500,FLAT,0.9669,3,97,0,SHORT,0.372,37,33,30,dual_gate_blocked,DOWN,0.64,-0.23,60.9,2.598,2.22,0.042,11
2026-06-03 11:05,ONDOUSDT,FLAT,1.0000,cascade_v2.5_dual_gate,0.423000,0.423000,,,,,0.011376,0.420500,0.378600,FLAT,0.9947,1,99,0,FLAT,0.35,32,35,33,dual_gate_blocked,UP,0.96,-0.26,69.9,4.337,2.07,0.136,11
2026-06-03 11:05,HBARUSDT,FLAT,1.0000,cascade_v2.5_dual_gate,0.087690,0.087690,,,,,0.00094842,0.089110,0.085390,SHORT,0.6297,63,5,32,FLAT,0.4274,28,43,30,dual_gate_blocked,DOWN,0.49,-1.50,51.4,-7.657,-0.00,0.091,11
2026-06-03 11:05,SOLUSDT,FLAT,1.0000,cascade_v2.5_dual_gate,75.4900,75.4900,,,,,0.851979,76.0300,72.6400,FLAT,0.6884,31,69,1,FLAT,0.3842,31,38,31,dual_gate_blocked,DOWN,0.47,-0.21,55.8,4.144,-0.00,0.069,11
2026-06-03 11:05,LINKUSDT,FLAT,1.0000,cascade_v2.5_dual_gate,8.5990,8.5990,,,,,0.099697,8.5660,8.2200,FLAT,0.997,0,100,0,FLAT,0.3569,34,36,31,dual_gate_blocked,DOWN,0.61,-0.17,62.1,5.016,0.75,0.291,11
2026-06-03 11:05,DOGEUSDT,FLAT,1.0000,cascade_v2.5_dual_gate,0.094310,0.094310,,,,,0.00095614,0.094500,0.091530,FLAT,0.8455,15,85,0,SHORT,0.4414,44,35,21,dual_gate_blocked,DOWN,0.43,-0.20,55.2,2.671,2.28,0.043,11
2026-06-03 11:05,ARBUSDT,FLAT,1.0000,cascade_v2.5_dual_gate,0.097800,0.097800,,,,,0.00169922,0.095400,0.089700,FLAT,0.9988,0,100,0,SHORT,0.3664,37,33,30,dual_gate_blocked,UP,0.89,-0.12,71.4,7.360,-0.00,0.091,11
2026-06-03 11:05,XRPUSDT,FLAT,1.0000,cascade_v2.5_dual_gate,1.2422,1.2422,,,,,0.012368,1.2485,1.1969,FLAT,0.73,27,73,0,LONG,0.3391,32,34,34,dual_gate_blocked,UP,0.67,-0.51,59.6,-1.244,-0.00,0.056,11
2026-06-03 11:05,TRXUSDT,FLAT,1.0000,cascade_v2.5_dual_gate,0.332280,0.332280,,,,,0.00141701,0.333930,0.328560,FLAT,0.5985,38,60,3,FLAT,0.6098,18,61,21,dual_gate_blocked,DOWN,0.26,-1.16,41.6,-5.956,-0.00,0.036,11
2026-06-03 11:05,TONUSDT,FLAT,1.0000,cascade_v2.5_dual_gate,2.0338,2.0338,,,,,0.048521,2.0777,1.9558,SHORT,0.5299,53,47,0,FLAT,0.7445,9,74,16,dual_gate_blocked,UP,0.74,-0.90,55.4,0.009,-0.00,0.109,11
2026-06-03 11:05,ETHUSDT,FLAT,1.0000,cascade_v2.5_dual_gate,1883.97,1883.97,,,,,18.4086,1918.00,1826.85,SHORT,0.5381,54,19,27,FLAT,0.4179,38,42,21,dual_gate_blocked,DOWN,0.41,-0.46,53.3,4.796,-0.00,0.022,11
2026-06-03 11:05,BNBUSDT,FLAT,1.0000,cascade_v2.5_dual_gate,642.3500,642.3500,,,,,6.6489,647.1500,633.2100,FLAT,0.6916,26,69,5,FLAT,0.5721,26,57,16,dual_gate_blocked,DOWN,0.23,-0.72,39.1,-2.024,-0.00,0.030,11
2026-06-03 11:05,1000PEPEUSDT,FLAT,1.0000,cascade_v2.5_dual_gate,0.00323820,0.00323820,,,,,0.00004294,0.00319150,0.00306280,FLAT,0.9993,0,100,0,LONG,0.4199,40,18,42,dual_gate_blocked,UP,0.65,-0.18,65.3,4.835,-0.00,0.042,11
2026-06-03 11:05,POLUSDT,FLAT,1.0000,cascade_v2.5_dual_gate,0.093230,0.093230,,,,,0.00093718,0.094080,0.089800,FLAT,0.778,22,78,0,FLAT,0.3803,33,38,29,dual_gate_blocked,UP,0.84,-0.91,65.2,-5.174,-0.00,0.059,11
2026-06-03 11:05,NEARUSDT,FLAT,1.0000,cascade_v2.5_dual_gate,2.9540,2.9540,,,,,0.094912,2.7750,2.6780,LONG,0.5846,21,20,58,LONG,0.3505,31,34,35,dual_gate_blocked,UP,0.96,-0.22,71.9,4.833,-0.00,0.131,11
2026-06-03 11:05,AVAXUSDT,FLAT,1.0000,cascade_v2.5_dual_gate,8.3440,8.3440,,,,,0.095607,8.3870,8.0440,FLAT,0.8777,12,88,0,FLAT,0.4302,29,43,28,dual_gate_blocked,DOWN,0.49,-0.25,56.5,2.825,0.25,0.260,11
2026-06-03 11:05,SUIUSDT,FLAT,1.0000,cascade_v2.5_dual_gate,0.837900,0.837900,,,,,0.012041,0.842300,0.795700,LONG,0.4853,23,29,49,FLAT,0.3655,33,37,31,dual_gate_blocked,UP,0.75,-0.37,61.1,-0.245,2.16,0.067,11
2026-06-03 10:05,TAOUSDT,FLAT,1.0000,cascade_v2.5_dual_gate,232.5200,232.5200,,,,,4.2942,236.3900,221.2000,SHORT,0.614,61,24,14,FLAT,0.4854,33,49,18,dual_gate_blocked,DOWN,0.41,-0.90,49.6,-3.769,-0.00,0.051,11
2026-06-03 10:05,DOTUSDT,FLAT,1.0000,cascade_v2.5_dual_gate,1.1110,1.1110,,,,,0.015395,1.1170,1.0630,FLAT,0.9477,5,95,0,FLAT,0.388,31,39,31,dual_gate_blocked,UP,0.62,-0.39,58.1,0.819,2.14,0.040,11
2026-06-03 10:05,1000SHIBUSDT,FLAT,1.0000,cascade_v2.5_dual_gate,0.00530300,0.00530300,,,,,0.00005573,0.00532500,0.00515000,FLAT,0.8627,14,86,0,LONG,0.3929,31,30,39,dual_gate_blocked,DOWN,0.58,-0.39,55.9,3.163,1.62,0.027,11
2026-06-03 10:05,ADAUSDT,FLAT,1.0000,cascade_v2.5_dual_gate,0.216700,0.216700,,,,,0.00265414,0.218100,0.208500,FLAT,0.873,12,87,1,SHORT,0.3771,38,32,30,dual_gate_blocked,DOWN,0.56,-0.53,56.8,4.559,-0.00,0.060,11
2026-06-03 10:05,ONDOUSDT,FLAT,1.0000,cascade_v2.5_dual_gate,0.417300,0.417300,,,,,0.011719,0.420500,0.378600,FLAT,0.9526,5,95,0,FLAT,0.3517,32,35,33,dual_gate_blocked,UP,0.95,-0.27,66.6,-7.475,2.60,0.039,11
2026-06-03 10:05,HBARUSDT,FLAT,1.0000,cascade_v2.5_dual_gate,0.087300,0.087300,,,,,0.00098069,0.089110,0.085390,LONG,0.504,48,2,50,FLAT,0.5539,18,55,26,dual_gate_blocked,DOWN,0.42,-1.85,46.2,-13.250,-0.00,0.034,11
2026-06-03 10:05,SOLUSDT,FLAT,1.0000,cascade_v2.5_dual_gate,75.0900,75.0900,,,,,0.886335,75.3900,72.6400,FLAT,0.798,20,80,0,FLAT,0.4555,26,46,29,dual_gate_blocked,DOWN,0.40,-0.34,50.6,3.489,2.47,0.026,11
2026-06-03 10:05,LINKUSDT,FLAT,1.0000,cascade_v2.5_dual_gate,8.5130,8.5130,,,,,0.099640,8.5660,8.2200,FLAT,0.7595,23,76,1,FLAT,0.4532,27,45,27,dual_gate_blocked,DOWN,0.49,-0.53,53.3,-0.294,-0.00,0.030,11
2026-06-03 10:05,DOGEUSDT,FLAT,1.0000,cascade_v2.5_dual_gate,0.093930,0.093930,,,,,0.00099370,0.094500,0.091530,FLAT,0.6126,38,61,1,LONG,0.354,35,30,35,dual_gate_blocked,DOWN,0.37,-0.57,50.3,0.386,-0.00,0.021,11
2026-06-03 10:05,ARBUSDT,FLAT,1.0000,cascade_v2.5_dual_gate,0.096000,0.096000,,,,,0.00162423,0.096100,0.089700,FLAT,0.9789,2,98,0,SHORT,0.3592,36,33,31,dual_gate_blocked,UP,0.70,-0.06,63.1,3.717,2.19,0.084,11
2026-06-03 10:05,XRPUSDT,FLAT,1.0000,cascade_v2.5_dual_gate,1.2402,1.2402,,,,,0.013345,1.2485,1.1969,FLAT,0.6994,30,70,0,FLAT,0.3568,31,36,33,dual_gate_blocked,UP,0.64,-0.62,58.1,-0.425,-0.00,0.037,11
2026-06-03 10:05,TRXUSDT,FLAT,1.0000,cascade_v2.5_dual_gate,0.332340,0.332340,,,,,0.00147512,0.333930,0.328560,SHORT,0.5705,57,16,27,FLAT,0.6226,16,62,21,dual_gate_blocked,DOWN,0.26,-1.08,41.6,-8.679,-0.00,0.019,11
2026-06-03 10:05,TONUSDT,FLAT,1.0000,cascade_v2.5_dual_gate,2.0108,2.0108,,,,,0.045497,2.0777,1.9632,FLAT,0.4943,6,49,45,FLAT,0.7949,5,79,15,dual_gate_blocked,UP,0.61,-1.47,49.4,-6.723,-0.00,0.051,11
2026-06-03 10:05,ETHUSDT,FLAT,1.0000,cascade_v2.5_dual_gate,1877.25,1877.25,,,,,18.5590,1918.00,1826.85,SHORT,0.6033,60,11,29,FLAT,0.3942,34,39,27,dual_gate_blocked,DOWN,0.37,-0.49,48.5,4.017,-0.00,0.032,11
2026-06-03 10:05,BNBUSDT,FLAT,1.0000,cascade_v2.5_dual_gate,643.6200,643.6200,,,,,7.0133,647.1500,633.2100,FLAT,0.7483,23,75,2,FLAT,0.6208,14,62,24,dual_gate_blocked,DOWN,0.25,-0.51,41.6,6.119,-0.00,0.031,11
2026-06-03 10:05,1000PEPEUSDT,FLAT,1.0000,cascade_v2.5_dual_gate,0.00321860,0.00321860,,,,,0.00004446,0.00323400,0.00306280,FLAT,0.9463,5,95,0,LONG,0.429,39,18,43,dual_gate_blocked,DOWN,0.58,-0.35,61.0,2.852,2.22,0.036,11
2026-06-03 10:05,POLUSDT,FLAT,1.0000,cascade_v2.5_dual_gate,0.092980,0.092980,,,,,0.00100669,0.094080,0.089800,FLAT,0.716,28,72,0,FLAT,0.3491,32,35,33,dual_gate_blocked,UP,0.80,-1.09,62.7,-6.867,-0.00,0.053,11
2026-06-03 10:05,NEARUSDT,FLAT,1.0000,cascade_v2.5_dual_gate,2.8360,2.8360,,,,,0.087627,2.7750,2.6780,LONG,0.521,31,17,52,FLAT,0.4113,27,41,32,dual_gate_blocked,UP,0.83,-0.87,61.3,-1.398,-0.00,0.063,11
2026-06-03 10:05,AVAXUSDT,FLAT,1.0000,cascade_v2.5_dual_gate,8.2890,8.2890,,,,,0.096787,8.3400,8.0440,FLAT,0.7512,24,75,1,FLAT,0.5729,19,57,24,dual_gate_blocked,DOWN,0.40,-0.53,50.6,1.847,-0.00,0.032,11
2026-06-03 10:05,SUIUSDT,FLAT,1.0000,cascade_v2.5_dual_gate,0.831800,0.831800,,,,,0.012467,0.842300,0.795700,FLAT,0.8444,14,84,2,FLAT,0.3849,32,38,30,dual_gate_blocked,DOWN,0.65,-0.84,55.9,-1.770,-0.00,0.059,11
2026-06-03 09:05,TAOUSDT,FLAT,1.0000,cascade_v2.5_dual_gate,233.0100,233.0100,,,,,4.4796,239.9200,219.8400,SHORT,0.5289,53,18,29,FLAT,0.4014,36,40,24,dual_gate_blocked,DOWN,0.43,-0.75,50.5,0.111,-0.00,0.062,11
2026-06-03 09:05,DOTUSDT,FLAT,1.0000,cascade_v2.5_dual_gate,1.1100,1.1100,,,,,0.016348,1.1110,1.0550,FLAT,0.9846,1,98,0,FLAT,0.3692,32,37,31,dual_gate_blocked,DOWN,0.60,-0.43,57.5,2.521,1.96,0.079,11
2026-06-03 09:05,1000SHIBUSDT,FLAT,1.0000,cascade_v2.5_dual_gate,0.00529200,0.00529200,,,,,0.00005817,0.00532500,0.00513200,FLAT,0.8257,17,83,1,LONG,0.4062,36,24,41,dual_gate_blocked,DOWN,0.55,-0.57,53.8,-4.929,-0.00,0.031,11
2026-06-03 09:05,ADAUSDT,FLAT,1.0000,cascade_v2.5_dual_gate,0.216100,0.216100,,,,,0.00279683,0.218200,0.207200,FLAT,0.8178,17,82,1,SHORT,0.3878,39,33,28,dual_gate_blocked,DOWN,0.51,-0.72,53.9,3.138,-0.00,0.046,11
2026-06-03 09:05,ONDOUSDT,FLAT,1.0000,cascade_v2.5_dual_gate,0.414800,0.414800,,,,,0.012148,0.420500,0.376600,FLAT,0.8544,14,85,0,FLAT,0.349,32,35,33,dual_gate_blocked,UP,0.92,-0.47,65.8,-4.692,2.70,0.037,11
2026-06-03 09:05,HBARUSDT,FLAT,1.0000,cascade_v2.5_dual_gate,0.087630,0.087630,,,,,0.00103105,0.089110,0.085060,LONG,0.534,40,7,53,FLAT,0.397,29,40,31,dual_gate_blocked,DOWN,0.46,-1.44,49.5,-8.336,-0.00,0.121,11
2026-06-03 09:05,SOLUSDT,FLAT,1.0000,cascade_v2.5_dual_gate,74.9200,74.9200,,,,,0.917668,76.0300,72.2100,FLAT,0.5582,36,56,8,FLAT,0.4706,24,47,29,dual_gate_blocked,DOWN,0.37,-0.51,48.2,2.410,-0.00,0.023,11
2026-06-03 09:05,LINKUSDT,FLAT,1.0000,cascade_v2.5_dual_gate,8.5120,8.5120,,,,,0.101636,8.5660,8.1650,FLAT,0.8169,18,82,0,FLAT,0.3923,31,39,30,dual_gate_blocked,DOWN,0.49,-0.53,53.1,0.351,-0.00,0.049,11
2026-06-03 09:05,DOGEUSDT,FLAT,1.0000,cascade_v2.5_dual_gate,0.093820,0.093820,,,,,0.00102606,0.094500,0.090780,FLAT,0.6591,33,66,1,LONG,0.4122,35,24,41,dual_gate_blocked,DOWN,0.35,-0.66,48.6,-2.105,-0.00,0.027,11
2026-06-03 09:05,ARBUSDT,FLAT,1.0000,cascade_v2.5_dual_gate,0.095300,0.095300,,,,,0.00166385,0.095400,0.089200,FLAT,0.9757,2,98,0,SHORT,0.3681,37,32,31,dual_gate_blocked,DOWN,0.63,-0.48,58.3,4.852,2.12,0.094,11
2026-06-03 09:05,XRPUSDT,FLAT,1.0000,cascade_v2.5_dual_gate,1.2410,1.2410,,,,,0.013985,1.2315,1.1886,FLAT,0.9974,0,100,0,FLAT,0.3392,32,34,34,dual_gate_blocked,DOWN,0.66,-0.54,59.3,4.493,-0.00,0.029,11
2026-06-03 09:05,TRXUSDT,FLAT,1.0000,cascade_v2.5_dual_gate,0.332950,0.332950,,,,,0.00150985,0.333930,0.328560,FLAT,0.4716,36,47,17,FLAT,0.4696,25,47,28,dual_gate_blocked,DOWN,0.30,-0.65,44.8,-0.656,-0.00,0.090,11
2026-06-03 09:05,TONUSDT,FLAT,1.0000,cascade_v2.5_dual_gate,2.0517,2.0517,,,,,0.044468,2.0777,1.9558,FLAT,0.707,29,71,0,FLAT,0.6303,14,63,23,dual_gate_blocked,UP,0.85,-0.58,62.0,-0.616,-0.00,0.042,11
2026-06-03 09:05,ETHUSDT,FLAT,1.0000,cascade_v2.5_dual_gate,1879.22,1879.22,,,,,18.9681,1883.64,1816.00,FLAT,0.8803,12,88,0,SHORT,0.5191,52,30,18,dual_gate_blocked,DOWN,0.38,-0.23,49.6,4.353,1.86,0.041,11
2026-06-03 09:05,BNBUSDT,FLAT,1.0000,cascade_v2.5_dual_gate,645.1600,645.1600,,,,,7.0572,657.9000,631.0100,LONG,0.6452,28,8,65,FLAT,0.5366,16,54,30,dual_gate_blocked,DOWN,0.28,-0.82,42.6,1.627,-0.00,0.038,11
2026-06-03 09:05,1000PEPEUSDT,FLAT,1.0000,cascade_v2.5_dual_gate,0.00321310,0.00321310,,,,,0.00004690,0.00319150,0.00304370,FLAT,0.9968,0,100,0,LONG,0.4071,40,19,41,dual_gate_blocked,DOWN,0.56,-0.45,59.7,4.988,2.21,0.033,11
2026-06-03 09:05,POLUSDT,FLAT,1.0000,cascade_v2.5_dual_gate,0.093640,0.093640,,,,,0.00103972,0.094080,0.089310,FLAT,0.9737,3,97,0,LONG,0.3419,32,34,34,dual_gate_blocked,UP,0.92,-0.42,71.9,4.133,1.35,0.064,11
2026-06-03 09:05,NEARUSDT,FLAT,1.0000,cascade_v2.5_dual_gate,2.8640,2.8640,,,,,0.091354,2.7750,2.6260,LONG,0.5135,26,23,51,FLAT,0.3623,31,36,33,dual_gate_blocked,UP,0.90,-0.53,67.2,-5.039,-0.00,0.035,11
2026-06-03 09:05,AVAXUSDT,FLAT,1.0000,cascade_v2.5_dual_gate,8.3000,8.3000,,,,,0.100662,8.3870,7.9880,FLAT,0.648,34,65,2,FLAT,0.4819,25,48,27,dual_gate_blocked,DOWN,0.41,-0.40,51.8,1.447,-0.00,0.038,11
2026-06-03 09:05,SUIUSDT,FLAT,1.0000,cascade_v2.5_dual_gate,0.833600,0.833600,,,,,0.013151,0.835800,0.790700,LONG,0.5148,11,37,51,FLAT,0.3579,33,36,31,dual_gate_blocked,DOWN,0.68,-0.66,58.0,-0.046,2.05,0.038,11
2026-06-03 08:05,TAOUSDT,FLAT,1.0000,cascade_v2.5_dual_gate,234.7800,234.7800,,,,,4.7243,239.9200,219.8400,SHORT,0.4363,44,32,24,SHORT,0.3988,40,38,22,dual_gate_blocked,DOWN,0.49,-0.34,55.1,17.288,-0.00,0.059,11
2026-06-03 08:05,DOTUSDT,FLAT,1.0000,cascade_v2.5_dual_gate,1.1110,1.1110,,,,,0.017560,1.1110,1.0550,FLAT,0.984,2,98,0,FLAT,0.3871,30,39,31,dual_gate_blocked,DOWN,0.62,-0.34,59.4,12.636,1.91,0.071,11
2026-06-03 08:05,1000SHIBUSDT,FLAT,1.0000,cascade_v2.5_dual_gate,0.00529200,0.00529200,,,,,0.00006334,0.00532500,0.00513200,FLAT,0.8237,17,82,1,LONG,0.3891,34,28,39,dual_gate_blocked,DOWN,0.55,-0.52,54.0,5.278,-0.00,0.074,11
2026-06-03 08:05,ADAUSDT,FLAT,1.0000,cascade_v2.5_dual_gate,0.216800,0.216800,,,,,0.00297275,0.218200,0.207200,FLAT,0.9357,6,94,0,SHORT,0.4089,41,33,26,dual_gate_blocked,DOWN,0.55,-0.44,57.3,18.818,1.97,0.048,11
2026-06-03 08:05,ONDOUSDT,FLAT,1.0000,cascade_v2.5_dual_gate,0.411700,0.411700,,,,,0.012536,0.403000,0.376600,FLAT,0.9965,0,100,0,FLAT,0.3417,32,34,34,dual_gate_blocked,UP,0.87,-0.70,66.1,5.370,-0.00,0.080,11
2026-06-03 08:05,HBARUSDT,FLAT,1.0000,cascade_v2.5_dual_gate,0.088360,0.088360,,,,,0.00107614,0.088210,0.085060,FLAT,0.6478,16,65,19,SHORT,0.3562,36,31,33,dual_gate_blocked,DOWN,0.57,-0.70,59.1,20.487,1.18,0.085,11
2026-06-03 08:05,SOLUSDT,FLAT,1.0000,cascade_v2.5_dual_gate,75.2900,75.2900,,,,,0.990643,76.0300,72.2100,FLAT,0.7154,27,72,2,FLAT,0.4291,28,43,30,dual_gate_blocked,DOWN,0.42,-0.10,52.5,13.855,-0.00,0.032,11
2026-06-03 08:05,LINKUSDT,FLAT,1.0000,cascade_v2.5_dual_gate,8.5460,8.5460,,,,,0.109569,8.5850,8.1650,FLAT,0.9227,8,92,0,FLAT,0.3834,31,38,31,dual_gate_blocked,DOWN,0.54,-0.18,57.5,17.985,1.95,0.036,11
2026-06-03 08:05,DOGEUSDT,FLAT,1.0000,cascade_v2.5_dual_gate,0.094120,0.094120,,,,,0.00111489,0.094900,0.090780,FLAT,0.7057,28,71,1,LONG,0.3873,36,25,39,dual_gate_blocked,DOWN,0.39,-0.34,52.3,13.426,-0.00,0.027,11
2026-06-03 08:05,ARBUSDT,FLAT,1.0000,cascade_v2.5_dual_gate,0.095700,0.095700,,,,,0.00178957,0.095400,0.089200,FLAT,0.9955,0,100,0,SHORT,0.3811,38,31,31,dual_gate_blocked,DOWN,0.67,-0.22,61.6,21.718,2.29,0.043,11
2026-06-03 08:05,XRPUSDT,FLAT,1.0000,cascade_v2.5_dual_gate,1.2410,1.2410,,,,,0.015220,1.2315,1.1886,FLAT,0.9976,0,100,0,FLAT,0.3759,31,38,31,dual_gate_blocked,DOWN,0.66,-0.49,59.4,13.224,-0.00,0.060,11
2026-06-03 08:05,TRXUSDT,FLAT,1.0000,cascade_v2.5_dual_gate,0.333400,0.333400,,,,,0.00165670,0.335650,0.328560,SHORT,0.4614,46,26,28,FLAT,0.5302,23,53,24,dual_gate_blocked,DOWN,0.33,-0.32,47.7,12.185,-0.00,0.058,11
2026-06-03 08:05,TONUSDT,FLAT,1.0000,cascade_v2.5_dual_gate,2.0220,2.0220,,,,,0.043361,2.0306,1.9558,FLAT,0.8799,11,88,1,FLAT,0.6908,10,69,21,dual_gate_blocked,UP,0.68,-1.28,54.8,-2.739,1.91,0.050,11
2026-06-03 08:05,ETHUSDT,FLAT,1.0000,cascade_v2.5_dual_gate,1878.58,1878.58,,,,,20.5909,1918.00,1816.00,SHORT,0.6002,60,15,25,SHORT,0.4293,43,26,31,dual_gate_blocked,DOWN,0.37,-0.25,49.2,18.169,-0.00,0.032,11
2026-06-03 08:05,BNBUSDT,FLAT,1.0000,cascade_v2.5_dual_gate,644.7800,644.7800,,,,,7.3347,657.9000,631.0100,LONG,0.8539,11,3,85,FLAT,0.6663,9,67,24,dual_gate_blocked,DOWN,0.27,-1.46,41.9,18.848,-0.00,0.022,11
2026-06-03 08:05,1000PEPEUSDT,FLAT,1.0000,cascade_v2.5_dual_gate,0.00321190,0.00321190,,,,,0.00004981,0.00319150,0.00304370,FLAT,0.997,0,100,0,SHORT,0.4174,42,20,38,dual_gate_blocked,DOWN,0.56,-0.44,59.4,14.758,1.91,0.056,11
2026-06-03 08:05,POLUSDT,FLAT,1.0000,cascade_v2.5_dual_gate,0.093090,0.093090,,,,,0.00114973,0.091660,0.089310,FLAT,0.9996,0,100,0,LONG,0.361,31,33,36,dual_gate_blocked,UP,0.82,-0.86,65.3,8.212,-0.00,0.203,11
2026-06-03 08:05,NEARUSDT,FLAT,1.0000,cascade_v2.5_dual_gate,2.8730,2.8730,,,,,0.092598,2.8950,2.6260,LONG,0.6219,24,14,62,FLAT,0.3774,30,38,32,dual_gate_blocked,UP,0.95,-0.24,68.6,-0.283,2.87,0.043,11
2026-06-03 08:05,AVAXUSDT,FLAT,1.0000,cascade_v2.5_dual_gate,8.3140,8.3140,,,,,0.108313,8.3870,7.9880,FLAT,0.7528,24,75,1,FLAT,0.4864,25,49,27,dual_gate_blocked,DOWN,0.43,-0.24,53.6,15.239,-0.00,0.032,11
2026-06-03 08:05,SUIUSDT,FLAT,1.0000,cascade_v2.5_dual_gate,0.834800,0.834800,,,,,0.014350,0.835800,0.790700,FLAT,0.9805,2,98,0,FLAT,0.3574,34,36,31,dual_gate_blocked,DOWN,0.70,-0.52,59.3,10.279,1.82,0.053,11
2026-06-03 07:05,TAOUSDT,FLAT,1.0000,cascade_v2.5_dual_gate,234.1300,234.1300,,,,,5.0114,239.9200,219.8400,SHORT,0.5097,51,23,26,FLAT,0.3866,35,39,26,dual_gate_blocked,DOWN,0.46,-0.37,54.2,34.352,-0.00,0.100,11
2026-06-03 07:05,DOTUSDT,FLAT,1.0000,cascade_v2.5_dual_gate,1.1090,1.1090,,,,,0.018426,1.1110,1.0550,FLAT,0.897,10,90,0,FLAT,0.4409,27,44,29,dual_gate_blocked,DOWN,0.59,-0.27,59.1,36.506,1.95,0.082,11
2026-06-03 07:05,1000SHIBUSDT,FLAT,1.0000,cascade_v2.5_dual_gate,0.00527900,0.00527900,,,,,0.00006721,0.00529300,0.00513200,FLAT,0.84,16,84,0,SHORT,0.3645,36,27,36,dual_gate_blocked,DOWN,0.49,-0.68,52.4,21.184,-0.33,0.274,11
2026-06-03 07:05,ADAUSDT,FLAT,1.0000,cascade_v2.5_dual_gate,0.215900,0.215900,,,,,0.00304445,0.218200,0.207200,FLAT,0.7198,26,72,2,FLAT,0.368,33,37,30,dual_gate_blocked,DOWN,0.50,-0.30,54.6,35.213,-0.00,0.059,11
2026-06-03 07:05,ONDOUSDT,FLAT,1.0000,cascade_v2.5_dual_gate,0.416100,0.416100,,,,,0.013068,0.403000,0.376600,FLAT,0.998,0,100,0,LONG,0.3516,32,33,35,dual_gate_blocked,UP,0.94,-0.34,71.7,26.539,-0.00,0.061,11
2026-06-03 07:05,HBARUSDT,FLAT,1.0000,cascade_v2.5_dual_gate,0.088370,0.088370,,,,,0.00116241,0.088210,0.085060,FLAT,0.4339,35,43,22,SHORT,0.4233,42,27,31,dual_gate_blocked,DOWN,0.57,-0.64,59.3,39.089,1.92,0.055,11
2026-06-03 07:05,SOLUSDT,FLAT,1.0000,cascade_v2.5_dual_gate,74.8900,74.8900,,,,,1.0606,76.0300,72.2100,SHORT,0.5506,55,41,4,FLAT,0.6158,16,62,23,dual_gate_blocked,DOWN,0.35,-0.40,48.1,28.600,-0.00,0.052,11
2026-06-03 07:05,LINKUSDT,FLAT,1.0000,cascade_v2.5_dual_gate,8.5040,8.5040,,,,,0.115790,8.5850,8.1650,FLAT,0.6307,36,63,1,FLAT,0.4884,24,49,27,dual_gate_blocked,DOWN,0.48,-0.54,53.5,36.093,-0.00,0.070,11
2026-06-03 07:05,DOGEUSDT,FLAT,1.0000,cascade_v2.5_dual_gate,0.093960,0.093960,,,,,0.00118344,0.094900,0.090780,FLAT,0.6258,36,63,1,LONG,0.3997,31,29,40,dual_gate_blocked,DOWN,0.37,-0.46,50.7,30.798,-0.00,0.055,11
2026-06-03 07:05,ARBUSDT,FLAT,1.0000,cascade_v2.5_dual_gate,0.094700,0.094700,,,,,0.00185669,0.095400,0.089200,FLAT,0.8961,10,90,0,FLAT,0.3589,34,36,30,dual_gate_blocked,DOWN,0.57,-0.65,57.1,40.495,2.17,0.048,11
2026-06-03 07:05,XRPUSDT,FLAT,1.0000,cascade_v2.5_dual_gate,1.2404,1.2404,,,,,0.015895,1.2315,1.1886,FLAT,0.9937,1,99,0,FLAT,0.3951,31,40,30,dual_gate_blocked,DOWN,0.65,-0.34,59.7,30.937,-0.00,0.069,11
2026-06-03 07:05,TRXUSDT,FLAT,1.0000,cascade_v2.5_dual_gate,0.333590,0.333590,,,,,0.00184266,0.335650,0.328560,SHORT,0.3619,36,34,30,FLAT,0.6323,20,63,16,dual_gate_blocked,DOWN,0.35,-0.18,48.7,31.776,-0.00,0.089,11
2026-06-03 07:05,TONUSDT,FLAT,1.0000,cascade_v2.5_dual_gate,2.0263,2.0263,,,,,0.045156,2.0306,1.9558,FLAT,0.9418,6,94,0,FLAT,0.6538,12,65,23,dual_gate_blocked,UP,0.70,-1.14,56.2,15.510,1.86,0.047,11
2026-06-03 07:05,ETHUSDT,FLAT,1.0000,cascade_v2.5_dual_gate,1871.66,1871.66,,,,,22.2510,1918.00,1816.00,SHORT,0.4699,47,12,41,FLAT,0.3837,32,38,29,dual_gate_blocked,DOWN,0.32,-0.54,44.9,34.735,-0.00,0.092,11
2026-06-03 07:05,BNBUSDT,FLAT,1.0000,cascade_v2.5_dual_gate,643.4500,643.4500,,,,,8.0272,657.9000,631.0100,SHORT,0.478,48,5,47,FLAT,0.8799,2,88,10,dual_gate_blocked,DOWN,0.23,-1.80,39.7,23.547,-0.00,0.133,11
2026-06-03 07:05,1000PEPEUSDT,FLAT,1.0000,cascade_v2.5_dual_gate,0.00320870,0.00320870,,,,,0.00005279,0.00319150,0.00304370,FLAT,0.9906,1,99,0,LONG,0.4013,35,25,40,dual_gate_blocked,DOWN,0.55,-0.24,59.2,36.279,1.88,0.087,11
2026-06-03 07:05,POLUSDT,FLAT,1.0000,cascade_v2.5_dual_gate,0.093520,0.093520,,,,,0.00118056,0.091660,0.089310,FLAT,0.9996,0,100,0,LONG,0.3495,31,34,35,dual_gate_blocked,UP,0.90,-0.47,70.9,32.556,-0.00,0.089,11
2026-06-03 07:05,NEARUSDT,FLAT,1.0000,cascade_v2.5_dual_gate,2.8100,2.8100,,,,,0.096106,2.7750,2.6260,LONG,0.5122,26,23,51,FLAT,0.4423,28,44,28,dual_gate_blocked,UP,0.81,-0.88,62.7,9.411,2.73,0.043,11
2026-06-03 07:05,AVAXUSDT,FLAT,1.0000,cascade_v2.5_dual_gate,8.2760,8.2760,,,,,0.114443,8.3870,7.9880,SHORT,0.5284,53,44,3,FLAT,0.6572,14,66,20,dual_gate_blocked,DOWN,0.38,-0.41,49.9,28.680,-0.00,0.074,11
2026-06-03 07:05,SUIUSDT,FLAT,1.0000,cascade_v2.5_dual_gate,0.830700,0.830700,,,,,0.014689,0.835800,0.790700,FLAT,0.7901,21,79,0,FLAT,0.3734,33,37,30,dual_gate_blocked,DOWN,0.63,-0.42,57.1,31.645,1.66,0.080,11
2026-06-03 06:05,TAOUSDT,FLAT,1.0000,cascade_v2.5_dual_gate,232.8800,232.8800,,,,,5.2287,239.9200,219.8400,SHORT,0.5355,54,13,34,FLAT,0.4968,27,50,23,dual_gate_blocked,DOWN,0.40,-0.09,51.7,24.875,-0.00,0.089,11
2026-06-03 06:05,DOTUSDT,FLAT,1.0000,cascade_v2.5_dual_gate,1.1020,1.1020,,,,,0.018850,1.1110,1.0550,FLAT,0.8336,16,83,0,FLAT,0.5594,20,56,24,dual_gate_blocked,DOWN,0.52,-0.21,54.9,20.251,1.60,0.072,11
2026-06-03 06:05,1000SHIBUSDT,FLAT,1.0000,cascade_v2.5_dual_gate,0.00530900,0.00530900,,,,,0.00007136,0.00529300,0.00513200,FLAT,0.9876,1,99,0,FLAT,0.4176,37,42,21,dual_gate_blocked,DOWN,0.55,-0.22,57.1,13.785,1.18,0.101,11
2026-06-03 06:05,ADAUSDT,FLAT,1.0000,cascade_v2.5_dual_gate,0.214900,0.214900,,,,,0.00310565,0.218200,0.207200,FLAT,0.5368,42,54,4,FLAT,0.4262,26,43,31,dual_gate_blocked,DOWN,0.44,-0.13,50.8,23.325,-0.00,0.038,11
2026-06-03 06:05,ONDOUSDT,FLAT,1.0000,cascade_v2.5_dual_gate,0.408300,0.408300,,,,,0.012935,0.403000,0.376600,FLAT,0.9974,0,100,0,FLAT,0.3495,32,35,33,dual_gate_blocked,UP,0.95,-0.25,68.1,15.917,1.56,0.144,11
2026-06-03 06:05,HBARUSDT,FLAT,1.0000,cascade_v2.5_dual_gate,0.088220,0.088220,,,,,0.00115755,0.088210,0.085060,FLAT,0.5677,30,57,13,SHORT,0.3791,38,33,29,dual_gate_blocked,DOWN,0.54,-0.37,58.1,32.110,1.05,0.088,11
2026-06-03 06:05,SOLUSDT,FLAT,1.0000,cascade_v2.5_dual_gate,74.6600,74.6600,,,,,1.1197,75.0800,72.2100,FLAT,0.8141,18,81,0,FLAT,0.6995,12,70,18,dual_gate_blocked,DOWN,0.32,-0.38,45.6,16.171,1.97,0.041,11
2026-06-03 06:05,LINKUSDT,FLAT,1.0000,cascade_v2.5_dual_gate,8.5010,8.5010,,,,,0.120056,8.5850,8.1650,FLAT,0.6022,39,60,1,FLAT,0.5825,21,58,21,dual_gate_blocked,DOWN,0.47,-0.06,53.2,27.442,-0.00,0.064,11
2026-06-03 06:05,DOGEUSDT,FLAT,1.0000,cascade_v2.5_dual_gate,0.093860,0.093860,,,,,0.00125668,0.094900,0.090780,FLAT,0.58,40,58,2,SHORT,0.3606,36,35,29,dual_gate_blocked,DOWN,0.35,-0.26,49.6,23.314,-0.00,0.062,11
2026-06-03 06:05,ARBUSDT,FLAT,1.0000,cascade_v2.5_dual_gate,0.094100,0.094100,,,,,0.00181207,0.095400,0.089200,FLAT,0.7817,21,78,1,FLAT,0.3548,30,35,35,dual_gate_blocked,DOWN,0.51,-0.11,54.7,30.809,-0.00,0.083,11
2026-06-03 06:05,XRPUSDT,FLAT,1.0000,cascade_v2.5_dual_gate,1.2314,1.2314,,,,,0.015973,1.2315,1.1886,FLAT,0.9421,6,94,0,FLAT,0.3694,30,37,33,dual_gate_blocked,DOWN,0.52,-0.18,54.6,12.989,1.50,0.029,11
2026-06-03 06:05,TRXUSDT,FLAT,1.0000,cascade_v2.5_dual_gate,0.333080,0.333080,,,,,0.00188645,0.335650,0.335750,FLAT,0.9432,0,94,6,FLAT,0.9453,1,95,4,dual_gate_blocked,DOWN,0.31,-0.21,45.9,19.298,-0.00,0.034,11
2026-06-03 06:05,TONUSDT,FLAT,1.0000,cascade_v2.5_dual_gate,2.0357,2.0357,,,,,0.045352,2.0306,1.9558,FLAT,0.9821,2,98,0,FLAT,0.5997,17,60,23,dual_gate_blocked,UP,0.78,-0.38,59.2,6.592,2.09,0.046,11
2026-06-03 06:05,ETHUSDT,FLAT,1.0000,cascade_v2.5_dual_gate,1870.77,1870.77,,,,,23.4580,1918.00,1816.00,SHORT,0.5347,53,10,37,FLAT,0.4681,25,47,28,dual_gate_blocked,DOWN,0.32,-0.22,44.4,29.880,-0.00,0.039,11
2026-06-03 06:05,BNBUSDT,FLAT,1.0000,cascade_v2.5_dual_gate,646.2600,646.2600,,,,,8.0925,657.9000,631.0100,LONG,0.5167,43,5,52,FLAT,0.7946,6,79,14,dual_gate_blocked,DOWN,0.27,-1.44,40.9,17.938,-0.00,0.078,11
2026-06-03 06:05,1000PEPEUSDT,FLAT,1.0000,cascade_v2.5_dual_gate,0.00318100,0.00318100,,,,,0.00005276,0.00319150,0.00304370,FLAT,0.911,9,91,0,SHORT,0.3523,35,33,32,dual_gate_blocked,DOWN,0.45,-0.15,54.1,21.522,1.02,0.093,11
2026-06-03 06:05,POLUSDT,FLAT,1.0000,cascade_v2.5_dual_gate,0.093090,0.093090,,,,,0.00118588,0.091660,0.089310,FLAT,0.9993,0,100,0,LONG,0.3589,30,34,36,dual_gate_blocked,UP,0.95,-0.16,68.4,22.125,-0.00,0.124,11
2026-06-03 06:05,NEARUSDT,FLAT,1.0000,cascade_v2.5_dual_gate,2.8620,2.8620,,,,,0.099414,2.7750,2.6260,LONG,0.5933,24,17,59,FLAT,0.3835,32,38,30,dual_gate_blocked,UP,0.93,-0.33,72.0,12.157,-0.00,0.071,11
2026-06-03 06:05,AVAXUSDT,FLAT,1.0000,cascade_v2.5_dual_gate,8.2860,8.2860,,,,,0.121978,8.3870,7.9880,SHORT,0.5322,53,45,2,FLAT,0.6904,14,69,17,dual_gate_blocked,DOWN,0.39,-0.20,50.7,21.770,-0.00,0.050,11
2026-06-03 06:05,SUIUSDT,FLAT,1.0000,cascade_v2.5_dual_gate,0.829300,0.829300,,,,,0.015524,0.835800,0.790700,FLAT,0.8075,19,81,0,FLAT,0.3931,31,39,30,dual_gate_blocked,DOWN,0.57,-0.49,56.0,21.740,1.78,0.051,11
2026-06-03 05:05,TAOUSDT,FLAT,1.0000,cascade_v2.5_dual_gate,230.3400,230.3400,,,,,5.4991,239.9200,222.1300,SHORT,0.5356,54,9,38,FLAT,0.809,5,81,14,dual_gate_blocked,DOWN,0.30,-1.11,46.6,17.615,-0.00,0.189,11
2026-06-03 05:05,DOTUSDT,FLAT,1.0000,cascade_v2.5_dual_gate,1.1010,1.1010,,,,,0.020602,1.1110,1.0550,FLAT,0.8051,19,81,0,FLAT,0.69,14,69,17,dual_gate_blocked,DOWN,0.51,-0.05,54.4,19.000,1.47,0.220,11
2026-06-03 05:05,1000SHIBUSDT,FLAT,1.0000,cascade_v2.5_dual_gate,0.00528600,0.00528600,,,,,0.00007492,0.00529300,0.00508300,FLAT,0.9713,3,97,0,FLAT,0.3854,34,39,28,dual_gate_blocked,DOWN,0.50,-0.04,54.9,11.382,1.09,0.299,11
2026-06-03 05:05,ADAUSDT,FLAT,1.0000,cascade_v2.5_dual_gate,0.213900,0.213900,,,,,0.00337524,0.218200,0.209300,SHORT,0.4237,42,18,39,FLAT,0.519,20,52,28,dual_gate_blocked,DOWN,0.38,-0.80,47.3,14.562,-0.00,0.172,11
2026-06-03 05:05,ONDOUSDT,FLAT,1.0000,cascade_v2.5_dual_gate,0.401300,0.401300,,,,,0.013207,0.403000,0.378300,FLAT,0.9065,9,91,0,FLAT,0.389,28,39,33,dual_gate_blocked,UP,0.97,-0.06,65.7,2.288,1.77,0.209,11
2026-06-03 05:05,HBARUSDT,FLAT,1.0000,cascade_v2.5_dual_gate,0.088090,0.088090,,,,,0.00124261,0.088210,0.085780,FLAT,0.925,7,93,0,FLAT,0.583,19,58,23,dual_gate_blocked,DOWN,0.52,-0.06,57.1,27.212,1.12,0.731,11
2026-06-03 05:05,SOLUSDT,FLAT,1.0000,cascade_v2.5_dual_gate,74.5600,74.5600,,,,,1.2368,76.0300,72.6700,SHORT,0.5618,56,25,18,FLAT,0.8893,3,89,8,dual_gate_blocked,DOWN,0.31,-0.85,44.6,12.441,-0.00,0.181,11
2026-06-03 05:05,LINKUSDT,FLAT,1.0000,cascade_v2.5_dual_gate,8.4440,8.4440,,,,,0.129726,8.5850,8.2380,SHORT,0.5628,56,30,14,FLAT,0.8936,3,89,7,dual_gate_blocked,DOWN,0.39,-0.68,48.2,19.403,-0.00,0.272,11
2026-06-03 05:05,DOGEUSDT,FLAT,1.0000,cascade_v2.5_dual_gate,0.093690,0.093690,,,,,0.00134694,0.094900,0.091120,SHORT,0.5643,56,41,2,FLAT,0.4243,32,42,25,dual_gate_blocked,DOWN,0.33,-0.40,48.2,19.085,-0.00,0.282,11
2026-06-03 05:05,ARBUSDT,FLAT,1.0000,cascade_v2.5_dual_gate,0.092500,0.092500,,,,,0.00185598,0.095400,0.090800,LONG,0.5529,7,37,55,FLAT,0.8367,5,84,11,dual_gate_blocked,DOWN,0.32,-1.02,44.7,19.916,-0.00,0.156,11
2026-06-03 05:05,XRPUSDT,FLAT,1.0000,cascade_v2.5_dual_gate,1.2271,1.2271,,,,,0.017457,1.2315,1.1926,FLAT,0.8628,14,86,0,LONG,0.3439,32,34,34,dual_gate_blocked,DOWN,0.46,-0.23,52.3,8.385,1.46,0.194,11
2026-06-03 05:05,TRXUSDT,FLAT,1.0000,cascade_v2.5_dual_gate,0.332740,0.332740,,,,,0.00206950,0.335650,0.335750,FLAT,0.9823,0,98,2,FLAT,0.9317,2,93,5,dual_gate_blocked,DOWN,0.29,-1.40,43.9,18.874,-0.00,0.387,11
2026-06-03 05:05,TONUSDT,FLAT,1.0000,cascade_v2.5_dual_gate,2.0261,2.0261,,,,,0.045759,2.0306,1.9290,FLAT,0.9721,3,97,0,FLAT,0.636,14,64,22,dual_gate_blocked,DOWN,0.68,-0.10,58.5,4.755,1.63,0.091,11
2026-06-03 05:05,ETHUSDT,FLAT,1.0000,cascade_v2.5_dual_gate,1863.61,1863.61,,,,,24.9823,1918.00,1837.01,LONG,0.4878,5,46,49,FLAT,0.7266,9,73,19,dual_gate_blocked,DOWN,0.27,-1.82,40.3,23.328,-0.00,0.224,11
2026-06-03 05:05,BNBUSDT,FLAT,1.0000,cascade_v2.5_dual_gate,639.9100,639.9100,,,,,8.3125,663.7300,642.4900,FLAT,0.9837,0,98,2,FLAT,0.873,2,87,10,dual_gate_blocked,DOWN,0.16,-2.44,29.5,1.638,-1.30,0.241,11
2026-06-03 05:05,1000PEPEUSDT,FLAT,1.0000,cascade_v2.5_dual_gate,0.00317020,0.00317020,,,,,0.00005773,0.00319150,0.00304080,FLAT,0.8612,14,86,0,FLAT,0.5101,33,51,16,dual_gate_blocked,DOWN,0.42,-0.03,52.3,17.561,1.49,0.247,11
2026-06-03 05:05,POLUSDT,FLAT,1.0000,cascade_v2.5_dual_gate,0.091980,0.091980,,,,,0.00118483,0.091660,0.088660,FLAT,0.994,1,99,0,FLAT,0.369,31,37,32,dual_gate_blocked,DOWN,0.72,-0.06,61.6,13.265,0.66,0.326,11
2026-06-03 05:05,NEARUSDT,FLAT,1.0000,cascade_v2.5_dual_gate,2.8610,2.8610,,,,,0.106380,2.7750,2.5340,LONG,0.5302,35,12,53,FLAT,0.3853,32,39,29,dual_gate_blocked,UP,0.99,-0.05,72.1,10.541,-0.00,0.148,11
2026-06-03 05:05,AVAXUSDT,FLAT,1.0000,cascade_v2.5_dual_gate,8.2540,8.2540,,,,,0.131236,8.3870,8.0200,SHORT,0.589,59,36,5,FLAT,0.8757,4,88,8,dual_gate_blocked,DOWN,0.35,-0.54,47.8,14.317,-0.00,0.148,11
2026-06-03 05:05,SUIUSDT,FLAT,1.0000,cascade_v2.5_dual_gate,0.831100,0.831100,,,,,0.016727,0.835800,0.790800,FLAT,0.8748,12,87,0,FLAT,0.4355,29,44,28,dual_gate_blocked,DOWN,0.60,-0.04,57.7,18.388,1.07,0.444,11
2026-06-03 04:05,TAOUSDT,FLAT,1.0000,cascade_v2.5_dual_gate,223.8800,223.8800,,,,,5.2642,239.9200,222.1300,FLAT,0.8703,0,87,13,FLAT,0.9334,1,93,5,dual_gate_blocked,DOWN,0.12,-3.05,29.3,6.049,-1.31,0.202,11
2026-06-03 04:05,DOTUSDT,FLAT,1.0000,cascade_v2.5_dual_gate,1.0780,1.0780,,,,,0.020151,1.1110,1.0550,LONG,0.5181,1,47,52,FLAT,0.8794,3,88,9,dual_gate_blocked,DOWN,0.25,-1.64,38.7,6.945,-0.00,0.184,11
2026-06-03 04:05,1000SHIBUSDT,FLAT,1.0000,cascade_v2.5_dual_gate,0.00519900,0.00519900,,,,,0.00007245,0.00529300,0.00508300,LONG,0.4331,41,16,43,LONG,0.3791,25,37,38,dual_gate_blocked,DOWN,0.28,-1.30,41.3,1.028,-0.00,0.122,11
2026-06-03 04:05,ADAUSDT,FLAT,1.0000,cascade_v2.5_dual_gate,0.211000,0.211000,,,,,0.00338066,0.218200,0.209300,FLAT,0.6485,0,65,35,FLAT,0.866,4,87,10,dual_gate_blocked,DOWN,0.20,-2.13,34.3,2.974,-0.00,0.134,11
2026-06-03 04:05,ONDOUSDT,FLAT,1.0000,cascade_v2.5_dual_gate,0.386700,0.386700,,,,,0.012862,0.403000,0.378300,FLAT,0.6081,2,61,37,FLAT,0.5421,18,54,27,dual_gate_blocked,UP,0.70,-1.27,54.4,-6.573,-0.00,0.098,11
2026-06-03 04:05,HBARUSDT,FLAT,1.0000,cascade_v2.5_dual_gate,0.086020,0.086020,,,,,0.00109030,0.088210,0.085780,LONG,0.5911,23,18,59,FLAT,0.8992,3,90,7,dual_gate_blocked,DOWN,0.14,-2.01,32.4,-0.598,-1.74,0.135,11
2026-06-03 04:05,SOLUSDT,FLAT,1.0000,cascade_v2.5_dual_gate,73.4800,73.4800,,,,,1.2555,76.0300,72.6700,FLAT,0.5757,0,58,42,FLAT,0.9411,1,94,5,dual_gate_blocked,DOWN,0.15,-2.03,32.2,-0.656,-0.00,0.180,11
2026-06-03 04:05,LINKUSDT,FLAT,1.0000,cascade_v2.5_dual_gate,8.3160,8.3160,,,,,0.128925,8.5850,8.2380,FLAT,0.6823,0,68,31,FLAT,0.9412,1,94,5,dual_gate_blocked,DOWN,0.19,-2.09,33.3,8.809,-0.00,0.164,11
2026-06-03 04:05,DOGEUSDT,FLAT,1.0000,cascade_v2.5_dual_gate,0.092350,0.092350,,,,,0.00135550,0.094900,0.091120,LONG,0.537,1,46,54,LONG,0.4139,27,31,41,dual_gate_blocked,DOWN,0.16,-1.88,33.0,3.454,-0.00,0.168,11
2026-06-03 04:05,ARBUSDT,FLAT,1.0000,cascade_v2.5_dual_gate,0.090700,0.090700,,,,,0.00182562,0.095400,0.090800,FLAT,0.9513,0,95,5,FLAT,0.9274,2,93,6,dual_gate_blocked,DOWN,0.13,-2.57,29.1,-0.268,-2.16,0.138,11
2026-06-03 04:05,XRPUSDT,FLAT,1.0000,cascade_v2.5_dual_gate,1.2100,1.2100,,,,,0.017726,1.2315,1.1926,LONG,0.6133,4,35,61,FLAT,0.5628,15,56,29,dual_gate_blocked,DOWN,0.23,-1.21,40.7,-3.666,-0.00,0.180,11
2026-06-03 04:05,TRXUSDT,FLAT,1.0000,cascade_v2.5_dual_gate,0.329140,0.329140,,,,,0.00187014,0.335650,0.335750,FLAT,1.0,0,100,0,FLAT,0.9655,1,97,3,dual_gate_blocked,DOWN,0.04,-3.48,16.6,-10.746,0.00,0.495,11
2026-06-03 04:05,TONUSDT,FLAT,1.0000,cascade_v2.5_dual_gate,1.9859,1.9859,,,,,0.046547,2.0306,1.9290,FLAT,0.7965,16,80,4,FLAT,0.7805,5,78,17,dual_gate_blocked,DOWN,0.44,-0.96,48.3,-6.542,-0.00,0.070,11
2026-06-03 04:05,ETHUSDT,FLAT,1.0000,cascade_v2.5_dual_gate,1842.55,1842.55,,,,,25.4259,1918.00,1837.01,FLAT,0.922,0,92,8,FLAT,0.8552,4,86,11,dual_gate_blocked,DOWN,0.14,-2.68,25.2,7.596,-1.67,0.179,11
2026-06-03 04:05,BNBUSDT,FLAT,1.0000,cascade_v2.5_dual_gate,638.6900,638.6900,,,,,8.6922,663.7300,642.4900,FLAT,0.9891,0,99,1,FLAT,0.8934,2,89,9,dual_gate_blocked,DOWN,0.13,-2.88,26.3,-6.731,-1.50,0.264,11
2026-06-03 04:05,1000PEPEUSDT,FLAT,1.0000,cascade_v2.5_dual_gate,0.00310000,0.00310000,,,,,0.00005609,0.00319150,0.00304080,FLAT,0.5023,1,50,49,LONG,0.4267,27,30,43,dual_gate_blocked,DOWN,0.18,-1.63,35.8,2.811,-0.00,0.134,11
2026-06-03 04:05,POLUSDT,FLAT,1.0000,cascade_v2.5_dual_gate,0.090490,0.090490,,,,,0.00113501,0.091660,0.088660,SHORT,0.4883,49,45,6,FLAT,0.5148,22,51,27,dual_gate_blocked,DOWN,0.39,-1.03,47.8,-0.986,-0.00,0.087,11
2026-06-03 04:05,NEARUSDT,FLAT,1.0000,cascade_v2.5_dual_gate,2.7330,2.7330,,,,,0.101895,2.7750,2.5340,SHORT,0.5448,54,18,28,FLAT,0.5419,21,54,25,dual_gate_blocked,UP,0.87,-0.41,60.7,-0.748,2.82,0.145,11
2026-06-03 04:05,AVAXUSDT,FLAT,1.0000,cascade_v2.5_dual_gate,8.1410,8.1410,,,,,0.132780,8.3870,8.0200,FLAT,0.503,1,50,49,FLAT,0.9316,2,93,5,dual_gate_blocked,DOWN,0.18,-1.85,35.3,6.169,-0.00,0.161,11
2026-06-03 04:05,SUIUSDT,FLAT,1.0000,cascade_v2.5_dual_gate,0.808000,0.808000,,,,,0.015769,0.835800,0.790800,LONG,0.632,1,36,63,FLAT,0.6076,17,61,22,dual_gate_blocked,DOWN,0.23,-1.76,40.2,1.734,-0.00,0.167,11
2026-06-03 03:05,TAOUSDT,FLAT,1.0000,cascade_v2.5_dual_gate,227.2600,227.2600,,,,,4.7197,239.9200,222.1300,LONG,0.5027,22,28,50,FLAT,0.8902,2,89,8,dual_gate_blocked,DOWN,0.16,-2.68,27.8,8.348,-0.00,0.057,11
2026-06-03 03:05,DOTUSDT,FLAT,1.0000,cascade_v2.5_dual_gate,1.0880,1.0880,,,,,0.016656,1.1110,1.0550,LONG,0.5622,36,8,56,FLAT,0.7777,8,78,14,dual_gate_blocked,DOWN,0.33,-1.38,37.6,11.944,-0.00,0.066,11
2026-06-03 03:05,1000SHIBUSDT,FLAT,1.0000,cascade_v2.5_dual_gate,0.00524100,0.00524100,,,,,0.00006190,0.00529300,0.00508300,FLAT,0.5057,48,51,1,SHORT,0.4124,41,28,31,dual_gate_blocked,DOWN,0.36,-0.84,43.9,13.729,-0.00,0.030,11
2026-06-03 03:05,ADAUSDT,FLAT,1.0000,cascade_v2.5_dual_gate,0.212600,0.212600,,,,,0.00284948,0.218200,0.209300,LONG,0.5379,0,46,54,FLAT,0.5973,17,60,23,dual_gate_blocked,DOWN,0.17,-1.97,30.7,4.830,-0.00,0.052,11
2026-06-03 03:05,ONDOUSDT,FLAT,1.0000,cascade_v2.5_dual_gate,0.383900,0.383900,,,,,0.012176,0.403000,0.378300,FLAT,0.6033,1,60,39,FLAT,0.5311,18,53,29,dual_gate_blocked,UP,0.65,-1.57,51.0,-8.603,-1.88,0.042,11
2026-06-03 03:05,HBARUSDT,FLAT,1.0000,cascade_v2.5_dual_gate,0.086320,0.086320,,,,,0.00096891,0.088210,0.085780,LONG,0.5773,22,20,58,FLAT,0.861,4,86,10,dual_gate_blocked,DOWN,0.08,-1.95,27.0,-1.253,-0.00,0.048,11
2026-06-03 03:05,SOLUSDT,FLAT,1.0000,cascade_v2.5_dual_gate,74.4400,74.4400,,,,,1.0293,76.0300,72.6700,LONG,0.6055,33,6,61,FLAT,0.8875,3,89,8,dual_gate_blocked,DOWN,0.21,-1.54,31.0,8.218,-0.00,0.031,11
2026-06-03 03:05,LINKUSDT,FLAT,1.0000,cascade_v2.5_dual_gate,8.3820,8.3820,,,,,0.106769,8.5850,8.2380,LONG,0.4682,41,12,47,FLAT,0.9156,2,92,6,dual_gate_blocked,DOWN,0.18,-1.90,28.6,7.361,-0.00,0.051,11
2026-06-03 03:05,DOGEUSDT,FLAT,1.0000,cascade_v2.5_dual_gate,0.092790,0.092790,,,,,0.00117932,0.094900,0.091120,LONG,0.5273,33,14,53,LONG,0.4129,33,26,41,dual_gate_blocked,DOWN,0.17,-1.79,27.9,5.491,-0.00,0.033,11
2026-06-03 03:05,ARBUSDT,FLAT,1.0000,cascade_v2.5_dual_gate,0.091700,0.091700,,,,,0.00161520,0.095400,0.090800,FLAT,0.5424,0,54,46,FLAT,0.9013,3,90,7,dual_gate_blocked,DOWN,0.08,-2.29,23.9,-5.471,-0.00,0.034,11
2026-06-03 03:05,XRPUSDT,FLAT,1.0000,cascade_v2.5_dual_gate,1.2211,1.2211,,,,,0.013881,1.2315,1.1926,FLAT,0.5747,40,57,2,FLAT,0.5007,20,50,30,dual_gate_blocked,DOWN,0.29,-0.75,43.0,10.222,-0.00,0.028,11
2026-06-03 03:05,TRXUSDT,FLAT,1.0000,cascade_v2.5_dual_gate,0.332570,0.332570,,,,,0.00162995,0.335650,0.331080,LONG,0.6029,0,39,60,FLAT,0.9125,3,91,6,dual_gate_blocked,DOWN,0.12,-1.89,28.0,8.431,-0.00,0.062,11
2026-06-03 03:05,TONUSDT,FLAT,1.0000,cascade_v2.5_dual_gate,2.0063,2.0063,,,,,0.042165,2.0560,1.9290,FLAT,0.5683,41,57,2,FLAT,0.6786,10,68,22,dual_gate_blocked,DOWN,0.49,-0.58,54.0,10.675,-0.00,0.062,11
2026-06-03 03:05,ETHUSDT,FLAT,1.0000,cascade_v2.5_dual_gate,1854.21,1854.21,,,,,21.7227,1918.00,1837.01,FLAT,0.735,0,74,26,FLAT,0.8188,5,82,14,dual_gate_blocked,DOWN,0.10,-2.94,15.6,6.658,-0.00,0.028,11
2026-06-03 03:05,BNBUSDT,FLAT,1.0000,cascade_v2.5_dual_gate,646.0500,646.0500,,,,,7.2358,663.7300,642.4900,FLAT,0.7218,0,72,28,FLAT,0.9352,1,94,5,dual_gate_blocked,DOWN,0.07,-2.44,25.4,3.269,-1.35,0.081,11
2026-06-03 03:05,1000PEPEUSDT,FLAT,1.0000,cascade_v2.5_dual_gate,0.00312830,0.00312830,,,,,0.00004791,0.00319150,0.00304080,LONG,0.5474,35,10,55,LONG,0.4106,37,22,41,dual_gate_blocked,DOWN,0.24,-1.32,33.8,7.238,-0.00,0.028,11
2026-06-03 03:05,POLUSDT,FLAT,1.0000,cascade_v2.5_dual_gate,0.090500,0.090500,,,,,0.00102358,0.091660,0.088660,SHORT,0.4481,45,43,12,FLAT,0.4805,25,48,27,dual_gate_blocked,DOWN,0.36,-1.13,45.7,2.891,-0.00,0.038,11
2026-06-03 03:05,NEARUSDT,FLAT,1.0000,cascade_v2.5_dual_gate,2.7500,2.7500,,,,,0.095592,2.7750,2.5340,LONG,0.5327,27,20,53,FLAT,0.4667,25,47,28,dual_gate_blocked,UP,0.92,-0.26,64.1,14.275,2.37,0.167,11
2026-06-03 03:05,AVAXUSDT,FLAT,1.0000,cascade_v2.5_dual_gate,8.1960,8.1960,,,,,0.111957,8.3870,8.0200,SHORT,0.5166,52,6,42,FLAT,0.9009,3,90,7,dual_gate_blocked,DOWN,0.20,-1.71,31.9,8.891,-0.00,0.073,11
2026-06-03 03:05,SUIUSDT,FLAT,1.0000,cascade_v2.5_dual_gate,0.811700,0.811700,,,,,0.013532,0.835800,0.790800,LONG,0.4874,46,5,49,FLAT,0.5751,19,58,24,dual_gate_blocked,DOWN,0.24,-1.78,36.3,8.178,-0.00,0.021,11
2026-06-03 02:05,TAOUSDT,FLAT,1.0000,cascade_v2.5_dual_gate,227.6700,227.6700,,,,,5.0889,239.9200,222.1300,LONG,0.4299,38,19,43,FLAT,0.8958,2,90,8,dual_gate_blocked,DOWN,0.17,-2.41,27.7,8.040,-0.00,0.057,11
2026-06-03 02:05,DOTUSDT,FLAT,1.0000,cascade_v2.5_dual_gate,1.0860,1.0860,,,,,0.018223,1.1110,1.0550,SHORT,0.5079,51,5,44,FLAT,0.8534,5,85,10,dual_gate_blocked,DOWN,0.31,-1.37,34.7,13.932,-0.00,0.057,11
2026-06-03 02:05,1000SHIBUSDT,FLAT,1.0000,cascade_v2.5_dual_gate,0.00522800,0.00522800,,,,,0.00006926,0.00529300,0.00508300,FLAT,0.5277,46,53,2,SHORT,0.3819,38,24,38,dual_gate_blocked,DOWN,0.33,-0.94,41.5,23.728,-0.00,0.051,11
2026-06-03 02:05,ADAUSDT,FLAT,1.0000,cascade_v2.5_dual_gate,0.213700,0.213700,,,,,0.00299761,0.218200,0.209300,SHORT,0.5185,52,7,41,FLAT,0.5803,18,58,24,dual_gate_blocked,DOWN,0.23,-1.50,32.3,10.515,-0.00,0.033,11
2026-06-03 02:05,ONDOUSDT,FLAT,1.0000,cascade_v2.5_dual_gate,0.392300,0.392300,,,,,0.012682,0.403000,0.378300,FLAT,0.9443,5,94,0,FLAT,0.4031,26,40,34,dual_gate_blocked,UP,0.81,-0.84,62.4,1.051,-0.00,0.044,11
2026-06-03 02:05,HBARUSDT,FLAT,1.0000,cascade_v2.5_dual_gate,0.086810,0.086810,,,,,0.00105858,0.088210,0.085780,LONG,0.5762,28,15,58,FLAT,0.8612,5,86,9,dual_gate_blocked,DOWN,0.15,-1.32,31.4,15.898,-0.00,0.037,11
2026-06-03 02:05,SOLUSDT,FLAT,1.0000,cascade_v2.5_dual_gate,74.7300,74.7300,,,,,1.1219,76.0300,72.6700,SHORT,0.4888,49,17,34,FLAT,0.8551,4,86,10,dual_gate_blocked,DOWN,0.25,-1.32,32.9,20.684,-0.00,0.040,11
2026-06-03 02:05,LINKUSDT,FLAT,1.0000,cascade_v2.5_dual_gate,8.4010,8.4010,,,,,0.115472,8.5850,8.2380,SHORT,0.5988,60,8,32,FLAT,0.9284,2,93,5,dual_gate_blocked,DOWN,0.21,-1.59,28.3,12.044,-0.00,0.057,11
2026-06-03 02:05,DOGEUSDT,FLAT,1.0000,cascade_v2.5_dual_gate,0.093120,0.093120,,,,,0.00127685,0.094900,0.091120,SHORT,0.487,49,8,43,LONG,0.4329,29,28,43,dual_gate_blocked,DOWN,0.20,-1.39,29.1,15.502,-0.00,0.056,11
2026-06-03 02:05,ARBUSDT,FLAT,1.0000,cascade_v2.5_dual_gate,0.091900,0.091900,,,,,0.00176421,0.095400,0.090800,FLAT,0.503,0,50,49,FLAT,0.9105,2,91,7,dual_gate_blocked,DOWN,0.10,-1.98,24.8,6.695,-0.00,0.107,11
2026-06-03 02:05,XRPUSDT,FLAT,1.0000,cascade_v2.5_dual_gate,1.2228,1.2228,,,,,0.015128,1.2315,1.1926,FLAT,0.5172,47,52,1,FLAT,0.5502,19,55,26,dual_gate_blocked,DOWN,0.31,-0.58,43.8,23.412,-0.00,0.049,11
2026-06-03 02:05,TRXUSDT,FLAT,1.0000,cascade_v2.5_dual_gate,0.332580,0.332580,,,,,0.00178143,0.335650,0.335750,FLAT,0.9795,0,98,2,FLAT,0.9401,1,94,5,dual_gate_blocked,DOWN,0.12,-2.44,27.9,6.517,-0.00,0.024,11
2026-06-03 02:05,TONUSDT,FLAT,1.0000,cascade_v2.5_dual_gate,2.0032,2.0032,,,,,0.044963,2.0560,1.9290,SHORT,0.4848,48,48,3,FLAT,0.527,18,53,29,dual_gate_blocked,DOWN,0.45,-0.61,52.8,15.877,-0.00,0.085,11
2026-06-03 02:05,ETHUSDT,FLAT,1.0000,cascade_v2.5_dual_gate,1861.99,1861.99,,,,,23.8210,1918.00,1837.01,FLAT,0.6051,0,61,39,FLAT,0.804,5,80,15,dual_gate_blocked,DOWN,0.15,-2.35,16.5,6.472,-0.00,0.072,11
2026-06-03 02:05,BNBUSDT,FLAT,1.0000,cascade_v2.5_dual_gate,650.6300,650.6300,,,,,7.5479,663.7300,642.4900,LONG,0.5923,0,40,59,FLAT,0.8187,3,82,15,dual_gate_blocked,DOWN,0.15,-1.74,28.3,13.510,-0.00,0.029,11
2026-06-03 02:05,1000PEPEUSDT,FLAT,1.0000,cascade_v2.5_dual_gate,0.00313210,0.00313210,,,,,0.00005255,0.00319150,0.00304080,SHORT,0.564,56,36,8,LONG,0.398,38,22,40,dual_gate_blocked,DOWN,0.25,-1.13,33.9,18.931,-0.00,0.042,11
2026-06-03 02:05,POLUSDT,FLAT,1.0000,cascade_v2.5_dual_gate,0.090550,0.090550,,,,,0.00113613,0.091660,0.088660,FLAT,0.472,46,47,6,FLAT,0.4396,26,44,30,dual_gate_blocked,DOWN,0.37,-0.98,46.3,14.792,-0.00,0.047,11
2026-06-03 02:05,NEARUSDT,FLAT,1.0000,cascade_v2.5_dual_gate,2.7220,2.7220,,,,,0.100411,2.7750,2.5340,SHORT,0.4379,44,16,41,FLAT,0.5198,21,52,27,dual_gate_blocked,UP,0.83,-0.53,60.9,11.240,-0.00,0.043,11
2026-06-03 02:05,AVAXUSDT,FLAT,1.0000,cascade_v2.5_dual_gate,8.2310,8.2310,,,,,0.118104,8.3870,8.0200,SHORT,0.5844,58,7,34,FLAT,0.9001,3,90,7,dual_gate_blocked,DOWN,0.24,-1.32,32.9,19.014,-0.00,0.104,11
2026-06-03 02:05,SUIUSDT,FLAT,1.0000,cascade_v2.5_dual_gate,0.816200,0.816200,,,,,0.014653,0.835800,0.790800,LONG,0.5424,42,4,54,FLAT,0.5559,20,56,24,dual_gate_blocked,DOWN,0.29,-1.34,39.0,16.495,-0.00,0.043,11
2026-06-03 01:05,TAOUSDT,FLAT,1.0000,cascade_v2.5_dual_gate,226.8200,226.8200,,,,,5.3805,245.4800,235.5900,SHORT,0.6474,65,27,8,FLAT,0.9407,1,94,5,dual_gate_blocked,DOWN,0.14,-3.39,23.1,-8.607,-0.00,0.060,11
2026-06-03 01:05,DOTUSDT,FLAT,1.0000,cascade_v2.5_dual_gate,1.0830,1.0830,,,,,0.019324,1.1220,1.0810,FLAT,0.8828,1,88,11,FLAT,0.9242,2,92,6,dual_gate_blocked,DOWN,0.28,-1.91,31.2,-2.622,-1.44,0.108,11
2026-06-03 01:05,1000SHIBUSDT,FLAT,1.0000,cascade_v2.5_dual_gate,0.00521900,0.00521900,,,,,0.00007213,0.00535000,0.00522400,FLAT,0.9431,0,94,5,LONG,0.3658,31,32,37,dual_gate_blocked,DOWN,0.31,-1.50,39.5,10.323,-1.07,0.127,11
2026-06-03 01:05,ADAUSDT,FLAT,1.0000,cascade_v2.5_dual_gate,0.213600,0.213600,,,,,0.00313365,0.219200,0.213400,FLAT,0.8921,1,89,10,FLAT,0.8235,5,82,13,dual_gate_blocked,DOWN,0.22,-1.79,31.3,-2.429,-1.77,0.069,11
2026-06-03 01:05,ONDOUSDT,FLAT,1.0000,cascade_v2.5_dual_gate,0.390300,0.390300,,,,,0.013464,0.403000,0.360700,FLAT,0.5512,44,55,1,FLAT,0.3717,29,37,33,dual_gate_blocked,UP,0.78,-0.94,61.1,-12.777,-0.00,0.053,11
2026-06-03 01:05,HBARUSDT,FLAT,1.0000,cascade_v2.5_dual_gate,0.086920,0.086920,,,,,0.00111949,0.089360,0.091870,SHORT,0.501,50,18,32,FLAT,0.9248,2,92,6,dual_gate_blocked,DOWN,0.16,-1.60,31.5,5.338,-0.00,0.079,11
2026-06-03 01:05,SOLUSDT,FLAT,1.0000,cascade_v2.5_dual_gate,74.8900,74.8900,,,,,1.1739,77.6300,75.4400,FLAT,0.9878,0,99,1,FLAT,0.9567,1,96,4,dual_gate_blocked,DOWN,0.27,-1.82,34.7,13.480,-2.17,0.047,11
2026-06-03 01:05,LINKUSDT,FLAT,1.0000,cascade_v2.5_dual_gate,8.3980,8.3980,,,,,0.123617,8.7380,8.4750,FLAT,0.9947,0,99,0,FLAT,0.9623,1,96,3,dual_gate_blocked,DOWN,0.20,-2.22,27.0,0.401,-0.00,0.050,11
2026-06-03 01:05,DOGEUSDT,FLAT,1.0000,cascade_v2.5_dual_gate,0.093050,0.093050,,,,,0.00133401,0.096310,0.093500,FLAT,0.9902,0,99,1,LONG,0.4279,28,29,43,dual_gate_blocked,DOWN,0.20,-2.11,28.7,6.810,-1.84,0.057,11
2026-06-03 01:05,ARBUSDT,FLAT,1.0000,cascade_v2.5_dual_gate,0.092600,0.092600,,,,,0.00182537,0.096700,0.092300,FLAT,0.8354,0,84,16,FLAT,0.8731,3,87,9,dual_gate_blocked,DOWN,0.17,-2.25,28.2,-1.135,-2.28,0.048,11
2026-06-03 01:05,XRPUSDT,FLAT,1.0000,cascade_v2.5_dual_gate,1.2261,1.2261,,,,,0.015856,1.2430,1.1926,FLAT,0.4979,47,50,3,FLAT,0.5214,20,52,28,dual_gate_blocked,DOWN,0.35,-0.86,46.5,13.868,-0.00,0.077,11
2026-06-03 01:05,TRXUSDT,FLAT,1.0000,cascade_v2.5_dual_gate,0.333100,0.333100,,,,,0.00187878,0.338650,0.335750,FLAT,0.9759,0,98,2,FLAT,0.9264,2,93,6,dual_gate_blocked,DOWN,0.17,-2.53,29.0,0.487,-0.00,0.034,11
2026-06-03 01:05,TONUSDT,FLAT,1.0000,cascade_v2.5_dual_gate,2.0116,2.0116,,,,,0.046841,2.0560,1.9221,FLAT,0.6947,29,69,1,FLAT,0.3683,30,37,33,dual_gate_blocked,DOWN,0.49,-0.16,55.5,7.221,-0.00,0.076,11
2026-06-03 01:05,ETHUSDT,FLAT,1.0000,cascade_v2.5_dual_gate,1865.72,1865.72,,,,,24.3827,1944.65,1888.00,FLAT,0.9981,0,100,0,FLAT,0.9051,2,91,8,dual_gate_blocked,DOWN,0.17,-2.53,17.4,1.350,-0.00,0.061,11
2026-06-03 01:05,BNBUSDT,FLAT,1.0000,cascade_v2.5_dual_gate,655.3000,655.3000,,,,,7.6072,672.0000,642.4900,SHORT,0.6453,65,5,30,FLAT,0.8285,4,83,13,dual_gate_blocked,DOWN,0.24,-1.69,33.9,9.535,-0.00,0.046,11
2026-06-03 01:05,1000PEPEUSDT,FLAT,1.0000,cascade_v2.5_dual_gate,0.00313460,0.00313460,,,,,0.00005589,0.00324900,0.00313420,FLAT,0.9275,1,93,7,LONG,0.4185,36,22,42,dual_gate_blocked,DOWN,0.25,-1.91,34.1,11.010,-1.89,0.064,11
2026-06-03 01:05,POLUSDT,FLAT,1.0000,cascade_v2.5_dual_gate,0.090690,0.090690,,,,,0.00117943,0.091760,0.088720,FLAT,0.4879,47,49,4,FLAT,0.5192,21,52,27,dual_gate_blocked,DOWN,0.40,-0.82,48.0,0.998,-0.00,0.058,11
2026-06-03 01:05,NEARUSDT,FLAT,1.0000,cascade_v2.5_dual_gate,2.7340,2.7340,,,,,0.109726,2.7750,2.4540,LONG,0.5527,31,13,55,FLAT,0.4677,26,47,27,dual_gate_blocked,UP,0.87,-0.37,62.4,7.259,2.49,0.200,11
2026-06-03 01:05,AVAXUSDT,FLAT,1.0000,cascade_v2.5_dual_gate,8.2320,8.2320,,,,,0.128120,8.5010,8.2570,FLAT,0.9826,0,98,2,FLAT,0.9567,1,96,4,dual_gate_blocked,DOWN,0.24,-1.89,32.5,9.255,-1.87,0.069,11
2026-06-03 01:05,SUIUSDT,FLAT,1.0000,cascade_v2.5_dual_gate,0.817700,0.817700,,,,,0.015449,0.840600,0.808600,LONG,0.6296,2,35,63,FLAT,0.6394,14,64,22,dual_gate_blocked,DOWN,0.31,-1.30,40.7,4.725,-0.00,0.073,11
2026-06-03 00:05,TAOUSDT,FLAT,1.0000,cascade_v2.5_dual_gate,225.7300,225.7300,,,,,5.6053,245.4800,235.5900,FLAT,0.9989,0,100,0,FLAT,0.9551,1,96,4,dual_gate_blocked,DOWN,0.11,-3.44,19.2,-16.634,-0.00,0.144,23
2026-06-03 00:05,DOTUSDT,FLAT,1.0000,cascade_v2.5_dual_gate,1.0780,1.0780,,,,,0.020574,1.1220,1.0810,FLAT,0.9779,0,98,2,FLAT,0.9343,1,93,5,dual_gate_blocked,DOWN,0.23,-2.14,25.2,-8.570,-0.92,0.175,23
2026-06-03 00:05,1000SHIBUSDT,FLAT,1.0000,cascade_v2.5_dual_gate,0.00517300,0.00517300,,,,,0.00007413,0.00535000,0.00522400,FLAT,0.9972,0,100,0,SHORT,0.3487,35,30,35,dual_gate_blocked,DOWN,0.20,-2.17,29.6,-1.477,-0.00,0.143,23
2026-06-03 00:05,ADAUSDT,FLAT,1.0000,cascade_v2.5_dual_gate,0.212800,0.212800,,,,,0.00328857,0.219200,0.213400,FLAT,0.9719,0,97,3,FLAT,0.8599,4,86,10,dual_gate_blocked,DOWN,0.17,-1.95,25.8,-4.198,-1.24,0.091,23
2026-06-03 00:05,ONDOUSDT,FLAT,1.0000,cascade_v2.5_dual_gate,0.388400,0.388400,,,,,0.014163,0.403000,0.360700,FLAT,0.6414,35,64,1,FLAT,0.3802,30,38,32,dual_gate_blocked,UP,0.75,-1.03,59.3,-13.244,-0.00,0.143,23
2026-06-03 00:05,HBARUSDT,FLAT,1.0000,cascade_v2.5_dual_gate,0.086700,0.086700,,,,,0.00112824,0.089360,0.091870,SHORT,0.6141,61,20,18,FLAT,0.9358,1,94,5,dual_gate_blocked,DOWN,0.13,-2.18,27.2,1.328,-0.00,0.116,23
2026-06-03 00:05,SOLUSDT,FLAT,1.0000,cascade_v2.5_dual_gate,74.1100,74.1100,,,,,1.1891,77.6300,75.4400,FLAT,0.9974,0,100,0,FLAT,0.7664,6,77,18,dual_gate_blocked,DOWN,0.17,-2.55,22.4,7.225,-0.00,0.102,23
2026-06-03 00:05,LINKUSDT,FLAT,1.0000,cascade_v2.5_dual_gate,8.3690,8.3690,,,,,0.127794,8.7380,8.4750,FLAT,0.9986,0,100,0,FLAT,0.9648,1,96,3,dual_gate_blocked,DOWN,0.17,-2.53,21.2,-5.750,-0.00,0.092,23
2026-06-03 00:05,DOGEUSDT,FLAT,1.0000,cascade_v2.5_dual_gate,0.092730,0.092730,,,,,0.00139268,0.096310,0.093500,FLAT,0.9952,0,100,0,LONG,0.4312,25,32,43,dual_gate_blocked,DOWN,0.16,-2.38,22.6,2.119,-0.00,0.088,23
2026-06-03 00:05,ARBUSDT,FLAT,1.0000,cascade_v2.5_dual_gate,0.092700,0.092700,,,,,0.00193594,0.096700,0.092300,FLAT,0.7498,0,75,25,FLAT,0.9305,1,93,5,dual_gate_blocked,DOWN,0.17,-2.07,28.8,-1.142,-1.97,0.070,23
2026-06-03 00:05,XRPUSDT,FLAT,1.0000,cascade_v2.5_dual_gate,1.2149,1.2149,,,,,0.016318,1.2430,1.2162,FLAT,0.951,0,95,5,FLAT,0.8319,5,83,12,dual_gate_blocked,DOWN,0.23,-1.72,36.9,8.918,-1.38,0.115,23
2026-06-03 00:05,TRXUSDT,FLAT,1.0000,cascade_v2.5_dual_gate,0.331310,0.331310,,,,,0.00196413,0.338650,0.335750,FLAT,0.9997,0,100,0,FLAT,0.9284,2,93,6,dual_gate_blocked,DOWN,0.00,-3.74,17.3,-4.082,-0.00,0.123,23
2026-06-03 00:05,TONUSDT,FLAT,1.0000,cascade_v2.5_dual_gate,1.9802,1.9802,,,,,0.045751,2.0560,1.9221,LONG,0.5936,22,19,59,LONG,0.3494,31,34,35,dual_gate_blocked,DOWN,0.34,-0.64,46.8,-1.668,-0.00,0.042,23
2026-06-03 00:05,ETHUSDT,FLAT,1.0000,cascade_v2.5_dual_gate,1859.12,1859.12,,,,,25.3224,1944.65,1888.00,FLAT,0.9989,0,100,0,FLAT,0.9223,1,92,6,dual_gate_blocked,DOWN,0.13,-2.84,9.1,-8.763,-0.00,0.090,23
2026-06-03 00:05,BNBUSDT,FLAT,1.0000,cascade_v2.5_dual_gate,652.0700,652.0700,,,,,7.7274,672.0000,658.5300,FLAT,0.9968,0,100,0,FLAT,0.9581,1,96,3,dual_gate_blocked,DOWN,0.18,-2.08,25.2,-1.521,-0.00,0.059,23
2026-06-03 00:05,1000PEPEUSDT,FLAT,1.0000,cascade_v2.5_dual_gate,0.00311160,0.00311160,,,,,0.00005822,0.00324900,0.00313420,FLAT,0.9926,0,99,1,LONG,0.4171,29,29,42,dual_gate_blocked,DOWN,0.19,-2.30,26.3,2.894,-1.23,0.090,23
2026-06-03 00:05,POLUSDT,FLAT,1.0000,cascade_v2.5_dual_gate,0.090230,0.090230,,,,,0.00121124,0.091760,0.088720,SHORT,0.4683,47,29,24,FLAT,0.615,16,62,23,dual_gate_blocked,DOWN,0.31,-1.18,42.9,-1.879,-0.00,0.073,23
2026-06-03 00:05,NEARUSDT,FLAT,1.0000,cascade_v2.5_dual_gate,2.6470,2.6470,,,,,0.102679,2.7750,2.4540,LONG,0.5397,37,9,54,FLAT,0.6105,17,61,22,dual_gate_blocked,UP,0.60,-1.25,52.9,-8.422,-0.00,0.092,23
2026-06-03 00:05,AVAXUSDT,FLAT,1.0000,cascade_v2.5_dual_gate,8.1840,8.1840,,,,,0.133000,8.5010,8.2570,FLAT,0.9923,0,99,1,FLAT,0.9633,1,96,3,dual_gate_blocked,DOWN,0.19,-2.29,24.4,0.873,-0.00,0.136,23
2026-06-03 00:05,SUIUSDT,FLAT,1.0000,cascade_v2.5_dual_gate,0.809200,0.809200,,,,,0.015525,0.840600,0.808600,FLAT,0.8765,0,88,12,FLAT,0.7951,7,80,14,dual_gate_blocked,DOWN,0.21,-2.02,29.9,-8.797,-1.19,0.116,23
2026-06-02 23:05,TAOUSDT,FLAT,1.0000,cascade_v2.5_dual_gate,226.6400,226.6400,,,,,5.7439,245.4800,235.5900,FLAT,0.9988,0,100,0,FLAT,0.955,1,96,4,dual_gate_blocked,DOWN,0.06,-3.28,21.0,-7.332,-0.00,0.332,23
2026-06-02 23:05,DOTUSDT,FLAT,1.0000,cascade_v2.5_dual_gate,1.0750,1.0750,,,,,0.020283,1.1220,1.0810,FLAT,0.9917,0,99,1,FLAT,0.9356,1,94,5,dual_gate_blocked,DOWN,0.07,-2.32,20.8,-13.020,-0.78,0.264,23
2026-06-02 23:05,1000SHIBUSDT,FLAT,1.0000,cascade_v2.5_dual_gate,0.00514100,0.00514100,,,,,0.00007362,0.00535000,0.00522400,FLAT,0.9994,0,100,0,LONG,0.4185,30,28,42,dual_gate_blocked,DOWN,0.06,-2.84,20.8,1.788,-0.00,0.279,23
2026-06-02 23:05,ADAUSDT,FLAT,1.0000,cascade_v2.5_dual_gate,0.212200,0.212200,,,,,0.00330014,0.219200,0.213400,FLAT,0.9778,0,98,2,FLAT,0.9214,2,92,6,dual_gate_blocked,DOWN,0.07,-2.12,21.8,-3.943,-0.34,0.259,23
2026-06-02 23:05,ONDOUSDT,FLAT,1.0000,cascade_v2.5_dual_gate,0.390200,0.390200,,,,,0.014220,0.367500,0.360700,FLAT,0.9924,1,99,0,FLAT,0.3536,33,35,32,dual_gate_blocked,UP,0.78,-0.90,61.4,-4.463,-0.00,0.117,23
2026-06-02 23:05,HBARUSDT,FLAT,1.0000,cascade_v2.5_dual_gate,0.086340,0.086340,,,,,0.00116704,0.089360,0.091870,SHORT,0.5379,54,21,25,FLAT,0.9274,1,93,6,dual_gate_blocked,DOWN,0.06,-2.59,18.2,-3.095,-0.00,0.213,23
2026-06-02 23:05,SOLUSDT,FLAT,1.0000,cascade_v2.5_dual_gate,73.6400,73.6400,,,,,1.1756,77.6300,75.4400,FLAT,0.9993,0,100,0,FLAT,0.9683,0,97,3,dual_gate_blocked,DOWN,0.05,-3.39,12.6,-2.940,-0.00,0.310,23
2026-06-02 23:05,LINKUSDT,FLAT,1.0000,cascade_v2.5_dual_gate,8.3490,8.3490,,,,,0.129834,8.7380,8.4750,FLAT,0.9985,0,100,0,FLAT,0.9633,1,96,3,dual_gate_blocked,DOWN,0.06,-3.00,17.3,-7.503,-0.00,0.276,23
2026-06-02 23:05,DOGEUSDT,FLAT,1.0000,cascade_v2.5_dual_gate,0.092250,0.092250,,,,,0.00139740,0.096310,0.093500,FLAT,0.9992,0,100,0,FLAT,0.3922,27,39,34,dual_gate_blocked,DOWN,0.05,-2.91,14.7,-3.307,-0.00,0.219,23
2026-06-02 23:05,ARBUSDT,FLAT,1.0000,cascade_v2.5_dual_gate,0.091900,0.091900,,,,,0.00195685,0.096700,0.092300,FLAT,0.991,0,99,1,FLAT,0.9445,1,94,4,dual_gate_blocked,DOWN,0.06,-2.45,18.1,-12.438,-0.72,0.219,23
2026-06-02 23:05,XRPUSDT,FLAT,1.0000,cascade_v2.5_dual_gate,1.2041,1.2041,,,,,0.016973,1.2430,1.2162,FLAT,0.9935,0,99,1,FLAT,0.8238,5,82,12,dual_gate_blocked,DOWN,0.11,-2.29,25.4,-0.318,-0.00,0.172,23
2026-06-02 23:05,TRXUSDT,FLAT,1.0000,cascade_v2.5_dual_gate,0.332550,0.332550,,,,,0.00196569,0.338650,0.335750,FLAT,0.9987,0,100,0,FLAT,0.9056,2,91,7,dual_gate_blocked,DOWN,0.11,-3.10,20.4,-3.319,-0.00,0.128,23
2026-06-02 23:05,TONUSDT,FLAT,1.0000,cascade_v2.5_dual_gate,1.9700,1.9700,,,,,0.046835,2.0560,1.9221,LONG,0.5563,2,42,56,FLAT,0.6097,13,61,26,dual_gate_blocked,DOWN,0.30,-0.84,43.2,6.748,-0.00,0.068,23
2026-06-02 23:05,ETHUSDT,FLAT,1.0000,cascade_v2.5_dual_gate,1860.02,1860.02,,,,,25.2252,1944.65,1888.00,FLAT,0.9993,0,100,0,FLAT,0.9035,2,90,8,dual_gate_blocked,DOWN,0.03,-3.35,9.0,-10.694,0.00,0.508,23
2026-06-02 23:05,BNBUSDT,FLAT,1.0000,cascade_v2.5_dual_gate,649.6400,649.6400,,,,,8.1031,672.0000,658.5300,FLAT,0.9993,0,100,0,FLAT,0.9698,1,97,2,dual_gate_blocked,DOWN,0.13,-2.76,17.8,-4.012,-0.00,0.178,23
2026-06-02 23:05,1000PEPEUSDT,FLAT,1.0000,cascade_v2.5_dual_gate,0.00309460,0.00309460,,,,,0.00005893,0.00324900,0.00313420,FLAT,0.9985,0,100,0,LONG,0.3838,25,36,38,dual_gate_blocked,DOWN,0.08,-2.62,19.7,-3.752,-0.00,0.221,23
2026-06-02 23:05,POLUSDT,FLAT,1.0000,cascade_v2.5_dual_gate,0.089430,0.089430,,,,,0.00121163,0.091760,0.088720,FLAT,0.5137,0,51,48,FLAT,0.644,12,64,23,dual_gate_blocked,DOWN,0.12,-1.92,32.9,-8.602,-0.00,0.120,23
2026-06-02 23:05,NEARUSDT,FLAT,1.0000,cascade_v2.5_dual_gate,2.6130,2.6130,,,,,0.104147,2.7350,2.4540,SHORT,0.6169,62,10,28,FLAT,0.655,15,66,20,dual_gate_blocked,UP,0.50,-1.56,48.2,-4.541,-0.00,0.060,23
2026-06-02 23:05,AVAXUSDT,FLAT,1.0000,cascade_v2.5_dual_gate,8.1390,8.1390,,,,,0.132764,8.5010,8.2570,FLAT,0.999,0,100,0,FLAT,0.9644,0,96,3,dual_gate_blocked,DOWN,0.06,-2.73,16.6,-6.395,-0.00,0.222,23
2026-06-02 23:05,SUIUSDT,FLAT,1.0000,cascade_v2.5_dual_gate,0.806900,0.806900,,,,,0.015765,0.840600,0.808600,FLAT,0.9537,0,95,5,FLAT,0.8169,6,82,12,dual_gate_blocked,DOWN,0.10,-2.14,26.6,-6.074,-1.36,0.181,23
2026-06-02 22:05,TAOUSDT,FLAT,1.0000,cascade_v2.5_dual_gate,235.2400,235.2400,,,,,4.9983,245.4800,231.8400,LONG,0.4096,35,24,41,FLAT,0.8704,2,87,11,dual_gate_blocked,DOWN,0.15,-2.05,29.6,-2.603,-0.00,0.076,23
2026-06-02 22:05,DOTUSDT,FLAT,1.0000,cascade_v2.5_dual_gate,1.0950,1.0950,,,,,0.019106,1.1220,1.0770,LONG,0.5031,1,49,50,FLAT,0.8848,3,88,9,dual_gate_blocked,DOWN,0.21,-1.41,29.0,-5.778,-0.00,0.115,23
2026-06-02 22:05,1000SHIBUSDT,FLAT,1.0000,cascade_v2.5_dual_gate,0.00524000,0.00524000,,,,,0.00006438,0.00535000,0.00514900,SHORT,0.5078,51,13,37,LONG,0.469,30,23,47,dual_gate_blocked,DOWN,0.23,-1.71,27.6,7.170,-0.00,0.154,23
2026-06-02 22:05,ADAUSDT,FLAT,1.0000,cascade_v2.5_dual_gate,0.215400,0.215400,,,,,0.00307863,0.219200,0.211900,LONG,0.5617,1,43,56,FLAT,0.5635,16,56,28,dual_gate_blocked,DOWN,0.18,-1.33,29.1,1.927,-0.00,0.088,23
2026-06-02 22:05,ONDOUSDT,FLAT,1.0000,cascade_v2.5_dual_gate,0.394500,0.394500,,,,,0.014880,0.367500,0.360700,FLAT,0.9972,0,100,0,FLAT,0.3634,33,36,31,dual_gate_blocked,UP,0.85,-0.57,66.4,4.887,-0.00,0.157,23
2026-06-02 22:05,HBARUSDT,FLAT,1.0000,cascade_v2.5_dual_gate,0.087600,0.087600,,,,,0.00105510,0.089360,0.086360,LONG,0.6113,31,7,61,FLAT,0.8472,4,85,11,dual_gate_blocked,DOWN,0.19,-1.74,23.9,4.766,-0.00,0.093,23
2026-06-02 22:05,SOLUSDT,FLAT,1.0000,cascade_v2.5_dual_gate,75.3500,75.3500,,,,,1.0257,77.6300,74.3700,FLAT,0.5327,0,53,46,FLAT,0.5366,17,54,30,dual_gate_blocked,DOWN,0.13,-2.22,19.3,0.683,-0.00,0.112,23
2026-06-02 22:05,LINKUSDT,FLAT,1.0000,cascade_v2.5_dual_gate,8.4980,8.4980,,,,,0.117921,8.7380,8.3700,FLAT,0.5573,0,56,44,LONG,0.3786,30,32,38,dual_gate_blocked,DOWN,0.18,-2.04,24.1,-2.003,-0.00,0.054,23
2026-06-02 22:05,DOGEUSDT,FLAT,1.0000,cascade_v2.5_dual_gate,0.093970,0.093970,,,,,0.00126674,0.096310,0.092420,SHORT,0.4229,42,27,31,LONG,0.4453,36,20,45,dual_gate_blocked,DOWN,0.18,-1.92,20.3,0.646,-0.00,0.068,23
2026-06-02 22:05,ARBUSDT,FLAT,1.0000,cascade_v2.5_dual_gate,0.093800,0.093800,,,,,0.00184560,0.096700,0.092700,FLAT,0.5892,0,59,41,FLAT,0.9131,2,91,6,dual_gate_blocked,DOWN,0.14,-1.57,25.5,-5.018,-0.00,0.101,23
2026-06-02 22:05,XRPUSDT,FLAT,1.0000,cascade_v2.5_dual_gate,1.2210,1.2210,,,,,0.014918,1.2430,1.2055,LONG,0.625,1,37,63,FLAT,0.679,12,68,20,dual_gate_blocked,DOWN,0.16,-1.47,29.5,2.587,-0.00,0.096,23
2026-06-02 22:05,TRXUSDT,FLAT,1.0000,cascade_v2.5_dual_gate,0.334900,0.334900,,,,,0.00163118,0.338650,0.335750,FLAT,0.9179,0,92,8,FLAT,0.8779,3,88,9,dual_gate_blocked,DOWN,0.08,-2.30,28.0,-1.833,-0.00,0.043,23
2026-06-02 22:05,TONUSDT,FLAT,1.0000,cascade_v2.5_dual_gate,1.9842,1.9842,,,,,0.044834,2.0560,1.9221,LONG,0.5979,27,13,60,FLAT,0.5137,17,51,31,dual_gate_blocked,DOWN,0.31,-0.53,44.7,9.506,-0.00,0.062,23
2026-06-02 22:05,ETHUSDT,FLAT,1.0000,cascade_v2.5_dual_gate,1894.99,1894.99,,,,,21.5625,1944.65,1879.24,FLAT,0.7806,0,78,22,FLAT,0.7918,5,79,16,dual_gate_blocked,DOWN,0.12,-2.30,14.8,-5.239,-0.00,0.111,23
2026-06-02 22:05,BNBUSDT,FLAT,1.0000,cascade_v2.5_dual_gate,658.3300,658.3300,,,,,6.9309,672.0000,652.1600,FLAT,0.7457,0,75,25,FLAT,0.899,2,90,8,dual_gate_blocked,DOWN,0.14,-2.26,22.1,1.648,-0.00,0.070,23
2026-06-02 22:05,1000PEPEUSDT,FLAT,1.0000,cascade_v2.5_dual_gate,0.00314860,0.00314860,,,,,0.00005394,0.00324900,0.00308650,FLAT,0.5092,2,51,47,LONG,0.45,27,28,45,dual_gate_blocked,DOWN,0.18,-1.86,21.3,-4.688,-0.00,0.088,23
2026-06-02 22:05,POLUSDT,FLAT,1.0000,cascade_v2.5_dual_gate,0.090530,0.090530,,,,,0.00116799,0.091760,0.088720,SHORT,0.3857,39,27,34,FLAT,0.6159,15,62,23,dual_gate_blocked,DOWN,0.31,-1.60,40.9,3.935,-0.00,0.096,23
2026-06-02 22:05,NEARUSDT,FLAT,1.0000,cascade_v2.5_dual_gate,2.6420,2.6420,,,,,0.107657,2.7350,2.4540,SHORT,0.7103,71,13,16,FLAT,0.5935,18,59,23,dual_gate_blocked,UP,0.59,-1.24,51.7,6.300,-0.00,0.091,23
2026-06-02 22:05,AVAXUSDT,FLAT,1.0000,cascade_v2.5_dual_gate,8.2750,8.2750,,,,,0.122533,8.5010,8.1670,FLAT,0.5233,1,52,47,FLAT,0.9272,1,93,6,dual_gate_blocked,DOWN,0.14,-1.84,19.9,-4.021,-0.00,0.128,23
2026-06-02 22:05,SUIUSDT,FLAT,1.0000,cascade_v2.5_dual_gate,0.821400,0.821400,,,,,0.014434,0.840600,0.807600,LONG,0.5973,1,40,60,FLAT,0.7184,11,72,17,dual_gate_blocked,DOWN,0.18,-1.33,32.1,0.144,-0.00,0.063,23
2026-06-02 21:05,TAOUSDT,FLAT,1.0000,cascade_v2.5_dual_gate,239.1200,239.1200,,,,,5.1775,250.3100,235.5900,FLAT,0.6306,2,63,35,FLAT,0.9121,1,91,7,dual_gate_blocked,DOWN,0.31,-1.89,37.5,-5.111,-0.00,0.175,23
2026-06-02 21:05,DOTUSDT,FLAT,1.0000,cascade_v2.5_dual_gate,1.1040,1.1040,,,,,0.018907,1.1420,1.0810,LONG,0.6562,10,25,66,FLAT,0.8396,4,84,12,dual_gate_blocked,DOWN,0.31,-1.75,36.3,-4.573,-0.00,0.064,23
2026-06-02 21:05,1000SHIBUSDT,FLAT,1.0000,cascade_v2.5_dual_gate,0.00527200,0.00527200,,,,,0.00006584,0.00546500,0.00522400,FLAT,0.7632,1,76,22,LONG,0.4108,31,28,41,dual_gate_blocked,DOWN,0.31,-2.52,33.7,6.299,-0.00,0.068,23
2026-06-02 21:05,ADAUSDT,FLAT,1.0000,cascade_v2.5_dual_gate,0.216400,0.216400,,,,,0.00301072,0.223700,0.213400,FLAT,0.5408,1,54,45,FLAT,0.7862,5,79,16,dual_gate_blocked,DOWN,0.23,-2.16,31.6,-2.198,-0.00,0.064,23
2026-06-02 21:05,ONDOUSDT,FLAT,1.0000,cascade_v2.5_dual_gate,0.399100,0.399100,,,,,0.015106,0.367500,0.352000,FLAT,0.9987,0,100,0,FLAT,0.3492,33,35,32,dual_gate_blocked,UP,0.94,-0.22,73.4,-0.406,-0.00,0.201,23
2026-06-02 21:05,HBARUSDT,FLAT,1.0000,cascade_v2.5_dual_gate,0.087750,0.087750,,,,,0.00109424,0.090380,0.091870,SHORT,0.389,39,28,33,FLAT,0.9144,2,91,7,dual_gate_blocked,DOWN,0.21,-2.23,25.3,-0.900,-0.00,0.057,23
2026-06-02 21:05,SOLUSDT,FLAT,1.0000,cascade_v2.5_dual_gate,75.5100,75.5100,,,,,1.0448,79.1900,75.4400,FLAT,0.9726,0,97,3,FLAT,0.5479,13,55,32,dual_gate_blocked,DOWN,0.16,-3.30,18.6,-4.347,-1.91,0.043,23
2026-06-02 21:05,LINKUSDT,FLAT,1.0000,cascade_v2.5_dual_gate,8.5410,8.5410,,,,,0.122145,8.8710,8.4750,FLAT,0.749,1,75,25,FLAT,0.6589,9,66,25,dual_gate_blocked,DOWN,0.24,-2.53,28.9,-4.198,-0.00,0.050,23
2026-06-02 21:05,DOGEUSDT,FLAT,1.0000,cascade_v2.5_dual_gate,0.094310,0.094310,,,,,0.00128788,0.098970,0.093500,FLAT,0.887,0,89,11,LONG,0.4425,28,28,44,dual_gate_blocked,DOWN,0.22,-3.26,23.4,-1.631,-0.00,0.042,23
2026-06-02 21:05,ARBUSDT,FLAT,1.0000,cascade_v2.5_dual_gate,0.094600,0.094600,,,,,0.00185979,0.098900,0.092300,FLAT,0.424,16,42,42,FLAT,0.8948,3,89,7,dual_gate_blocked,DOWN,0.22,-1.94,31.5,-5.542,-0.00,0.041,23
2026-06-02 21:05,XRPUSDT,FLAT,1.0000,cascade_v2.5_dual_gate,1.2243,1.2243,,,,,0.014856,1.2686,1.2162,FLAT,0.7565,0,76,24,FLAT,0.784,7,78,15,dual_gate_blocked,DOWN,0.20,-2.49,30.8,-2.322,-0.00,0.037,23
2026-06-02 21:05,TRXUSDT,FLAT,1.0000,cascade_v2.5_dual_gate,0.334450,0.334450,,,,,0.00172531,0.343090,0.335750,FLAT,0.9813,0,98,2,FLAT,0.8745,3,87,10,dual_gate_blocked,DOWN,0.03,-3.34,22.7,-11.364,-0.00,0.067,23
2026-06-02 21:05,TONUSDT,FLAT,1.0000,cascade_v2.5_dual_gate,1.9945,1.9945,,,,,0.047395,2.0560,1.9061,LONG,0.5815,32,10,58,FLAT,0.501,20,50,29,dual_gate_blocked,DOWN,0.35,-1.30,48.0,6.833,-0.00,0.057,23
2026-06-02 21:05,ETHUSDT,FLAT,1.0000,cascade_v2.5_dual_gate,1904.84,1904.84,,,,,22.4987,1982.07,1888.00,FLAT,0.9076,0,91,9,FLAT,0.7959,5,80,16,dual_gate_blocked,DOWN,0.20,-3.10,17.6,-5.911,-0.00,0.054,23
2026-06-02 21:05,BNBUSDT,FLAT,1.0000,cascade_v2.5_dual_gate,662.2200,662.2200,,,,,7.1843,680.6400,658.5300,FLAT,0.8218,1,82,16,FLAT,0.9213,1,92,6,dual_gate_blocked,DOWN,0.23,-2.22,27.8,0.473,-0.00,0.070,23
2026-06-02 21:05,1000PEPEUSDT,FLAT,1.0000,cascade_v2.5_dual_gate,0.00316430,0.00316430,,,,,0.00005502,0.00334650,0.00313420,FLAT,0.9017,0,90,9,LONG,0.467,30,23,47,dual_gate_blocked,DOWN,0.23,-2.98,24.2,-8.581,-0.00,0.066,23
2026-06-02 21:05,POLUSDT,FLAT,1.0000,cascade_v2.5_dual_gate,0.090840,0.090840,,,,,0.00116778,0.092400,0.088720,LONG,0.559,34,10,56,FLAT,0.5655,18,57,25,dual_gate_blocked,DOWN,0.36,-1.34,44.3,0.307,-0.00,0.032,23
2026-06-02 21:05,NEARUSDT,FLAT,1.0000,cascade_v2.5_dual_gate,2.7270,2.7270,,,,,0.103338,2.7350,2.4540,SHORT,0.5159,52,9,39,FLAT,0.4406,29,44,27,dual_gate_blocked,UP,0.90,-0.10,62.6,9.182,2.59,0.095,23
2026-06-02 21:05,AVAXUSDT,FLAT,1.0000,cascade_v2.5_dual_gate,8.3340,8.3340,,,,,0.122513,8.7200,8.2570,FLAT,0.8009,0,80,19,FLAT,0.6363,11,64,25,dual_gate_blocked,DOWN,0.21,-2.93,24.5,-5.558,-0.00,0.048,23
2026-06-02 21:05,SUIUSDT,FLAT,1.0000,cascade_v2.5_dual_gate,0.829500,0.829500,,,,,0.014843,0.853700,0.808600,LONG,0.6841,26,6,68,FLAT,0.739,10,74,16,dual_gate_blocked,DOWN,0.29,-1.31,39.9,1.027,-0.00,0.047,23
2026-06-02 20:05,TAOUSDT,FLAT,1.0000,cascade_v2.5_dual_gate,237.5200,237.5200,,,,,5.2239,250.3100,235.5900,FLAT,0.822,0,82,18,FLAT,0.8797,2,88,10,dual_gate_blocked,DOWN,0.24,-2.45,31.9,-0.095,-1.81,0.132,23
2026-06-02 20:05,DOTUSDT,FLAT,1.0000,cascade_v2.5_dual_gate,1.1050,1.1050,,,,,0.019601,1.1420,1.0810,LONG,0.6185,16,22,62,FLAT,0.6808,11,68,21,dual_gate_blocked,DOWN,0.32,-1.89,37.1,3.469,-0.00,0.090,23
2026-06-02 20:05,1000SHIBUSDT,FLAT,1.0000,cascade_v2.5_dual_gate,0.00524900,0.00524900,,,,,0.00006821,0.00546500,0.00522400,FLAT,0.9249,0,92,7,LONG,0.4638,23,31,46,dual_gate_blocked,DOWN,0.25,-3.17,26.4,3.323,-1.26,0.098,23
2026-06-02 20:05,ADAUSDT,FLAT,1.0000,cascade_v2.5_dual_gate,0.216500,0.216500,,,,,0.00308622,0.223700,0.213400,FLAT,0.556,2,56,43,FLAT,0.8807,3,88,9,dual_gate_blocked,DOWN,0.23,-2.33,32.0,1.898,-0.00,0.069,23
2026-06-02 20:05,ONDOUSDT,FLAT,1.0000,cascade_v2.5_dual_gate,0.386800,0.386800,,,,,0.013920,0.396700,0.352000,FLAT,0.8658,13,87,0,FLAT,0.3677,32,37,31,dual_gate_blocked,UP,0.81,-0.71,66.9,10.288,-0.00,0.122,23
2026-06-02 20:05,HBARUSDT,FLAT,1.0000,cascade_v2.5_dual_gate,0.087910,0.087910,,,,,0.00110915,0.090380,0.091870,FLAT,0.4112,37,41,22,FLAT,0.9517,1,95,4,dual_gate_blocked,DOWN,0.23,-2.17,28.2,14.469,-0.00,0.070,23
2026-06-02 20:05,SOLUSDT,FLAT,1.0000,cascade_v2.5_dual_gate,75.7300,75.7300,,,,,1.0738,79.1900,75.4400,FLAT,0.9372,0,94,6,FLAT,0.6506,9,65,26,dual_gate_blocked,DOWN,0.19,-3.22,21.8,1.200,-1.75,0.103,23
2026-06-02 20:05,LINKUSDT,FLAT,1.0000,cascade_v2.5_dual_gate,8.5450,8.5450,,,,,0.126095,8.8710,8.4750,FLAT,0.6917,1,69,30,FLAT,0.7755,5,78,17,dual_gate_blocked,DOWN,0.25,-2.59,29.4,2.869,-0.00,0.046,23
2026-06-02 20:05,DOGEUSDT,FLAT,1.0000,cascade_v2.5_dual_gate,0.094240,0.094240,,,,,0.00135679,0.098970,0.093500,FLAT,0.8987,0,90,10,LONG,0.4873,21,30,49,dual_gate_blocked,DOWN,0.21,-3.49,21.9,2.390,-0.00,0.070,23
2026-06-02 20:05,ARBUSDT,FLAT,1.0000,cascade_v2.5_dual_gate,0.095100,0.095100,,,,,0.00193771,0.098900,0.092300,SHORT,0.5034,50,12,38,FLAT,0.8896,3,89,8,dual_gate_blocked,DOWN,0.26,-1.96,36.7,9.711,-0.00,0.076,23
2026-06-02 20:05,XRPUSDT,FLAT,1.0000,cascade_v2.5_dual_gate,1.2245,1.2245,,,,,0.015553,1.2686,1.2162,FLAT,0.7768,0,78,22,FLAT,0.7771,7,78,15,dual_gate_blocked,DOWN,0.20,-2.84,30.7,2.265,-0.00,0.137,23
2026-06-02 20:05,TRXUSDT,FLAT,1.0000,cascade_v2.5_dual_gate,0.334930,0.334930,,,,,0.00185464,0.343090,0.335750,FLAT,0.9859,0,99,1,FLAT,0.8671,3,87,10,dual_gate_blocked,DOWN,0.08,-3.67,23.2,-8.662,-0.96,0.267,23
2026-06-02 20:05,TONUSDT,FLAT,1.0000,cascade_v2.5_dual_gate,1.9722,1.9722,,,,,0.047473,2.0560,1.9061,SHORT,0.5894,59,9,32,FLAT,0.6326,12,63,25,dual_gate_blocked,DOWN,0.26,-1.77,40.9,14.107,-0.00,0.054,23
2026-06-02 20:05,ETHUSDT,FLAT,1.0000,cascade_v2.5_dual_gate,1914.00,1914.00,,,,,22.9621,1982.07,1888.00,FLAT,0.7501,2,75,23,FLAT,0.7316,8,73,19,dual_gate_blocked,DOWN,0.27,-2.92,23.3,3.701,-0.00,0.078,23
2026-06-02 20:05,BNBUSDT,FLAT,1.0000,cascade_v2.5_dual_gate,661.8500,661.8500,,,,,7.4331,680.6400,658.5300,FLAT,0.9297,0,93,7,FLAT,0.913,2,91,7,dual_gate_blocked,DOWN,0.22,-2.20,26.4,7.632,-2.09,0.078,23
2026-06-02 20:05,1000PEPEUSDT,FLAT,1.0000,cascade_v2.5_dual_gate,0.00317210,0.00317210,,,,,0.00005689,0.00334650,0.00313420,FLAT,0.8899,0,89,11,LONG,0.4717,27,26,47,dual_gate_blocked,DOWN,0.25,-3.07,27.1,0.378,-0.00,0.121,23
2026-06-02 20:05,POLUSDT,FLAT,1.0000,cascade_v2.5_dual_gate,0.090980,0.090980,,,,,0.00125195,0.092400,0.088720,SHORT,0.5011,50,48,2,FLAT,0.602,17,60,23,dual_gate_blocked,DOWN,0.39,-1.13,46.0,13.426,-0.00,0.201,23
2026-06-02 20:05,NEARUSDT,FLAT,1.0000,cascade_v2.5_dual_gate,2.6590,2.6590,,,,,0.100395,2.7350,2.4540,SHORT,0.7262,73,13,15,FLAT,0.6013,18,60,22,dual_gate_blocked,UP,0.67,-0.76,56.2,18.460,-0.00,0.137,23
2026-06-02 20:05,AVAXUSDT,FLAT,1.0000,cascade_v2.5_dual_gate,8.3510,8.3510,,,,,0.126027,8.7200,8.2570,FLAT,0.7619,1,76,23,LONG,0.3638,31,33,36,dual_gate_blocked,DOWN,0.23,-2.90,27.5,4.047,-0.00,0.072,23
2026-06-02 20:05,SUIUSDT,FLAT,1.0000,cascade_v2.5_dual_gate,0.826900,0.826900,,,,,0.015394,0.853700,0.808600,LONG,0.5531,24,20,55,FLAT,0.7613,9,76,15,dual_gate_blocked,DOWN,0.26,-1.74,36.1,8.109,-0.00,0.086,23
2026-06-02 19:05,TAOUSDT,FLAT,1.0000,cascade_v2.5_dual_gate,238.4900,238.4900,,,,,4.9539,250.3100,235.5900,LONG,0.4359,27,30,44,FLAT,0.8321,4,83,13,dual_gate_blocked,DOWN,0.14,-2.39,31.2,8.503,-0.00,0.051,23
2026-06-02 19:05,DOTUSDT,FLAT,1.0000,cascade_v2.5_dual_gate,1.1000,1.1000,,,,,0.018339,1.1420,1.0810,FLAT,0.5074,0,51,49,FLAT,0.7006,10,70,20,dual_gate_blocked,DOWN,0.22,-2.29,32.8,11.908,-0.00,0.060,23
2026-06-02 19:05,1000SHIBUSDT,FLAT,1.0000,cascade_v2.5_dual_gate,0.00524300,0.00524300,,,,,0.00006304,0.00546500,0.00522400,FLAT,0.9381,0,94,6,FLAT,0.3716,26,37,37,dual_gate_blocked,DOWN,0.06,-3.52,20.2,6.056,-1.16,0.112,23
2026-06-02 19:05,ADAUSDT,FLAT,1.0000,cascade_v2.5_dual_gate,0.215700,0.215700,,,,,0.00285846,0.223700,0.213400,FLAT,0.756,0,76,24,FLAT,0.4714,15,47,38,dual_gate_blocked,DOWN,0.13,-2.80,26.0,15.027,-0.00,0.044,23
2026-06-02 19:05,ONDOUSDT,FLAT,1.0000,cascade_v2.5_dual_gate,0.377100,0.377100,,,,,0.012878,0.367500,0.352000,FLAT,0.9926,1,99,0,FLAT,0.3844,31,38,31,dual_gate_blocked,UP,0.62,-1.52,59.6,5.932,-0.00,0.102,23
2026-06-02 19:05,HBARUSDT,FLAT,1.0000,cascade_v2.5_dual_gate,0.087410,0.087410,,,,,0.00103159,0.090380,0.091870,SHORT,0.6128,61,23,16,FLAT,0.957,1,96,4,dual_gate_blocked,DOWN,0.03,-2.88,18.4,3.382,-0.00,0.061,23
2026-06-02 19:05,SOLUSDT,FLAT,1.0000,cascade_v2.5_dual_gate,75.9000,75.9000,,,,,0.974831,79.1900,75.4400,FLAT,0.8148,0,81,18,FLAT,0.7469,7,75,19,dual_gate_blocked,DOWN,0.07,-3.37,17.6,4.980,-1.81,0.080,23
2026-06-02 19:05,LINKUSDT,FLAT,1.0000,cascade_v2.5_dual_gate,8.5300,8.5300,,,,,0.117607,8.8710,8.4750,FLAT,0.7595,0,76,24,FLAT,0.7228,7,72,20,dual_gate_blocked,DOWN,0.09,-2.90,25.3,6.264,-1.62,0.084,23
2026-06-02 19:05,DOGEUSDT,FLAT,1.0000,cascade_v2.5_dual_gate,0.094260,0.094260,,,,,0.00126337,0.098970,0.093500,FLAT,0.9002,0,90,10,LONG,0.4587,30,25,46,dual_gate_blocked,DOWN,0.10,-3.73,18.9,6.876,-0.00,0.084,23
2026-06-02 19:05,ARBUSDT,FLAT,1.0000,cascade_v2.5_dual_gate,0.094600,0.094600,,,,,0.00187479,0.098900,0.092300,LONG,0.5634,9,35,56,FLAT,0.8828,3,88,8,dual_gate_blocked,DOWN,0.20,-2.29,30.6,13.803,-0.00,0.069,23
2026-06-02 19:05,XRPUSDT,FLAT,1.0000,cascade_v2.5_dual_gate,1.2213,1.2213,,,,,0.014380,1.2686,1.2162,FLAT,0.8455,0,85,15,FLAT,0.7611,8,76,16,dual_gate_blocked,DOWN,0.06,-3.29,25.9,10.948,-1.50,0.080,23
2026-06-02 19:05,TRXUSDT,FLAT,1.0000,cascade_v2.5_dual_gate,0.336470,0.336470,,,,,0.00169115,0.343090,0.335750,FLAT,0.8816,0,88,12,FLAT,0.7972,6,80,15,dual_gate_blocked,DOWN,0.09,-3.91,28.7,3.878,-1.61,0.036,23
2026-06-02 19:05,TONUSDT,FLAT,1.0000,cascade_v2.5_dual_gate,1.9559,1.9559,,,,,0.046084,2.0560,1.9061,LONG,0.5419,1,45,54,FLAT,0.6755,11,68,22,dual_gate_blocked,DOWN,0.16,-2.17,34.8,4.133,-0.00,0.031,23
2026-06-02 19:05,ETHUSDT,FLAT,1.0000,cascade_v2.5_dual_gate,1910.56,1910.56,,,,,20.8707,1982.07,1888.00,FLAT,0.8035,0,80,20,FLAT,0.7214,10,72,18,dual_gate_blocked,DOWN,0.19,-3.43,19.5,6.183,-0.00,0.055,23
2026-06-02 19:05,BNBUSDT,FLAT,1.0000,cascade_v2.5_dual_gate,659.8000,659.8000,,,,,7.1907,680.6400,658.5300,FLAT,0.9287,0,93,7,FLAT,0.9292,1,93,6,dual_gate_blocked,DOWN,0.04,-2.90,20.1,3.993,-1.93,0.122,23
2026-06-02 19:05,1000PEPEUSDT,FLAT,1.0000,cascade_v2.5_dual_gate,0.00317700,0.00317700,,,,,0.00005107,0.00334650,0.00313420,FLAT,0.8316,0,83,17,LONG,0.4638,28,26,46,dual_gate_blocked,DOWN,0.15,-3.32,25.1,8.960,-0.00,0.064,23
2026-06-02 19:05,POLUSDT,FLAT,1.0000,cascade_v2.5_dual_gate,0.090070,0.090070,,,,,0.00121082,0.092400,0.088720,LONG,0.5066,1,49,51,FLAT,0.7777,7,78,15,dual_gate_blocked,DOWN,0.23,-1.92,35.3,15.392,-0.00,0.047,23
2026-06-02 19:05,NEARUSDT,FLAT,1.0000,cascade_v2.5_dual_gate,2.5430,2.5430,,,,,0.092383,2.7350,2.4540,LONG,0.6244,16,21,62,FLAT,0.7434,9,74,16,dual_gate_blocked,DOWN,0.29,-2.08,42.5,12.599,-0.00,0.081,23
2026-06-02 19:05,AVAXUSDT,FLAT,1.0000,cascade_v2.5_dual_gate,8.3300,8.3300,,,,,0.117970,8.7200,8.2570,FLAT,0.8274,0,83,17,FLAT,0.5101,19,51,30,dual_gate_blocked,DOWN,0.10,-3.31,23.1,7.840,-0.00,0.065,23
2026-06-02 19:05,SUIUSDT,FLAT,1.0000,cascade_v2.5_dual_gate,0.822000,0.822000,,,,,0.014467,0.853700,0.808600,LONG,0.5335,0,46,53,FLAT,0.7747,8,77,14,dual_gate_blocked,DOWN,0.18,-2.19,30.5,9.467,-0.00,0.143,23
2026-06-02 18:05,TAOUSDT,FLAT,1.0000,cascade_v2.5_dual_gate,243.9300,243.9300,,,,,4.7182,250.3100,235.5900,SHORT,0.4668,47,8,45,FLAT,0.7427,10,74,16,dual_gate_blocked,DOWN,0.39,-1.39,42.2,10.790,-0.00,0.204,23
2026-06-02 18:05,DOTUSDT,FLAT,1.0000,cascade_v2.5_dual_gate,1.1160,1.1160,,,,,0.017817,1.1420,1.0810,LONG,0.5832,34,8,58,FLAT,0.4217,25,42,32,dual_gate_blocked,DOWN,0.40,-1.63,41.8,10.577,-0.00,0.140,23
2026-06-02 18:05,1000SHIBUSDT,FLAT,1.0000,cascade_v2.5_dual_gate,0.00531700,0.00531700,,,,,0.00005883,0.00546500,0.00522400,SHORT,0.3921,39,25,36,LONG,0.386,31,30,39,dual_gate_blocked,DOWN,0.29,-2.52,30.7,11.752,-0.00,0.104,23
2026-06-02 18:05,ADAUSDT,FLAT,1.0000,cascade_v2.5_dual_gate,0.218500,0.218500,,,,,0.00277104,0.223700,0.213400,SHORT,0.5304,53,8,39,LONG,0.4344,29,28,43,dual_gate_blocked,DOWN,0.28,-2.06,33.4,16.521,-0.00,0.096,23
2026-06-02 18:05,ONDOUSDT,FLAT,1.0000,cascade_v2.5_dual_gate,0.388900,0.388900,,,,,0.012659,0.367500,0.352000,FLAT,0.999,0,100,0,FLAT,0.3658,34,37,30,dual_gate_blocked,UP,0.85,-0.62,74.0,22.579,-0.00,0.095,23
2026-06-02 18:05,HBARUSDT,FLAT,1.0000,cascade_v2.5_dual_gate,0.088490,0.088490,,,,,0.00097901,0.090380,0.087490,LONG,0.4808,38,14,48,FLAT,0.92,2,92,6,dual_gate_blocked,DOWN,0.17,-1.97,25.6,3.566,-0.00,0.042,23
2026-06-02 18:05,SOLUSDT,FLAT,1.0000,cascade_v2.5_dual_gate,76.9000,76.9000,,,,,0.940907,79.1900,75.4400,LONG,0.3928,25,36,39,FLAT,0.7887,6,79,15,dual_gate_blocked,DOWN,0.23,-2.67,26.2,9.036,-0.00,0.041,23
2026-06-02 18:05,LINKUSDT,FLAT,1.0000,cascade_v2.5_dual_gate,8.6390,8.6390,,,,,0.113649,8.8710,8.4750,SHORT,0.471,47,15,38,FLAT,0.7187,9,72,19,dual_gate_blocked,DOWN,0.27,-2.04,32.9,8.131,-0.00,0.079,23
2026-06-02 18:05,DOGEUSDT,FLAT,1.0000,cascade_v2.5_dual_gate,0.095670,0.095670,,,,,0.00117784,0.098970,0.093500,FLAT,0.4002,37,40,23,LONG,0.4845,30,22,48,dual_gate_blocked,DOWN,0.28,-3.06,26.9,10.284,-0.00,0.079,23
2026-06-02 18:05,ARBUSDT,FLAT,1.0000,cascade_v2.5_dual_gate,0.096400,0.096400,,,,,0.00184425,0.098900,0.092300,LONG,0.6443,20,15,64,FLAT,0.7328,10,73,16,dual_gate_blocked,DOWN,0.36,-1.36,43.0,23.979,-0.00,0.105,23
2026-06-02 18:05,XRPUSDT,FLAT,1.0000,cascade_v2.5_dual_gate,1.2368,1.2368,,,,,0.013428,1.2686,1.2162,SHORT,0.519,52,16,32,FLAT,0.6656,13,67,20,dual_gate_blocked,DOWN,0.24,-2.37,34.5,15.673,-0.00,0.055,23
2026-06-02 18:05,TRXUSDT,FLAT,1.0000,cascade_v2.5_dual_gate,0.337650,0.337650,,,,,0.00170702,0.343090,0.335750,FLAT,0.7118,1,71,28,FLAT,0.7748,7,77,16,dual_gate_blocked,DOWN,0.22,-3.19,34.2,7.789,-0.00,0.039,23
2026-06-02 18:05,TONUSDT,FLAT,1.0000,cascade_v2.5_dual_gate,1.9892,1.9892,,,,,0.046988,2.0560,1.9061,LONG,0.4793,44,8,48,FLAT,0.6233,15,62,23,dual_gate_blocked,DOWN,0.25,-1.42,42.2,5.730,-0.00,0.050,23
2026-06-02 18:05,ETHUSDT,FLAT,1.0000,cascade_v2.5_dual_gate,1925.36,1925.36,,,,,20.5933,1982.07,1888.00,SHORT,0.403,40,26,34,FLAT,0.6106,15,61,24,dual_gate_blocked,DOWN,0.31,-2.80,25.8,6.470,-0.00,0.031,23
2026-06-02 18:05,BNBUSDT,FLAT,1.0000,cascade_v2.5_dual_gate,666.5400,666.5400,,,,,6.9440,680.6400,658.5300,FLAT,0.5145,1,51,47,FLAT,0.8592,4,86,11,dual_gate_blocked,DOWN,0.18,-2.03,26.9,0.533,-0.00,0.044,23
2026-06-02 18:05,1000PEPEUSDT,FLAT,1.0000,cascade_v2.5_dual_gate,0.00323120,0.00323120,,,,,0.00004902,0.00334650,0.00313420,SHORT,0.5644,56,12,32,LONG,0.4715,29,24,47,dual_gate_blocked,DOWN,0.33,-2.35,33.4,11.778,-0.00,0.043,23
2026-06-02 18:05,POLUSDT,FLAT,1.0000,cascade_v2.5_dual_gate,0.091120,0.091120,,,,,0.00121187,0.092400,0.092010,FLAT,0.9952,0,100,0,FLAT,0.8395,4,84,12,dual_gate_blocked,DOWN,0.41,-1.06,44.1,2.245,-0.00,0.039,23
2026-06-02 18:05,NEARUSDT,FLAT,1.0000,cascade_v2.5_dual_gate,2.6210,2.6210,,,,,0.091653,2.7350,2.5900,LONG,0.6901,8,23,69,FLAT,0.6971,12,70,19,dual_gate_blocked,UP,0.55,-1.24,51.5,5.526,-2.75,0.101,23
2026-06-02 18:05,AVAXUSDT,FLAT,1.0000,cascade_v2.5_dual_gate,8.4450,8.4450,,,,,0.112940,8.7200,8.2570,SHORT,0.4484,45,19,36,FLAT,0.4053,19,41,40,dual_gate_blocked,DOWN,0.26,-2.57,30.0,11.183,-0.00,0.071,23
2026-06-02 18:05,SUIUSDT,FLAT,1.0000,cascade_v2.5_dual_gate,0.835300,0.835300,,,,,0.013989,0.853700,0.808600,LONG,0.5248,38,9,52,FLAT,0.5992,18,60,22,dual_gate_blocked,DOWN,0.36,-1.32,40.9,12.866,-0.00,0.058,23
2026-06-02 17:05,TAOUSDT,FLAT,1.0000,cascade_v2.5_dual_gate,242.4500,242.4500,,,,,4.9598,250.5800,245.4900,FLAT,0.9964,0,100,0,FLAT,0.8557,3,86,12,dual_gate_blocked,DOWN,0.32,-1.64,36.9,-8.065,-0.00,0.084,23
2026-06-02 17:05,DOTUSDT,FLAT,1.0000,cascade_v2.5_dual_gate,1.1120,1.1120,,,,,0.018435,1.1460,1.1190,FLAT,0.988,0,99,1,FLAT,0.7998,6,80,14,dual_gate_blocked,DOWN,0.35,-1.84,38.4,-6.633,-1.43,0.155,23
2026-06-02 17:05,1000SHIBUSDT,FLAT,1.0000,cascade_v2.5_dual_gate,0.00531000,0.00531000,,,,,0.00006242,0.00548700,0.00541700,FLAT,0.9995,0,100,0,LONG,0.3759,27,36,38,dual_gate_blocked,DOWN,0.26,-2.48,28.0,-8.358,-0.00,0.080,23
2026-06-02 17:05,ADAUSDT,FLAT,1.0000,cascade_v2.5_dual_gate,0.217900,0.217900,,,,,0.00298813,0.224500,0.226000,FLAT,0.9989,0,100,0,FLAT,0.8547,2,85,13,dual_gate_blocked,DOWN,0.24,-2.21,29.8,1.123,-0.00,0.332,23
2026-06-02 17:05,ONDOUSDT,FLAT,1.0000,cascade_v2.5_dual_gate,0.376700,0.376700,,,,,0.011276,0.377900,0.350200,FLAT,0.9843,2,98,0,LONG,0.3398,33,33,34,dual_gate_blocked,UP,0.96,-0.11,66.9,-7.653,0.96,0.533,23
2026-06-02 17:05,HBARUSDT,FLAT,1.0000,cascade_v2.5_dual_gate,0.088410,0.088410,,,,,0.00098963,0.090860,0.091870,SHORT,0.5406,54,35,11,FLAT,0.9589,1,96,3,dual_gate_blocked,DOWN,0.15,-2.30,22.5,-5.318,-0.00,0.126,23
2026-06-02 17:05,SOLUSDT,FLAT,1.0000,cascade_v2.5_dual_gate,76.8800,76.8800,,,,,0.977457,79.7700,79.3600,FLAT,0.9995,0,100,0,FLAT,0.8419,3,84,13,dual_gate_blocked,DOWN,0.23,-2.63,25.3,-5.760,-0.00,0.147,23
2026-06-02 17:05,LINKUSDT,FLAT,1.0000,cascade_v2.5_dual_gate,8.6260,8.6260,,,,,0.115390,8.8710,8.7690,FLAT,0.9989,0,100,0,FLAT,0.7894,6,79,15,dual_gate_blocked,DOWN,0.24,-2.12,30.6,-11.824,-0.00,0.099,23
2026-06-02 17:05,DOGEUSDT,FLAT,1.0000,cascade_v2.5_dual_gate,0.095570,0.095570,,,,,0.00125155,0.099440,0.099380,FLAT,0.9997,0,100,0,LONG,0.4478,23,33,45,dual_gate_blocked,DOWN,0.27,-3.02,25.1,-6.751,-0.00,0.088,23
2026-06-02 17:05,ARBUSDT,FLAT,1.0000,cascade_v2.5_dual_gate,0.095600,0.095600,,,,,0.00185824,0.098900,0.096800,FLAT,0.9954,0,100,0,FLAT,0.9124,2,91,6,dual_gate_blocked,DOWN,0.29,-1.78,35.0,-1.546,-0.00,0.148,23
2026-06-02 17:05,XRPUSDT,FLAT,1.0000,cascade_v2.5_dual_gate,1.2361,1.2361,,,,,0.013943,1.2687,1.2566,FLAT,0.9987,0,100,0,FLAT,0.7174,10,72,19,dual_gate_blocked,DOWN,0.23,-2.33,33.6,-0.920,-0.00,0.092,23
2026-06-02 17:05,TRXUSDT,FLAT,1.0000,cascade_v2.5_dual_gate,0.337760,0.337760,,,,,0.00182636,0.343090,0.335750,FLAT,0.6616,1,66,33,FLAT,0.7773,7,78,15,dual_gate_blocked,DOWN,0.20,-2.92,35.1,-3.474,-0.00,0.050,23
2026-06-02 17:05,TONUSDT,FLAT,1.0000,cascade_v2.5_dual_gate,1.9670,1.9670,,,,,0.048918,2.0560,1.9819,FLAT,0.9954,0,100,0,FLAT,0.7488,7,75,18,dual_gate_blocked,DOWN,0.18,-1.82,34.7,-10.231,-2.47,0.112,23
2026-06-02 17:05,ETHUSDT,FLAT,1.0000,cascade_v2.5_dual_gate,1924.49,1924.49,,,,,22.3776,1988.80,1965.52,FLAT,0.9996,0,100,0,FLAT,0.7538,8,75,17,dual_gate_blocked,DOWN,0.30,-2.63,24.6,-12.693,-0.00,0.083,23
2026-06-02 17:05,BNBUSDT,FLAT,1.0000,cascade_v2.5_dual_gate,665.1900,665.1900,,,,,7.4475,685.4900,681.5500,FLAT,0.9996,0,100,0,FLAT,0.9407,1,94,5,dual_gate_blocked,DOWN,0.15,-2.17,21.7,-6.828,-0.00,0.076,23
2026-06-02 17:05,1000PEPEUSDT,FLAT,1.0000,cascade_v2.5_dual_gate,0.00322110,0.00322110,,,,,0.00005193,0.00334770,0.00329570,FLAT,0.9994,0,100,0,LONG,0.4503,30,25,45,dual_gate_blocked,DOWN,0.29,-2.44,29.9,-10.069,-0.00,0.109,23
2026-06-02 17:05,POLUSDT,FLAT,1.0000,cascade_v2.5_dual_gate,0.090510,0.090510,,,,,0.00129687,0.093300,0.092010,FLAT,0.9985,0,100,0,FLAT,0.9256,2,93,6,dual_gate_blocked,DOWN,0.31,-1.46,36.4,-5.040,-0.00,0.069,23
2026-06-02 17:05,NEARUSDT,FLAT,1.0000,cascade_v2.5_dual_gate,2.5590,2.5590,,,,,0.088881,2.7350,2.5900,FLAT,0.767,17,77,6,FLAT,0.7622,9,76,15,dual_gate_blocked,DOWN,0.35,-1.98,43.5,-16.298,-2.73,0.115,23
2026-06-02 17:05,AVAXUSDT,FLAT,1.0000,cascade_v2.5_dual_gate,8.4230,8.4230,,,,,0.116797,8.7400,8.6550,FLAT,0.9994,0,100,0,FLAT,0.6127,12,61,27,dual_gate_blocked,DOWN,0.23,-2.71,26.4,-11.623,-0.00,0.095,23
2026-06-02 17:05,SUIUSDT,FLAT,1.0000,cascade_v2.5_dual_gate,0.828400,0.828400,,,,,0.014140,0.854100,0.835600,FLAT,0.9876,0,99,1,FLAT,0.8105,6,81,13,dual_gate_blocked,DOWN,0.27,-1.79,31.6,-8.251,-0.00,0.111,23
2026-06-02 16:05,TAOUSDT,FLAT,1.0000,cascade_v2.5_dual_gate,240.0200,240.0200,,,,,4.8006,250.5800,245.4900,FLAT,0.9991,0,100,0,FLAT,0.9135,1,91,8,dual_gate_blocked,DOWN,0.21,-2.20,26.7,-17.532,-0.00,0.257,23
2026-06-02 16:05,DOTUSDT,FLAT,1.0000,cascade_v2.5_dual_gate,1.0990,1.0990,,,,,0.017661,1.1460,1.1190,FLAT,0.9993,0,100,0,LONG,0.3536,32,33,35,dual_gate_blocked,DOWN,0.20,-2.66,25.6,-21.486,-0.00,0.144,23
2026-06-02 16:05,1000SHIBUSDT,FLAT,1.0000,cascade_v2.5_dual_gate,0.00528200,0.00528200,,,,,0.00006001,0.00548700,0.00541700,FLAT,0.9997,0,100,0,FLAT,0.4747,18,47,35,dual_gate_blocked,DOWN,0.17,-3.05,18.1,-23.283,0.00,0.486,23
2026-06-02 16:05,ADAUSDT,FLAT,1.0000,cascade_v2.5_dual_gate,0.215900,0.215900,,,,,0.00280168,0.224500,0.226000,FLAT,0.9994,0,100,0,FLAT,0.7163,10,72,19,dual_gate_blocked,DOWN,0.14,-3.07,16.1,-14.212,-0.00,0.132,23
2026-06-02 16:05,ONDOUSDT,FLAT,1.0000,cascade_v2.5_dual_gate,0.367200,0.367200,,,,,0.010054,0.367500,0.350200,FLAT,0.9835,2,98,0,FLAT,0.4429,25,44,31,dual_gate_blocked,UP,0.68,-1.06,57.7,-13.754,1.36,0.192,23
2026-06-02 16:05,HBARUSDT,FLAT,1.0000,cascade_v2.5_dual_gate,0.088670,0.088670,,,,,0.00099162,0.090860,0.091870,FLAT,0.4898,42,49,9,FLAT,0.9571,1,96,3,dual_gate_blocked,DOWN,0.19,-2.21,23.1,-6.687,-0.00,0.186,23
2026-06-02 16:05,SOLUSDT,FLAT,1.0000,cascade_v2.5_dual_gate,76.5100,76.5100,,,,,0.946912,79.7700,79.3600,FLAT,0.9996,0,100,0,FLAT,0.9051,2,91,8,dual_gate_blocked,DOWN,0.17,-3.27,17.1,-14.389,-0.00,0.167,23
2026-06-02 16:05,LINKUSDT,FLAT,1.0000,cascade_v2.5_dual_gate,8.6030,8.6030,,,,,0.111348,8.8710,8.7690,FLAT,0.9995,0,100,0,FLAT,0.8727,3,87,10,dual_gate_blocked,DOWN,0.20,-2.41,26.5,-13.817,-0.00,0.267,23
2026-06-02 16:05,DOGEUSDT,FLAT,1.0000,cascade_v2.5_dual_gate,0.095140,0.095140,,,,,0.00122964,0.099440,0.099380,FLAT,0.9998,0,100,0,LONG,0.3869,23,39,39,dual_gate_blocked,DOWN,0.21,-3.42,17.9,-17.208,-0.00,0.218,23
2026-06-02 16:05,ARBUSDT,FLAT,1.0000,cascade_v2.5_dual_gate,0.094500,0.094500,,,,,0.00179643,0.098900,0.096800,FLAT,0.9992,0,100,0,FLAT,0.958,1,96,3,dual_gate_blocked,DOWN,0.19,-2.45,22.2,-16.296,-0.00,0.182,23
2026-06-02 16:05,XRPUSDT,FLAT,1.0000,cascade_v2.5_dual_gate,1.2246,1.2246,,,,,0.012924,1.2687,1.2566,FLAT,0.9994,0,100,0,FLAT,0.934,1,93,5,dual_gate_blocked,DOWN,0.10,-3.40,19.8,-17.152,-0.00,0.132,23
2026-06-02 16:05,TRXUSDT,FLAT,1.0000,cascade_v2.5_dual_gate,0.336610,0.336610,,,,,0.00188467,0.343090,0.338390,FLAT,0.9836,0,98,2,FLAT,0.8509,3,85,12,dual_gate_blocked,DOWN,0.08,-3.44,24.8,-13.655,-0.00,0.108,23
2026-06-02 16:05,TONUSDT,FLAT,1.0000,cascade_v2.5_dual_gate,1.9530,1.9530,,,,,0.049713,2.1115,1.9819,FLAT,0.9988,0,100,0,FLAT,0.6278,12,63,25,dual_gate_blocked,DOWN,0.14,-2.07,27.5,-17.195,-0.00,0.117,23
2026-06-02 16:05,ETHUSDT,FLAT,1.0000,cascade_v2.5_dual_gate,1916.44,1916.44,,,,,21.0922,1988.80,1965.52,FLAT,0.9997,0,100,0,FLAT,0.7696,6,77,17,dual_gate_blocked,DOWN,0.23,-3.17,15.9,-23.415,-0.00,0.197,23
2026-06-02 16:05,BNBUSDT,FLAT,1.0000,cascade_v2.5_dual_gate,663.3900,663.3900,,,,,7.2039,685.4900,681.5500,FLAT,0.9995,0,100,0,FLAT,0.9364,1,94,5,dual_gate_blocked,DOWN,0.11,-2.71,15.9,-15.078,-0.00,0.189,23
2026-06-02 16:05,1000PEPEUSDT,FLAT,1.0000,cascade_v2.5_dual_gate,0.00319930,0.00319930,,,,,0.00005126,0.00334770,0.00329570,FLAT,0.9997,0,100,0,FLAT,0.3699,28,37,35,dual_gate_blocked,DOWN,0.22,-2.89,21.8,-18.985,-0.00,0.272,23
2026-06-02 16:05,POLUSDT,FLAT,1.0000,cascade_v2.5_dual_gate,0.089180,0.089180,,,,,0.00116059,0.093300,0.092010,FLAT,0.9996,0,100,0,FLAT,0.9426,1,94,5,dual_gate_blocked,DOWN,0.08,-3.31,18.4,-19.831,0.00,1.211,23
2026-06-02 16:05,NEARUSDT,FLAT,1.0000,cascade_v2.5_dual_gate,2.4760,2.4760,,,,,0.086730,2.7350,2.5900,FLAT,0.5889,28,59,13,FLAT,0.7966,7,80,14,dual_gate_blocked,DOWN,0.09,-2.99,29.2,-34.813,-0.00,0.104,23
2026-06-02 16:05,AVAXUSDT,FLAT,1.0000,cascade_v2.5_dual_gate,8.3770,8.3770,,,,,0.114766,8.7400,8.6550,FLAT,0.9996,0,100,0,FLAT,0.9622,1,96,3,dual_gate_blocked,DOWN,0.17,-3.16,18.5,-20.310,-0.00,0.260,23
2026-06-02 16:05,SUIUSDT,FLAT,1.0000,cascade_v2.5_dual_gate,0.826100,0.826100,,,,,0.013851,0.854100,0.835600,FLAT,0.9974,0,100,0,FLAT,0.8627,4,86,9,dual_gate_blocked,DOWN,0.23,-1.99,28.0,-9.514,-0.00,0.114,23
2026-06-02 13:05,TAOUSDT,FLAT,1.0000,cascade_v2.5_hybrid_pruned_scenario_I,248.5900,248.5900,,,,,3.3052,255.1200,245.4900,FLAT,0.6782,0,68,32,,,,,,flat_flat_no_review,DOWN,0.31,-1.93,45.2,11.785,-0.00,0.100,23
2026-06-02 13:05,DOTUSDT,SHORT,0.7190,cascade_v2.5_hybrid_pruned_scenario_I,1.1400,1.1400,1.1158,10.6,1.1620,9.7,0.012094,1.1560,1.1190,SHORT,0.719,72,12,17,,,8,75,17,lgbm_direct,DOWN,0.42,-0.50,49.5,11.496,-0.00,0.085,23
2026-06-02 13:05,1000SHIBUSDT,FLAT,1.0000,cascade_v2.5_hybrid_pruned_scenario_I,0.00546000,0.00546000,,,,,0.00003976,0.00552200,0.00541700,FLAT,0.5981,25,60,15,,,,,,flat_flat_no_review,DOWN,0.38,-0.78,47.6,14.636,-0.00,0.188,23
2026-06-02 13:05,ADAUSDT,FLAT,1.0000,cascade_v2.5_hybrid_pruned_scenario_I,0.223100,0.223100,,,,,0.00183687,0.228500,0.226000,FLAT,1.0,0,100,0,,,,,,flat_flat_no_review,DOWN,0.15,-0.98,30.3,8.983,-0.00,0.243,23
2026-06-02 13:05,ONDOUSDT,FLAT,1.0000,cascade_v2.5_hybrid_pruned_scenario_I,0.373300,0.373300,,,,,0.00803463,0.367500,0.348100,FLAT,0.9999,0,100,0,,,,,,flat_flat_no_review,UP,0.96,-0.15,72.4,26.881,-0.00,0.365,23
2026-06-02 13:05,HBARUSDT,FLAT,1.0000,cascade_v2.5_hybrid_pruned_scenario_I,0.090120,0.090120,,,,,0.00075909,0.092800,0.091870,FLAT,1.0,0,100,0,,,,,,flat_flat_no_review,DOWN,0.12,-1.08,29.7,4.900,-0.00,0.075,23
2026-06-02 13:05,SOLUSDT,FLAT,1.0000,cascade_v2.5_hybrid_pruned_scenario_I,78.9900,78.9900,,,,,0.622235,80.9900,79.3600,FLAT,0.9968,0,100,0,,,,,,flat_flat_no_review,DOWN,0.14,-1.45,33.1,5.638,-0.00,0.241,23
2026-06-02 13:05,LINKUSDT,FLAT,1.0000,cascade_v2.5_hybrid_pruned_scenario_I,8.8490,8.8490,,,,,0.073903,9.0270,8.7690,FLAT,0.5407,0,54,46,,,6,79,15,flat_lstm_reviewed,DOWN,0.24,-0.46,43.9,14.172,-0.00,0.118,23
2026-06-02 13:05,DOGEUSDT,FLAT,1.0000,cascade_v2.5_hybrid_pruned_scenario_I,0.098780,0.098780,,,,,0.00070921,0.101010,0.099380,FLAT,0.9985,0,100,0,,,,,,flat_flat_no_review,DOWN,0.30,-1.24,37.4,6.497,-0.00,0.137,23
2026-06-02 13:05,ARBUSDT,FLAT,1.0000,cascade_v2.5_hybrid_pruned_scenario_I,0.098400,0.098400,,,,,0.00117104,0.101700,0.096800,SHORT,0.588,59,16,26,,,7,82,12,flat_lstm_reviewed,DOWN,0.23,-1.02,40.1,16.767,-0.00,0.103,23
2026-06-02 13:05,XRPUSDT,FLAT,1.0000,cascade_v2.5_hybrid_pruned_scenario_I,1.2649,1.2649,,,,,0.00885620,1.2893,1.2566,FLAT,0.6876,0,69,31,,,,,,flat_flat_no_review,DOWN,0.17,-0.77,39.7,16.145,-0.00,0.093,23
2026-06-02 13:05,TRXUSDT,FLAT,1.0000,cascade_v2.5_hybrid_pruned_scenario_I,0.340070,0.340070,,,,,0.00163384,0.342500,0.338390,FLAT,0.5015,0,50,50,,,9,73,18,flat_lstm_reviewed,DOWN,0.15,-1.85,38.3,5.638,-0.00,0.087,23
2026-06-02 13:05,TONUSDT,FLAT,1.0000,cascade_v2.5_hybrid_pruned_scenario_I,2.0265,2.0265,,,,,0.039918,2.1115,1.9819,FLAT,0.5323,4,53,43,,,14,63,23,flat_lstm_reviewed,DOWN,0.28,-1.39,43.3,5.733,-0.00,0.069,23
2026-06-02 13:05,ETHUSDT,FLAT,1.0000,cascade_v2.5_hybrid_pruned_scenario_I,1976.30,1976.30,,,,,12.4229,2005.92,1965.52,FLAT,0.7152,15,72,14,,,,,,flat_flat_no_review,DOWN,0.36,-1.07,40.5,5.206,-0.00,0.094,23
2026-06-02 13:05,BNBUSDT,FLAT,1.0000,cascade_v2.5_hybrid_pruned_scenario_I,676.1400,676.1400,,,,,5.5587,694.6900,681.5500,FLAT,0.9999,0,100,0,,,,,,flat_flat_no_review,DOWN,0.07,-1.93,29.9,-0.117,-0.00,0.193,23
2026-06-02 13:05,1000PEPEUSDT,FLAT,1.0000,cascade_v2.5_hybrid_pruned_scenario_I,0.00333460,0.00333460,,,,,0.00003310,0.00340920,0.00329570,FLAT,0.5809,0,58,42,,,35,22,43,flat_lstm_reviewed,DOWN,0.29,-0.50,43.8,13.320,-0.00,0.127,23
2026-06-02 13:05,POLUSDT,FLAT,1.0000,cascade_v2.5_hybrid_pruned_scenario_I,0.091860,0.091860,,,,,0.00070992,0.093710,0.092010,FLAT,0.9838,0,98,2,,,,,,flat_flat_no_review,DOWN,0.24,-2.03,40.0,1.706,-1.71,0.056,23
2026-06-02 13:05,NEARUSDT,FLAT,1.0000,cascade_v2.5_hybrid_pruned_scenario_I,2.7260,2.7260,,,,,0.070367,2.7580,2.5660,SHORT,0.5318,53,47,0,,,27,47,27,flat_lstm_reviewed,UP,0.92,-0.10,67.3,13.622,3.42,0.064,23
2026-06-02 13:05,AVAXUSDT,FLAT,1.0000,cascade_v2.5_hybrid_pruned_scenario_I,8.7070,8.7070,,,,,0.076993,8.8920,8.6550,FLAT,0.811,0,81,19,,,,,,flat_flat_no_review,DOWN,0.17,-0.65,41.5,11.603,-0.00,0.131,23
2026-06-02 13:05,SUIUSDT,FLAT,1.0000,cascade_v2.5_hybrid_pruned_scenario_I,0.849300,0.849300,,,,,0.010220,0.877700,0.835600,SHORT,0.5595,56,16,28,,,13,69,19,flat_lstm_reviewed,DOWN,0.27,-0.85,41.5,16.623,-0.00,0.101,23
2026-06-02 12:05,TAOUSDT,FLAT,1.0000,cascade_v2.5_hybrid_pruned_scenario_I,247.3200,247.3200,,,,,3.3256,255.1200,244.8000,FLAT,0.7623,0,76,24,,,,,,flat_flat_no_review,DOWN,0.25,-2.30,40.3,3.273,-0.00,0.057,23
2026-06-02 12:05,DOTUSDT,FLAT,1.0000,cascade_v2.5_hybrid_pruned_scenario_I,1.1340,1.1340,,,,,0.012385,1.1560,1.1190,SHORT,0.465,46,20,33,,,5,82,13,flat_lstm_reviewed,DOWN,0.30,-0.97,42.7,3.001,-0.00,0.098,23
2026-06-02 12:05,1000SHIBUSDT,FLAT,1.0000,cascade_v2.5_hybrid_pruned_scenario_I,0.00544000,0.00544000,,,,,0.00004102,0.00552200,0.00541700,FLAT,0.6739,2,67,31,,,,,,flat_flat_no_review,DOWN,0.32,-1.37,38.9,-2.405,-0.00,0.159,23
2026-06-02 12:05,ADAUSDT,FLAT,1.0000,cascade_v2.5_hybrid_pruned_scenario_I,0.222500,0.222500,,,,,0.00186306,0.228500,0.222200,FLAT,0.8174,0,82,18,,,,,,flat_flat_no_review,DOWN,0.03,-2.09,26.3,2.786,-1.56,0.108,23
2026-06-02 12:05,ONDOUSDT,FLAT,1.0000,cascade_v2.5_hybrid_pruned_scenario_I,0.359200,0.359200,,,,,0.00689637,0.367500,0.348100,SHORT,0.4124,41,20,39,,,20,56,24,flat_lstm_reviewed,UP,0.65,-0.45,56.7,5.425,-0.00,0.087,23
2026-06-02 12:05,HBARUSDT,FLAT,1.0000,cascade_v2.5_hybrid_pruned_scenario_I,0.089740,0.089740,,,,,0.00077649,0.092800,0.091870,FLAT,1.0,0,100,0,,,,,,flat_flat_no_review,DOWN,0.02,-2.65,21.7,-6.968,-0.00,0.105,23
2026-06-02 12:05,SOLUSDT,FLAT,1.0000,cascade_v2.5_hybrid_pruned_scenario_I,78.8700,78.8700,,,,,0.641451,80.9900,78.7100,FLAT,0.9368,0,94,6,,,,,,flat_flat_no_review,DOWN,0.05,-2.63,29.8,-4.178,-2.20,0.071,23
2026-06-02 12:05,LINKUSDT,FLAT,1.0000,cascade_v2.5_hybrid_pruned_scenario_I,8.8160,8.8160,,,,,0.075549,9.0270,8.7690,FLAT,0.7431,0,74,26,,,,,,flat_flat_no_review,DOWN,0.14,-2.05,37.1,4.781,-0.00,0.061,23
2026-06-02 12:05,DOGEUSDT,FLAT,1.0000,cascade_v2.5_hybrid_pruned_scenario_I,0.098640,0.098640,,,,,0.00071863,0.101010,0.098440,FLAT,0.9455,0,95,5,,,,,,flat_flat_no_review,DOWN,0.26,-2.31,34.5,-2.061,-1.78,0.094,23
2026-06-02 12:05,ARBUSDT,FLAT,1.0000,cascade_v2.5_hybrid_pruned_scenario_I,0.098000,0.098000,,,,,0.00119428,0.101700,0.098800,FLAT,0.9996,0,100,0,,,,,,flat_flat_no_review,DOWN,0.17,-2.26,34.0,6.352,-0.00,0.109,23
2026-06-02 12:05,XRPUSDT,FLAT,1.0000,cascade_v2.5_hybrid_pruned_scenario_I,1.2616,1.2616,,,,,0.00929972,1.2893,1.2566,FLAT,0.6407,0,64,36,,,13,67,20,flat_lstm_reviewed,DOWN,0.10,-2.02,34.1,7.100,-0.00,0.054,23
2026-06-02 12:05,TRXUSDT,FLAT,1.0000,cascade_v2.5_hybrid_pruned_scenario_I,0.342950,0.342950,,,,,0.00141177,0.342500,0.338390,FLAT,0.9839,1,98,0,,,,,,flat_flat_no_review,DOWN,0.41,-0.01,56.8,26.920,0.37,0.294,23
2026-06-02 12:05,TONUSDT,FLAT,1.0000,cascade_v2.5_hybrid_pruned_scenario_I,2.0290,2.0290,,,,,0.042454,2.1115,1.9819,LONG,0.4977,10,40,50,,,12,67,21,flat_lstm_reviewed,DOWN,0.31,-1.36,43.9,8.850,-0.00,0.030,23
2026-06-02 12:05,ETHUSDT,FLAT,1.0000,cascade_v2.5_hybrid_pruned_scenario_I,1979.23,1979.23,,,,,12.9665,2005.92,1965.52,FLAT,0.4558,43,46,11,,,26,44,30,flat_lstm_reviewed,DOWN,0.45,-1.65,43.4,4.752,-0.00,0.040,23
2026-06-02 12:05,BNBUSDT,FLAT,1.0000,cascade_v2.5_hybrid_pruned_scenario_I,679.8200,679.8200,,,,,5.7139,694.6900,681.5500,FLAT,0.9944,0,99,1,,,,,,flat_flat_no_review,DOWN,0.20,-1.71,38.0,1.692,-2.18,0.039,23
2026-06-02 12:05,1000PEPEUSDT,FLAT,1.0000,cascade_v2.5_hybrid_pruned_scenario_I,0.00332120,0.00332120,,,,,0.00003419,0.00340920,0.00329570,FLAT,0.7616,0,76,24,,,,,,flat_flat_no_review,DOWN,0.19,-1.60,37.3,2.585,-0.00,0.083,23
2026-06-02 12:05,POLUSDT,FLAT,1.0000,cascade_v2.5_hybrid_pruned_scenario_I,0.091600,0.091600,,,,,0.00075791,0.093710,0.092010,FLAT,0.9965,0,100,0,,,,,,flat_flat_no_review,DOWN,0.17,-2.24,34.6,-15.731,-0.00,0.054,23
2026-06-02 12:05,NEARUSDT,SHORT,0.6584,cascade_v2.5_hybrid_pruned_scenario_I,2.6850,2.6850,2.5444,26.2,2.7931,20.1,0.070290,2.7580,2.5660,SHORT,0.6584,66,34,0,,,22,53,25,lgbm_direct,UP,0.83,-0.46,61.7,2.591,-0.00,0.040,23
2026-06-02 12:05,AVAXUSDT,FLAT,1.0000,cascade_v2.5_hybrid_pruned_scenario_I,8.6830,8.6830,,,,,0.077895,8.8920,8.6550,FLAT,0.7955,0,80,20,,,,,,flat_flat_no_review,DOWN,0.09,-1.90,36.3,3.492,-2.12,0.045,23
2026-06-02 12:05,SUIUSDT,FLAT,1.0000,cascade_v2.5_hybrid_pruned_scenario_I,0.846700,0.846700,,,,,0.010657,0.877700,0.835600,FLAT,0.5943,0,59,41,,,14,68,19,flat_lstm_reviewed,DOWN,0.22,-1.90,37.2,6.689,-0.00,0.041,23
2026-06-02 11:05,TAOUSDT,FLAT,1.0000,cascade_v2.5_hybrid_pruned_scenario_I,250.0200,250.0200,,,,,3.4086,255.1200,244.8000,SHORT,0.5432,54,7,39,,,21,53,26,flat_lstm_reviewed,DOWN,0.46,-1.50,49.0,8.083,-0.00,0.050,23
2026-06-02 11:05,DOTUSDT,FLAT,1.0000,cascade_v2.5_hybrid_pruned_scenario_I,1.1440,1.1440,,,,,0.012188,1.1560,1.1190,SHORT,0.4466,45,37,19,,,12,67,21,flat_lstm_reviewed,DOWN,0.50,-0.98,52.6,19.539,-0.00,0.069,23
2026-06-02 11:05,1000SHIBUSDT,FLAT,1.0000,cascade_v2.5_hybrid_pruned_scenario_I,0.00545100,0.00545100,,,,,0.00004194,0.00552200,0.00541800,FLAT,0.5582,1,56,43,,,23,44,34,flat_lstm_reviewed,DOWN,0.38,-1.69,42.2,-1.876,-0.00,0.045,23
2026-06-02 11:05,ADAUSDT,FLAT,1.0000,cascade_v2.5_hybrid_pruned_scenario_I,0.224000,0.224000,,,,,0.00190866,0.228500,0.226000,FLAT,0.9995,0,100,0,,,,,,flat_flat_no_review,DOWN,0.19,-2.36,33.2,8.945,-0.00,0.023,23
2026-06-02 11:05,ONDOUSDT,FLAT,1.0000,cascade_v2.5_hybrid_pruned_scenario_I,0.360500,0.360500,,,,,0.00696453,0.367500,0.348100,FLAT,0.5492,45,55,0,,,22,53,26,flat_lstm_reviewed,UP,0.71,-1.01,59.4,11.174,-0.00,0.075,23
2026-06-02 11:05,HBARUSDT,FLAT,1.0000,cascade_v2.5_hybrid_pruned_scenario_I,0.090280,0.090280,,,,,0.00079041,0.092800,0.091870,FLAT,1.0,0,100,0,,,,,,flat_flat_no_review,DOWN,0.11,-3.19,26.9,-2.002,-0.00,0.042,23
2026-06-02 11:05,SOLUSDT,FLAT,1.0000,cascade_v2.5_hybrid_pruned_scenario_I,79.3100,79.3100,,,,,0.640546,80.9900,79.3600,FLAT,0.9315,0,93,7,,,,,,flat_flat_no_review,DOWN,0.20,-2.62,35.4,0.561,-1.34,0.120,23
2026-06-02 11:05,LINKUSDT,FLAT,1.0000,cascade_v2.5_hybrid_pruned_scenario_I,8.8470,8.8470,,,,,0.077193,9.0270,8.8010,FLAT,0.7075,0,71,29,,,,,,flat_flat_no_review,DOWN,0.23,-2.33,40.4,6.620,-0.00,0.041,23
2026-06-02 11:05,DOGEUSDT,FLAT,1.0000,cascade_v2.5_hybrid_pruned_scenario_I,0.099150,0.099150,,,,,0.00074057,0.101010,0.099380,FLAT,0.9487,0,95,5,,,,,,flat_flat_no_review,DOWN,0.41,-2.51,40.8,5.215,-2.16,0.050,23
2026-06-02 11:05,ARBUSDT,FLAT,1.0000,cascade_v2.5_hybrid_pruned_scenario_I,0.098300,0.098300,,,,,0.00123443,0.101700,0.098800,FLAT,0.9988,0,100,0,,,,,,flat_flat_no_review,DOWN,0.21,-2.75,36.7,8.459,-2.22,0.083,23
2026-06-02 11:05,XRPUSDT,FLAT,1.0000,cascade_v2.5_hybrid_pruned_scenario_I,1.2646,1.2646,,,,,0.00931301,1.2893,1.2788,FLAT,1.0,0,100,0,,,,,,flat_flat_no_review,DOWN,0.16,-2.65,35.2,5.893,-0.00,0.026,23
2026-06-02 11:05,TRXUSDT,FLAT,1.0000,cascade_v2.5_hybrid_pruned_scenario_I,0.340750,0.340750,,,,,0.00130937,0.342500,0.338390,LONG,0.6836,20,11,68,,,11,69,20,flat_lstm_reviewed,DOWN,0.20,-1.34,37.8,5.179,-0.00,0.196,23
2026-06-02 11:05,TONUSDT,FLAT,1.0000,cascade_v2.5_hybrid_pruned_scenario_I,2.0352,2.0352,,,,,0.044670,2.1115,1.9819,LONG,0.4444,20,36,44,,,13,65,22,flat_lstm_reviewed,DOWN,0.38,-1.71,44.2,5.245,-0.00,0.065,23
2026-06-02 11:05,ETHUSDT,FLAT,1.0000,cascade_v2.5_hybrid_pruned_scenario_I,1980.46,1980.46,,,,,13.3850,2005.92,1961.31,LONG,0.5779,27,15,58,,,26,41,32,flat_lstm_reviewed,DOWN,0.47,-1.90,43.8,3.280,-0.00,0.050,23
2026-06-02 11:05,BNBUSDT,FLAT,1.0000,cascade_v2.5_hybrid_pruned_scenario_I,680.2900,680.2900,,,,,5.9057,694.6900,681.5500,FLAT,0.989,0,99,1,,,,,,flat_flat_no_review,DOWN,0.22,-2.44,36.8,0.401,-2.06,0.026,23
2026-06-02 11:05,1000PEPEUSDT,FLAT,0.5239,cascade_v2.5_hybrid_pruned_scenario_I,0.00333830,0.00333830,,,,,0.00003364,0.00340920,0.00329570,SHORT,0.6083,61,21,19,,,37,24,39,lgbm_direct,DOWN,0.32,-2.11,41.7,8.804,-0.00,0.054,23
2026-06-02 11:05,POLUSDT,FLAT,1.0000,cascade_v2.5_hybrid_pruned_scenario_I,0.091450,0.091450,,,,,0.00077092,0.093710,0.092010,FLAT,0.9998,0,100,0,,,,,,flat_flat_no_review,DOWN,0.08,-2.93,30.9,-18.622,-0.00,0.070,23
2026-06-02 11:05,NEARUSDT,FLAT,1.0000,cascade_v2.5_hybrid_pruned_scenario_I,2.6930,2.6930,,,,,0.074498,2.7580,2.5660,FLAT,0.5722,43,57,0,,,22,52,25,flat_lstm_reviewed,UP,0.86,-0.87,63.1,12.476,-0.00,0.099,23
2026-06-02 11:05,AVAXUSDT,FLAT,1.0000,cascade_v2.5_hybrid_pruned_scenario_I,8.7260,8.7260,,,,,0.079632,8.8920,8.6550,FLAT,0.5578,0,56,44,,,6,83,11,flat_lstm_reviewed,DOWN,0.22,-2.08,41.2,7.516,-0.00,0.053,23
2026-06-02 11:05,SUIUSDT,FLAT,1.0000,cascade_v2.5_hybrid_pruned_scenario_I,0.847800,0.847800,,,,,0.010945,0.877700,0.851700,FLAT,0.9982,0,100,0,,,,,,flat_flat_no_review,DOWN,0.24,-2.73,37.3,4.138,-1.37,0.057,23
2026-06-02 10:05,TAOUSDT,FLAT,1.0000,cascade_v2.5_hybrid_pruned_scenario_I,245.9300,245.9300,,,,,3.2513,255.1200,244.8000,FLAT,0.9375,0,94,6,,,,,,flat_flat_no_review,DOWN,0.14,-2.83,31.5,-17.001,-2.46,0.127,23
2026-06-02 10:05,DOTUSDT,LONG,0.7122,cascade_v2.5_hybrid_pruned_scenario_I,1.1310,1.1310,1.1560,11.1,1.1131,7.9,0.011868,1.1560,1.1190,LONG,0.7122,0,29,71,,,4,84,12,lgbm_direct,DOWN,0.22,-2.11,37.0,2.694,-0.00,0.065,23
2026-06-02 10:05,1000SHIBUSDT,FLAT,1.0000,cascade_v2.5_hybrid_pruned_scenario_I,0.00543000,0.00543000,,,,,0.00004241,0.00552200,0.00541800,FLAT,0.9125,0,91,9,,,,,,flat_flat_no_review,DOWN,0.27,-2.22,33.0,-8.835,-1.86,0.078,23
2026-06-02 10:05,ADAUSDT,FLAT,1.0000,cascade_v2.5_hybrid_pruned_scenario_I,0.222900,0.222900,,,,,0.00198076,0.228500,0.226000,FLAT,1.0,0,100,0,,,,,,flat_flat_no_review,DOWN,0.07,-2.88,20.6,-1.588,-0.00,0.108,23
2026-06-02 10:05,ONDOUSDT,FLAT,1.0000,cascade_v2.5_hybrid_pruned_scenario_I,0.352300,0.352300,,,,,0.00653036,0.367500,0.348100,FLAT,0.5608,0,56,44,,,14,65,21,flat_lstm_reviewed,DOWN,0.37,-2.36,45.3,0.619,-0.00,0.042,23
2026-06-02 10:05,HBARUSDT,FLAT,1.0000,cascade_v2.5_hybrid_pruned_scenario_I,0.089990,0.089990,,,,,0.00082873,0.092800,0.091870,FLAT,1.0,0,100,0,,,,,,flat_flat_no_review,DOWN,0.04,-3.39,22.7,-7.030,-0.00,0.252,23
2026-06-02 10:05,SOLUSDT,FLAT,1.0000,cascade_v2.5_hybrid_pruned_scenario_I,79.0700,79.0700,,,,,0.668220,80.9900,79.3600,FLAT,0.9976,0,100,0,,,,,,flat_flat_no_review,DOWN,0.12,-2.93,27.8,-4.925,-2.19,0.052,23
2026-06-02 10:05,LINKUSDT,FLAT,1.0000,cascade_v2.5_hybrid_pruned_scenario_I,8.7960,8.7960,,,,,0.077151,9.0270,8.8010,FLAT,0.9752,0,98,2,,,,,,flat_flat_no_review,DOWN,0.08,-3.03,29.2,-3.355,-1.45,0.082,23
2026-06-02 10:05,DOGEUSDT,FLAT,1.0000,cascade_v2.5_hybrid_pruned_scenario_I,0.098770,0.098770,,,,,0.00075943,0.101010,0.099380,FLAT,0.9958,0,100,0,,,,,,flat_flat_no_review,DOWN,0.30,-2.95,31.7,-4.633,-0.00,0.075,23
2026-06-02 10:05,ARBUSDT,FLAT,1.0000,cascade_v2.5_hybrid_pruned_scenario_I,0.097300,0.097300,,,,,0.00126947,0.101700,0.098800,FLAT,1.0,0,100,0,,,,,,flat_flat_no_review,DOWN,0.07,-3.47,22.8,-7.620,-0.00,0.222,23
2026-06-02 10:05,XRPUSDT,FLAT,1.0000,cascade_v2.5_hybrid_pruned_scenario_I,1.2597,1.2597,,,,,0.00946681,1.2893,1.2788,FLAT,1.0,0,100,0,,,,,,flat_flat_no_review,DOWN,0.06,-3.13,24.9,-0.392,-0.00,0.085,23
2026-06-02 10:05,TRXUSDT,FLAT,1.0000,cascade_v2.5_hybrid_pruned_scenario_I,0.340440,0.340440,,,,,0.00130148,0.342500,0.338390,LONG,0.5729,34,9,57,,,8,78,14,flat_lstm_reviewed,DOWN,0.16,-2.08,31.1,14.991,-0.00,0.075,23
2026-06-02 10:05,TONUSDT,FLAT,1.0000,cascade_v2.5_hybrid_pruned_scenario_I,2.0075,2.0075,,,,,0.046301,2.1115,2.0353,FLAT,0.9996,0,100,0,,,,,,flat_flat_no_review,DOWN,0.33,-2.48,36.4,-10.339,-0.00,0.038,23
2026-06-02 10:05,ETHUSDT,FLAT,1.0000,cascade_v2.5_hybrid_pruned_scenario_I,1974.57,1974.57,,,,,13.8875,2005.92,1961.31,LONG,0.6132,1,38,61,,,24,44,32,flat_lstm_reviewed,DOWN,0.37,-2.26,35.6,-5.334,-0.00,0.066,23
2026-06-02 10:05,BNBUSDT,FLAT,1.0000,cascade_v2.5_hybrid_pruned_scenario_I,677.6700,677.6700,,,,,6.2227,694.6900,681.5500,FLAT,0.9986,0,100,0,,,,,,flat_flat_no_review,DOWN,0.10,-2.95,29.3,-9.060,-0.00,0.096,23
2026-06-02 10:05,1000PEPEUSDT,FLAT,1.0000,cascade_v2.5_hybrid_pruned_scenario_I,0.00331700,0.00331700,,,,,0.00003390,0.00340920,0.00329570,FLAT,0.8913,0,89,11,,,,,,flat_flat_no_review,DOWN,0.16,-2.72,29.7,-3.423,-0.00,0.078,23
2026-06-02 10:05,POLUSDT,FLAT,1.0000,cascade_v2.5_hybrid_pruned_scenario_I,0.091850,0.091850,,,,,0.00079588,0.093710,0.092010,FLAT,0.9915,0,99,1,,,,,,flat_flat_no_review,DOWN,0.17,-2.36,34.8,-9.036,-1.14,0.321,23
2026-06-02 10:05,NEARUSDT,FLAT,1.0000,cascade_v2.5_hybrid_pruned_scenario_I,2.6280,2.6280,,,,,0.073273,2.7580,2.5660,FLAT,0.5803,0,58,42,,,17,60,23,flat_lstm_reviewed,UP,0.72,-1.77,53.9,2.717,-0.00,0.042,23
2026-06-02 10:05,AVAXUSDT,FLAT,1.0000,cascade_v2.5_hybrid_pruned_scenario_I,8.6740,8.6740,,,,,0.080653,8.8920,8.6550,FLAT,0.9528,0,95,5,,,,,,flat_flat_no_review,DOWN,0.06,-2.70,29.3,-3.564,-2.17,0.062,23
2026-06-02 10:05,SUIUSDT,FLAT,1.0000,cascade_v2.5_hybrid_pruned_scenario_I,0.839800,0.839800,,,,,0.011173,0.877700,0.851700,FLAT,1.0,0,100,0,,,,,,flat_flat_no_review,DOWN,0.08,-3.39,24.9,-9.964,-0.00,0.137,23
2026-06-02 09:05,TAOUSDT,FLAT,1.0000,cascade_v2.5_hybrid_pruned_scenario_I,247.4800,247.4800,,,,,3.4086,255.1200,244.8000,FLAT,0.8263,0,83,17,,,,,,flat_flat_no_review,DOWN,0.26,-2.24,35.9,-15.244,-0.00,0.071,23
2026-06-02 09:05,DOTUSDT,FLAT,1.0000,cascade_v2.5_hybrid_pruned_scenario_I,1.1340,1.1340,,,,,0.012546,1.1610,1.1270,LONG,0.5711,0,43,57,,,3,87,10,flat_lstm_reviewed,DOWN,0.28,-1.75,39.7,6.571,-0.00,0.109,23
2026-06-02 09:05,1000SHIBUSDT,FLAT,1.0000,cascade_v2.5_hybrid_pruned_scenario_I,0.00545200,0.00545200,,,,,0.00004353,0.00554200,0.00541800,FLAT,0.5274,0,53,47,,,18,42,40,flat_lstm_reviewed,DOWN,0.38,-1.65,38.5,-1.932,-0.00,0.087,23
2026-06-02 09:05,ADAUSDT,FLAT,1.0000,cascade_v2.5_hybrid_pruned_scenario_I,0.223700,0.223700,,,,,0.00202908,0.231200,0.226000,FLAT,0.9999,0,100,0,,,,,,flat_flat_no_review,DOWN,0.13,-2.41,23.5,-0.345,-0.00,0.071,23
2026-06-02 09:05,ONDOUSDT,FLAT,1.0000,cascade_v2.5_hybrid_pruned_scenario_I,0.354700,0.354700,,,,,0.00691144,0.367700,0.344800,LONG,0.5852,34,7,59,,,17,59,24,flat_lstm_reviewed,DOWN,0.47,-1.88,49.8,3.380,-0.00,0.075,23
2026-06-02 09:05,HBARUSDT,FLAT,1.0000,cascade_v2.5_hybrid_pruned_scenario_I,0.090530,0.090530,,,,,0.00082617,0.092800,0.091870,FLAT,1.0,0,100,0,,,,,,flat_flat_no_review,DOWN,0.09,-2.75,27.7,-0.155,-0.00,0.073,23
2026-06-02 09:05,SOLUSDT,FLAT,1.0000,cascade_v2.5_hybrid_pruned_scenario_I,79.4400,79.4400,,,,,0.669074,81.2700,79.3600,FLAT,0.9037,0,90,10,,,,,,flat_flat_no_review,DOWN,0.15,-2.38,32.1,-1.049,-2.18,0.086,23
2026-06-02 09:05,LINKUSDT,FLAT,1.0000,cascade_v2.5_hybrid_pruned_scenario_I,8.8150,8.8150,,,,,0.081502,9.0690,8.8010,FLAT,0.9264,0,93,7,,,,,,flat_flat_no_review,DOWN,0.10,-2.64,31.1,-4.616,-1.38,0.110,23
2026-06-02 09:05,DOGEUSDT,FLAT,1.0000,cascade_v2.5_hybrid_pruned_scenario_I,0.098960,0.098960,,,,,0.00078468,0.101200,0.099380,FLAT,0.9895,0,99,1,,,,,,flat_flat_no_review,DOWN,0.35,-2.61,33.3,-5.677,-0.00,0.073,23
2026-06-02 09:05,ARBUSDT,FLAT,1.0000,cascade_v2.5_hybrid_pruned_scenario_I,0.098000,0.098000,,,,,0.00129041,0.102700,0.098800,FLAT,0.9999,0,100,0,,,,,,flat_flat_no_review,DOWN,0.09,-2.87,26.4,-8.012,-0.00,0.062,23
2026-06-02 09:05,XRPUSDT,FLAT,1.0000,cascade_v2.5_hybrid_pruned_scenario_I,1.2625,1.2625,,,,,0.00984221,1.2968,1.2788,FLAT,1.0,0,100,0,,,,,,flat_flat_no_review,DOWN,0.10,-2.72,25.8,-0.634,-0.00,0.134,23
2026-06-02 09:05,TRXUSDT,LONG,0.6994,cascade_v2.5_hybrid_pruned_scenario_I,0.340640,0.340640,0.343460,4.1,0.337695,4.3,0.00139022,0.343460,0.338390,LONG,0.6994,18,12,70,,,11,74,15,lgbm_direct,DOWN,0.17,-1.81,32.2,7.632,-0.00,0.077,23
2026-06-02 09:05,TONUSDT,FLAT,1.0000,cascade_v2.5_hybrid_pruned_scenario_I,1.9998,1.9998,,,,,0.049483,2.1222,2.0353,FLAT,0.9999,0,100,0,,,,,,flat_flat_no_review,DOWN,0.31,-2.47,34.1,-9.552,-0.00,0.068,23
2026-06-02 09:05,ETHUSDT,FLAT,1.0000,cascade_v2.5_hybrid_pruned_scenario_I,1975.23,1975.23,,,,,14.5323,2006.44,1961.31,LONG,0.6825,1,30,68,,,24,44,32,flat_lstm_reviewed,DOWN,0.38,-2.11,35.9,-6.741,-0.00,0.117,23
2026-06-02 09:05,BNBUSDT,FLAT,1.0000,cascade_v2.5_hybrid_pruned_scenario_I,681.2600,681.2600,,,,,6.2195,696.0000,681.5500,FLAT,0.931,0,93,7,,,,,,flat_flat_no_review,DOWN,0.17,-2.37,34.5,-4.439,-1.46,0.070,23
2026-06-02 09:05,1000PEPEUSDT,FLAT,1.0000,cascade_v2.5_hybrid_pruned_scenario_I,0.00332530,0.00332530,,,,,0.00003558,0.00342360,0.00333240,FLAT,0.9948,0,99,1,,,,,,flat_flat_no_review,DOWN,0.22,-2.36,32.0,-3.303,-1.85,0.113,23
2026-06-02 09:05,POLUSDT,FLAT,1.0000,cascade_v2.5_hybrid_pruned_scenario_I,0.092860,0.092860,,,,,0.00075104,0.094570,0.092010,FLAT,0.5861,9,59,32,,,,,,flat_flat_no_review,DOWN,0.46,-1.16,48.0,8.960,-0.00,0.080,23
2026-06-02 09:05,NEARUSDT,FLAT,1.0000,cascade_v2.5_hybrid_pruned_scenario_I,2.6590,2.6590,,,,,0.076884,2.7580,2.5610,LONG,0.4925,40,10,49,,,19,56,25,flat_lstm_reviewed,UP,0.79,-1.29,59.7,9.371,-0.00,0.081,23
2026-06-02 09:05,AVAXUSDT,FLAT,1.0000,cascade_v2.5_hybrid_pruned_scenario_I,8.7010,8.7010,,,,,0.084815,8.9410,8.6550,FLAT,0.6681,0,67,33,,,,,,flat_flat_no_review,DOWN,0.14,-2.25,32.3,-2.599,-0.00,0.088,23
2026-06-02 09:05,SUIUSDT,FLAT,1.0000,cascade_v2.5_hybrid_pruned_scenario_I,0.845700,0.845700,,,,,0.011251,0.880300,0.851700,FLAT,0.9995,0,100,0,,,,,,flat_flat_no_review,DOWN,0.08,-2.84,28.4,-3.826,-0.00,0.121,23
2026-06-02 08:05,TAOUSDT,FLAT,1.0000,cascade_v2.5_hybrid_pruned_scenario_I,247.9500,247.9500,,,,,3.6234,255.1200,244.8000,LONG,0.57,0,43,57,,,18,56,26,flat_lstm_reviewed,DOWN,0.30,-1.98,37.3,-13.724,-0.00,0.190,23
2026-06-02 08:05,DOTUSDT,FLAT,1.0000,cascade_v2.5_hybrid_pruned_scenario_I,1.1270,1.1270,,,,,0.013173,1.1610,1.1270,FLAT,0.8885,0,89,11,,,,,,flat_flat_no_review,DOWN,0.14,-2.20,31.6,-7.619,-1.50,0.081,23
2026-06-02 08:05,1000SHIBUSDT,LONG,0.7488,cascade_v2.5_hybrid_pruned_scenario_I,0.00546500,0.00546500,0.00555485,8.2,0.00539554,6.4,0.00004492,0.00554200,0.00541800,LONG,0.6988,1,29,70,,,33,31,36,lgbm_direct,DOWN,0.45,-1.31,42.5,-2.110,-0.00,0.067,23
2026-06-02 08:05,ADAUSDT,FLAT,1.0000,cascade_v2.5_hybrid_pruned_scenario_I,0.223500,0.223500,,,,,0.00216689,0.231200,0.226000,FLAT,0.9999,0,100,0,,,,,,flat_flat_no_review,DOWN,0.10,-2.91,22.8,-5.780,-0.00,0.087,23
2026-06-02 08:05,ONDOUSDT,LONG,0.7557,cascade_v2.5_hybrid_pruned_scenario_I,0.352400,0.352400,0.367700,21.7,0.341230,15.8,0.00713986,0.367700,0.344800,LONG,0.7557,2,22,76,,,15,63,22,lgbm_direct,DOWN,0.30,-2.14,45.7,-8.868,-0.00,0.051,23
2026-06-02 08:05,HBARUSDT,FLAT,1.0000,cascade_v2.5_hybrid_pruned_scenario_I,0.090470,0.090470,,,,,0.00090035,0.092800,0.091870,FLAT,1.0,0,100,0,,,,,,flat_flat_no_review,DOWN,0.07,-2.59,27.3,-10.082,-0.00,0.062,23
2026-06-02 08:05,SOLUSDT,FLAT,1.0000,cascade_v2.5_hybrid_pruned_scenario_I,79.5300,79.5300,,,,,0.702778,81.2700,79.3600,FLAT,0.7138,0,71,29,,,,,,flat_flat_no_review,DOWN,0.18,-2.13,33.5,-9.888,-2.23,0.044,23
2026-06-02 08:05,LINKUSDT,FLAT,1.0000,cascade_v2.5_hybrid_pruned_scenario_I,8.8330,8.8330,,,,,0.085600,9.0690,8.8010,FLAT,0.8568,0,86,14,,,,,,flat_flat_no_review,DOWN,0.16,-2.30,33.0,-9.934,-1.50,0.072,23
2026-06-02 08:05,DOGEUSDT,FLAT,1.0000,cascade_v2.5_hybrid_pruned_scenario_I,0.099070,0.099070,,,,,0.00082560,0.101200,0.099380,FLAT,0.956,0,96,4,,,,,,flat_flat_no_review,DOWN,0.38,-2.35,34.5,-13.303,-2.18,0.061,23
2026-06-02 08:05,ARBUSDT,FLAT,1.0000,cascade_v2.5_hybrid_pruned_scenario_I,0.098000,0.098000,,,,,0.00136996,0.102700,0.098800,FLAT,0.9995,0,100,0,,,,,,flat_flat_no_review,DOWN,0.09,-2.85,26.6,-14.611,-0.00,0.237,23
2026-06-02 08:05,XRPUSDT,FLAT,1.0000,cascade_v2.5_hybrid_pruned_scenario_I,1.2648,1.2648,,,,,0.010387,1.2968,1.2788,FLAT,0.9999,0,100,0,,,,,,flat_flat_no_review,DOWN,0.14,-2.45,27.5,-7.655,-0.00,0.087,23
2026-06-02 08:05,TRXUSDT,FLAT,1.0000,cascade_v2.5_hybrid_pruned_scenario_I,0.340470,0.340470,,,,,0.00143211,0.343460,0.342540,FLAT,0.9482,0,95,5,,,,,,flat_flat_no_review,DOWN,0.15,-1.87,29.9,3.521,-0.00,0.122,23
2026-06-02 08:05,TONUSDT,FLAT,1.0000,cascade_v2.5_hybrid_pruned_scenario_I,2.0228,2.0228,,,,,0.049249,2.1222,2.0353,FLAT,0.9982,0,100,0,,,,,,flat_flat_no_review,DOWN,0.37,-2.02,37.9,-10.949,-1.62,0.055,23
2026-06-02 08:05,ETHUSDT,LONG,0.7774,cascade_v2.5_hybrid_pruned_scenario_I,1978.63,1978.63,2007.73,7.4,1954.03,6.2,14.5509,2006.44,1961.31,LONG,0.7774,3,19,78,,,26,43,31,lgbm_direct,DOWN,0.44,-1.88,38.7,-12.683,-0.00,0.039,23
2026-06-02 08:05,BNBUSDT,FLAT,1.0000,cascade_v2.5_hybrid_pruned_scenario_I,683.0000,683.0000,,,,,6.5685,696.0000,681.5500,FLAT,0.6811,0,68,32,,,,,,flat_flat_no_review,DOWN,0.15,-1.98,38.2,-4.781,-1.62,0.030,23
2026-06-02 08:05,1000PEPEUSDT,FLAT,1.0000,cascade_v2.5_hybrid_pruned_scenario_I,0.00332210,0.00332210,,,,,0.00003747,0.00342360,0.00333240,FLAT,0.9973,0,100,0,,,,,,flat_flat_no_review,DOWN,0.20,-2.32,30.6,-12.664,-1.76,0.117,23
2026-06-02 08:05,POLUSDT,FLAT,1.0000,cascade_v2.5_hybrid_pruned_scenario_I,0.092820,0.092820,,,,,0.00076535,0.094570,0.092010,FLAT,0.6803,4,68,28,,,,,,flat_flat_no_review,DOWN,0.44,-1.19,47.6,4.331,-0.00,0.079,23
2026-06-02 08:05,NEARUSDT,FLAT,1.0000,cascade_v2.5_hybrid_pruned_scenario_I,2.5920,2.5920,,,,,0.076466,2.7580,2.5610,FLAT,0.6259,0,63,37,,,16,61,23,flat_lstm_reviewed,UP,0.65,-2.17,49.2,-9.191,-3.03,0.050,23
2026-06-02 08:05,AVAXUSDT,FLAT,1.0000,cascade_v2.5_hybrid_pruned_scenario_I,8.7010,8.7010,,,,,0.089709,8.9410,8.6650,FLAT,0.7748,0,77,23,,,,,,flat_flat_no_review,DOWN,0.14,-2.16,32.4,-9.632,-1.94,0.062,23
2026-06-02 08:05,SUIUSDT,FLAT,1.0000,cascade_v2.5_hybrid_pruned_scenario_I,0.851600,0.851600,,,,,0.011000,0.880300,0.851700,FLAT,0.8739,0,87,13,,,,,,flat_flat_no_review,DOWN,0.15,-2.37,32.7,-8.491,-1.83,0.060,23
2026-06-02 07:05,TAOUSDT,FLAT,1.0000,cascade_v2.5_hybrid_pruned_scenario_I,249.4800,249.4800,,,,,3.8364,255.1200,244.8000,LONG,0.5145,37,11,51,,,22,51,27,flat_lstm_reviewed,DOWN,0.42,-1.47,42.0,-13.750,-0.00,0.265,23
2026-06-02 07:05,DOTUSDT,FLAT,1.0000,cascade_v2.5_hybrid_pruned_scenario_I,1.1240,1.1240,,,,,0.014318,1.1610,1.1270,FLAT,0.9969,0,100,0,,,,,,flat_flat_no_review,DOWN,0.09,-2.58,30.1,-18.287,-1.45,0.297,23
2026-06-02 07:05,1000SHIBUSDT,FLAT,1.0000,cascade_v2.5_hybrid_pruned_scenario_I,0.00544100,0.00544100,,,,,0.00004728,0.00554200,0.00541800,FLAT,0.6951,0,70,30,,,,,,flat_flat_no_review,DOWN,0.32,-2.14,36.1,-19.237,-1.61,0.271,23
2026-06-02 07:05,ADAUSDT,FLAT,1.0000,cascade_v2.5_hybrid_pruned_scenario_I,0.223100,0.223100,,,,,0.00227462,0.231200,0.226000,FLAT,1.0,0,100,0,,,,,,flat_flat_no_review,DOWN,0.06,-3.56,20.5,-17.263,-0.00,0.240,23
2026-06-02 07:05,ONDOUSDT,FLAT,1.0000,cascade_v2.5_hybrid_pruned_scenario_I,0.350100,0.350100,,,,,0.00758805,0.367700,0.344800,FLAT,0.7257,0,73,27,,,,,,flat_flat_no_review,DOWN,0.23,-2.32,41.9,-23.389,-0.00,0.132,23
2026-06-02 07:05,HBARUSDT,FLAT,1.0000,cascade_v2.5_hybrid_pruned_scenario_I,0.090350,0.090350,,,,,0.00097538,0.092800,0.091870,FLAT,1.0,0,100,0,,,,,,flat_flat_no_review,DOWN,0.05,-2.51,26.6,-18.874,-0.00,0.173,23
2026-06-02 07:05,SOLUSDT,FLAT,1.0000,cascade_v2.5_hybrid_pruned_scenario_I,79.2400,79.2400,,,,,0.742590,81.2700,79.3600,FLAT,0.9926,0,99,1,,,,,,flat_flat_no_review,DOWN,0.07,-2.73,29.4,-21.753,-1.96,0.216,23
2026-06-02 07:05,LINKUSDT,FLAT,1.0000,cascade_v2.5_hybrid_pruned_scenario_I,8.8000,8.8000,,,,,0.090164,9.0690,8.8010,FLAT,0.9629,0,96,4,,,,,,flat_flat_no_review,DOWN,0.06,-2.98,29.7,-21.847,-1.25,0.276,23
2026-06-02 07:05,DOGEUSDT,FLAT,1.0000,cascade_v2.5_hybrid_pruned_scenario_I,0.098800,0.098800,,,,,0.00087559,0.101200,0.099380,FLAT,0.9994,0,100,0,,,,,,flat_flat_no_review,DOWN,0.30,-2.74,32.1,-26.255,-0.00,0.270,23
2026-06-02 07:05,ARBUSDT,FLAT,1.0000,cascade_v2.5_hybrid_pruned_scenario_I,0.097900,0.097900,,,,,0.00150380,0.102700,0.098800,FLAT,0.9999,0,100,0,,,,,,flat_flat_no_review,DOWN,0.08,-3.19,26.3,-23.294,-0.00,0.579,23
2026-06-02 07:05,XRPUSDT,FLAT,1.0000,cascade_v2.5_hybrid_pruned_scenario_I,1.2617,1.2617,,,,,0.010632,1.2968,1.2788,FLAT,1.0,0,100,0,,,,,,flat_flat_no_review,DOWN,0.08,-3.30,23.4,-19.427,-0.00,0.496,23
2026-06-02 07:05,TRXUSDT,FLAT,1.0000,cascade_v2.5_hybrid_pruned_scenario_I,0.339530,0.339530,,,,,0.00136463,0.343460,0.342540,FLAT,0.9987,0,100,0,,,,,,flat_flat_no_review,DOWN,0.08,-2.88,15.5,-4.474,-0.00,0.070,23
2026-06-02 07:05,TONUSDT,FLAT,1.0000,cascade_v2.5_hybrid_pruned_scenario_I,2.0575,2.0575,,,,,0.051485,2.1222,2.0353,FLAT,0.5758,0,58,42,,,16,51,34,flat_lstm_reviewed,UP,0.45,-1.26,44.1,-9.269,-1.66,0.055,23
2026-06-02 07:05,ETHUSDT,FLAT,1.0000,cascade_v2.5_hybrid_pruned_scenario_I,1974.74,1974.74,,,,,15.2490,2006.44,1961.31,LONG,0.4942,5,46,49,,,27,45,27,flat_lstm_reviewed,DOWN,0.37,-2.08,36.5,-21.013,-0.00,0.184,23
2026-06-02 07:05,BNBUSDT,FLAT,1.0000,cascade_v2.5_hybrid_pruned_scenario_I,681.1200,681.1200,,,,,6.9782,696.0000,681.5500,FLAT,0.9585,0,96,4,,,,,,flat_flat_no_review,DOWN,0.12,-2.13,34.7,-19.228,-1.59,0.064,23
2026-06-02 07:05,1000PEPEUSDT,FLAT,1.0000,cascade_v2.5_hybrid_pruned_scenario_I,0.00330780,0.00330780,,,,,0.00003862,0.00342360,0.00333240,FLAT,0.9999,0,100,0,,,,,,flat_flat_no_review,DOWN,0.09,-3.00,28.1,-25.877,-0.00,0.407,23
2026-06-02 07:05,POLUSDT,FLAT,1.0000,cascade_v2.5_hybrid_pruned_scenario_I,0.092500,0.092500,,,,,0.00079448,0.094570,0.092010,FLAT,0.8457,1,85,15,,,,,,flat_flat_no_review,DOWN,0.35,-2.61,42.7,-11.382,-0.00,0.120,23
2026-06-02 07:05,NEARUSDT,FLAT,1.0000,cascade_v2.5_hybrid_pruned_scenario_I,2.5930,2.5930,,,,,0.081655,2.7580,2.5610,FLAT,0.6085,0,61,39,,,16,60,24,flat_lstm_reviewed,UP,0.65,-2.02,49.5,-23.388,-3.01,0.074,23
2026-06-02 07:05,AVAXUSDT,FLAT,1.0000,cascade_v2.5_hybrid_pruned_scenario_I,8.6780,8.6780,,,,,0.095880,8.9410,8.6650,FLAT,0.9644,0,96,4,,,,,,flat_flat_no_review,DOWN,0.07,-2.74,30.2,-21.119,-1.99,0.127,23
2026-06-02 07:05,SUIUSDT,FLAT,1.0000,cascade_v2.5_hybrid_pruned_scenario_I,0.848000,0.848000,,,,,0.011930,0.880300,0.851700,FLAT,0.9987,0,100,0,,,,,,flat_flat_no_review,DOWN,0.06,-2.71,30.5,-20.889,-1.58,0.310,23
2026-06-02 06:05,TAOUSDT,FLAT,1.0000,cascade_v2.5_hybrid_pruned_scenario_I,253.0800,253.0800,,,,,3.5517,256.9600,244.8000,SHORT,0.5227,52,48,0,,,31,42,28,flat_lstm_reviewed,UP,0.70,-0.57,54.9,6.642,-0.00,0.087,23
2026-06-02 06:05,DOTUSDT,FLAT,1.0000,cascade_v2.5_hybrid_pruned_scenario_I,1.1310,1.1310,,,,,0.013566,1.1610,1.1270,FLAT,0.9002,0,90,10,,,,,,flat_flat_no_review,DOWN,0.15,-2.43,34.3,-9.283,-1.13,0.137,23
2026-06-02 06:05,1000SHIBUSDT,FLAT,1.0000,cascade_v2.5_hybrid_pruned_scenario_I,0.00547300,0.00547300,,,,,0.00004623,0.00554200,0.00541800,LONG,0.4999,23,27,50,,,33,29,38,flat_lstm_reviewed,DOWN,0.49,-1.58,44.7,-8.122,-0.00,0.078,23
2026-06-02 06:05,ADAUSDT,FLAT,1.0000,cascade_v2.5_hybrid_pruned_scenario_I,0.224500,0.224500,,,,,0.00223584,0.231200,0.226000,FLAT,0.9998,0,100,0,,,,,,flat_flat_no_review,DOWN,0.10,-3.22,25.7,-12.486,-0.00,0.070,23
2026-06-02 06:05,ONDOUSDT,FLAT,1.0000,cascade_v2.5_hybrid_pruned_scenario_I,0.353200,0.353200,,,,,0.00786005,0.367700,0.344800,LONG,0.6111,6,33,61,,,17,62,22,flat_lstm_reviewed,DOWN,0.33,-1.84,46.6,-3.106,-0.00,0.128,23
2026-06-02 06:05,HBARUSDT,FLAT,1.0000,cascade_v2.5_hybrid_pruned_scenario_I,0.090710,0.090710,,,,,0.00093067,0.093510,0.091870,FLAT,1.0,0,100,0,,,,,,flat_flat_no_review,DOWN,0.03,-2.25,29.2,-9.923,-0.00,0.123,23
2026-06-02 06:05,SOLUSDT,FLAT,1.0000,cascade_v2.5_hybrid_pruned_scenario_I,79.7100,79.7100,,,,,0.735296,81.2700,79.3600,FLAT,0.8361,0,84,16,,,,,,flat_flat_no_review,DOWN,0.25,-2.65,35.9,-13.266,-1.49,0.145,23
2026-06-02 06:05,LINKUSDT,FLAT,1.0000,cascade_v2.5_hybrid_pruned_scenario_I,8.8760,8.8760,,,,,0.086784,9.0690,8.8010,FLAT,0.5175,0,52,48,,,11,70,18,flat_lstm_reviewed,DOWN,0.24,-2.32,36.6,-11.225,-0.00,0.136,23
2026-06-02 06:05,DOGEUSDT,FLAT,1.0000,cascade_v2.5_hybrid_pruned_scenario_I,0.099560,0.099560,,,,,0.00082333,0.101200,0.099380,FLAT,0.9104,0,91,9,,,,,,flat_flat_no_review,DOWN,0.52,-1.99,40.4,-16.669,-1.68,0.135,23
2026-06-02 06:05,ARBUSDT,FLAT,1.0000,cascade_v2.5_hybrid_pruned_scenario_I,0.099400,0.099400,,,,,0.00137105,0.102700,0.098800,FLAT,0.8215,0,82,18,,,,,,flat_flat_no_review,DOWN,0.21,-2.41,34.4,-10.290,-1.57,0.061,23
2026-06-02 06:05,XRPUSDT,FLAT,1.0000,cascade_v2.5_hybrid_pruned_scenario_I,1.2683,1.2683,,,,,0.010101,1.2968,1.2788,FLAT,0.9999,0,100,0,,,,,,flat_flat_no_review,DOWN,0.07,-3.19,28.5,-8.859,-0.00,0.135,23
2026-06-02 06:05,TRXUSDT,FLAT,1.0000,cascade_v2.5_hybrid_pruned_scenario_I,0.341440,0.341440,,,,,0.00114063,0.343460,0.340840,LONG,0.5233,0,48,52,,,5,86,9,flat_lstm_reviewed,DOWN,0.05,-2.22,22.8,-4.810,-0.00,0.286,23
2026-06-02 06:05,TONUSDT,FLAT,1.0000,cascade_v2.5_hybrid_pruned_scenario_I,2.0651,2.0651,,,,,0.053394,2.1222,2.0353,FLAT,0.9376,0,94,6,,,,,,flat_flat_no_review,UP,0.47,-1.68,45.7,-9.709,-0.00,0.053,23
2026-06-02 06:05,ETHUSDT,FLAT,1.0000,cascade_v2.5_hybrid_pruned_scenario_I,1985.80,1985.80,,,,,14.9185,2006.44,1961.31,LONG,0.5495,34,11,55,,,31,44,25,flat_lstm_reviewed,DOWN,0.57,-1.50,44.2,-8.645,-0.00,0.099,23
2026-06-02 06:05,BNBUSDT,FLAT,1.0000,cascade_v2.5_hybrid_pruned_scenario_I,684.4100,684.4100,,,,,7.0202,696.0000,681.5500,FLAT,0.8102,0,81,19,,,,,,flat_flat_no_review,DOWN,0.18,-1.70,39.6,-10.399,-1.62,0.019,23
2026-06-02 06:05,1000PEPEUSDT,FLAT,1.0000,cascade_v2.5_hybrid_pruned_scenario_I,0.00334520,0.00334520,,,,,0.00003526,0.00342360,0.00333240,FLAT,0.8372,0,84,16,,,,,,flat_flat_no_review,DOWN,0.29,-2.38,36.9,-13.725,-1.71,0.071,23
2026-06-02 06:05,POLUSDT,FLAT,1.0000,cascade_v2.5_hybrid_pruned_scenario_I,0.092410,0.092410,,,,,0.00081989,0.094570,0.092010,FLAT,0.9051,0,91,9,,,,,,flat_flat_no_review,DOWN,0.33,-2.63,41.0,-5.428,-1.16,0.084,23
2026-06-02 06:05,NEARUSDT,FLAT,1.0000,cascade_v2.5_hybrid_pruned_scenario_I,2.5990,2.5990,,,,,0.083028,2.7100,2.5610,FLAT,0.5778,0,58,42,,,18,57,25,flat_lstm_reviewed,UP,0.67,-1.92,50.6,-16.255,-2.40,0.056,23
2026-06-02 06:05,AVAXUSDT,FLAT,1.0000,cascade_v2.5_hybrid_pruned_scenario_I,8.7470,8.7470,,,,,0.092056,8.9410,8.6650,FLAT,0.7722,0,77,23,,,,,,flat_flat_no_review,DOWN,0.26,-2.27,37.4,-10.832,-0.00,0.108,23
2026-06-02 06:05,SUIUSDT,FLAT,1.0000,cascade_v2.5_hybrid_pruned_scenario_I,0.853300,0.853300,,,,,0.011416,0.880300,0.851700,FLAT,0.936,0,94,6,,,,,,flat_flat_no_review,DOWN,0.05,-2.56,33.4,-12.084,-1.54,0.082,23
2026-06-02 05:05,TAOUSDT,FLAT,1.0000,cascade_v2.5_hybrid_pruned_scenario_I,250.5900,250.5900,,,,,3.6476,256.9600,244.8000,SHORT,0.4751,48,7,46,,,24,47,28,flat_lstm_reviewed,DOWN,0.50,-1.24,46.7,11.404,-0.00,0.157,23
2026-06-02 05:05,DOTUSDT,FLAT,1.0000,cascade_v2.5_hybrid_pruned_scenario_I,1.1330,1.1330,,,,,0.014505,1.1690,1.1270,FLAT,0.8805,0,88,12,,,,,,flat_flat_no_review,DOWN,0.16,-2.14,34.8,-0.582,-1.66,0.092,23
2026-06-02 05:05,1000SHIBUSDT,FLAT,1.0000,cascade_v2.5_hybrid_pruned_scenario_I,0.00546300,0.00546300,,,,,0.00004768,0.00554600,0.00541800,LONG,0.5017,12,38,50,,,26,36,38,flat_lstm_reviewed,DOWN,0.44,-1.74,41.0,0.872,-0.00,0.107,23
2026-06-02 05:05,ADAUSDT,FLAT,1.0000,cascade_v2.5_hybrid_pruned_scenario_I,0.225100,0.225100,,,,,0.00224956,0.231700,0.224400,FLAT,0.923,0,92,8,,,,,,flat_flat_no_review,DOWN,0.07,-2.93,26.2,-5.764,-1.70,0.113,23
2026-06-02 05:05,ONDOUSDT,FLAT,1.0000,cascade_v2.5_hybrid_pruned_scenario_I,0.357400,0.357400,,,,,0.00780365,0.358600,0.344800,FLAT,0.9302,7,93,0,,,,,,flat_flat_no_review,UP,0.47,-1.32,52.8,17.462,1.36,0.099,23
2026-06-02 05:05,HBARUSDT,FLAT,1.0000,cascade_v2.5_hybrid_pruned_scenario_I,0.091590,0.091590,,,,,0.00091416,0.093510,0.090700,LONG,0.6367,0,36,64,,,7,80,14,flat_lstm_reviewed,DOWN,0.15,-1.38,35.9,12.955,-0.00,0.100,23
2026-06-02 05:05,SOLUSDT,FLAT,1.0000,cascade_v2.5_hybrid_pruned_scenario_I,80.0700,80.0700,,,,,0.726778,81.6600,79.3600,LONG,0.4253,17,40,43,,,9,74,17,flat_lstm_reviewed,DOWN,0.36,-2.19,38.5,2.545,-0.00,0.112,23
2026-06-02 05:05,LINKUSDT,FLAT,1.0000,cascade_v2.5_hybrid_pruned_scenario_I,8.9120,8.9120,,,,,0.088300,9.0840,8.8010,SHORT,0.4685,47,14,39,,,14,66,21,flat_lstm_reviewed,DOWN,0.36,-1.87,39.4,4.917,-0.00,0.141,23
2026-06-02 05:05,DOGEUSDT,FLAT,1.0000,cascade_v2.5_hybrid_pruned_scenario_I,0.099770,0.099770,,,,,0.00085871,0.101200,0.099380,FLAT,0.8064,0,81,19,,,,,,flat_flat_no_review,UP,0.59,-1.67,42.1,-5.693,-1.84,0.167,23
2026-06-02 05:05,ARBUSDT,FLAT,1.0000,cascade_v2.5_hybrid_pruned_scenario_I,0.099900,0.099900,,,,,0.00141378,0.103800,0.098800,FLAT,0.6489,2,65,33,,,,,,flat_flat_no_review,DOWN,0.30,-1.98,37.5,1.429,-0.00,0.144,23
2026-06-02 05:05,XRPUSDT,FLAT,1.0000,cascade_v2.5_hybrid_pruned_scenario_I,1.2745,1.2745,,,,,0.00985904,1.3007,1.2672,FLAT,0.7968,0,80,20,,,,,,flat_flat_no_review,DOWN,0.15,-2.66,31.0,1.242,-0.00,0.151,23
2026-06-02 05:05,TRXUSDT,FLAT,1.0000,cascade_v2.5_hybrid_pruned_scenario_I,0.342310,0.342310,,,,,0.00110811,0.344040,0.342540,FLAT,0.7759,3,78,19,,,,,,flat_flat_no_review,DOWN,0.13,-1.51,30.9,13.125,-2.22,0.037,23
2026-06-02 05:05,TONUSDT,FLAT,1.0000,cascade_v2.5_hybrid_pruned_scenario_I,2.0656,2.0656,,,,,0.057074,2.2182,2.0353,FLAT,0.7991,0,80,20,,,,,,flat_flat_no_review,UP,0.47,-1.62,45.2,0.486,-0.00,0.086,23
2026-06-02 05:05,ETHUSDT,FLAT,1.0000,cascade_v2.5_hybrid_pruned_scenario_I,1989.50,1989.50,,,,,15.4819,2009.42,1961.31,LONG,0.5658,31,12,57,,,34,43,23,flat_lstm_reviewed,UP,0.64,-1.21,46.2,7.836,-0.00,0.093,23
2026-06-02 05:05,BNBUSDT,FLAT,1.0000,cascade_v2.5_hybrid_pruned_scenario_I,685.1300,685.1300,,,,,7.4705,702.0000,681.5500,FLAT,0.7766,0,78,22,,,,,,flat_flat_no_review,DOWN,0.19,-1.50,40.2,2.089,-1.59,0.040,23
2026-06-02 05:05,1000PEPEUSDT,FLAT,1.0000,cascade_v2.5_hybrid_pruned_scenario_I,0.00335780,0.00335780,,,,,0.00003679,0.00342920,0.00333240,LONG,0.6091,2,37,61,,,33,31,36,flat_lstm_reviewed,DOWN,0.40,-1.94,39.1,-0.648,-0.00,0.171,23
2026-06-02 05:05,POLUSDT,FLAT,1.0000,cascade_v2.5_hybrid_pruned_scenario_I,0.092530,0.092530,,,,,0.00084829,0.094570,0.092010,FLAT,0.8344,4,83,13,,,,,,flat_flat_no_review,DOWN,0.36,-2.40,41.5,3.756,-0.00,0.048,23
2026-06-02 05:05,NEARUSDT,FLAT,1.0000,cascade_v2.5_hybrid_pruned_scenario_I,2.6060,2.6060,,,,,0.089802,2.7100,2.5610,FLAT,0.8934,0,89,11,,,,,,flat_flat_no_review,UP,0.68,-1.69,51.5,-6.010,-0.00,0.198,23
2026-06-02 05:05,AVAXUSDT,FLAT,1.0000,cascade_v2.5_hybrid_pruned_scenario_I,8.7660,8.7660,,,,,0.094639,8.9840,8.6650,LONG,0.5246,0,48,52,,,9,75,16,flat_lstm_reviewed,DOWN,0.32,-2.01,37.9,2.776,-0.00,0.094,23
2026-06-02 05:05,SUIUSDT,FLAT,1.0000,cascade_v2.5_hybrid_pruned_scenario_I,0.860200,0.860200,,,,,0.011523,0.882900,0.851700,FLAT,0.5094,0,51,49,,,16,62,23,flat_lstm_reviewed,DOWN,0.24,-1.94,37.2,2.712,-0.00,0.086,23
2026-06-02 04:05,TAOUSDT,FLAT,1.0000,cascade_v2.5_hybrid_pruned_scenario_I,253.4100,253.4100,,,,,3.5884,256.9600,245.3900,FLAT,0.5316,47,53,0,,,31,42,27,flat_lstm_reviewed,UP,0.72,-0.40,55.7,10.038,-0.00,0.073,23
2026-06-02 04:05,DOTUSDT,SHORT,0.6475,cascade_v2.5_hybrid_pruned_scenario_I,1.1500,1.1500,1.1220,12.2,1.1760,11.3,0.014018,1.1690,1.1230,SHORT,0.6475,65,16,19,,,9,74,17,lgbm_direct,DOWN,0.40,-1.00,46.6,2.882,-0.00,0.104,23
2026-06-02 04:05,1000SHIBUSDT,FLAT,1.0000,cascade_v2.5_hybrid_pruned_scenario_I,0.00551000,0.00551000,,,,,0.00004710,0.00554600,0.00540700,FLAT,0.6635,28,66,5,,,,,,flat_flat_no_review,UP,0.68,-0.76,53.1,0.331,-0.00,0.062,23
2026-06-02 04:05,ADAUSDT,FLAT,1.0000,cascade_v2.5_hybrid_pruned_scenario_I,0.228000,0.228000,,,,,0.00213513,0.231700,0.226000,LONG,0.5536,24,21,55,,,15,63,22,flat_lstm_reviewed,DOWN,0.35,-1.73,38.7,-4.148,-0.00,0.178,23
2026-06-02 04:05,ONDOUSDT,FLAT,1.0000,cascade_v2.5_hybrid_pruned_scenario_I,0.365100,0.365100,,,,,0.00779293,0.358600,0.343100,FLAT,0.9998,0,100,0,,,,,,flat_flat_no_review,UP,0.72,-0.33,66.5,24.417,-0.00,0.206,23
2026-06-02 04:05,HBARUSDT,FLAT,1.0000,cascade_v2.5_hybrid_pruned_scenario_I,0.092260,0.092260,,,,,0.00092280,0.093510,0.091870,FLAT,0.79,1,79,20,,,,,,flat_flat_no_review,DOWN,0.27,-1.02,43.8,18.686,-1.93,0.122,23
2026-06-02 04:05,SOLUSDT,FLAT,1.0000,cascade_v2.5_hybrid_pruned_scenario_I,80.8800,80.8800,,,,,0.706179,81.6600,79.0600,FLAT,0.6791,31,68,1,,,,,,flat_flat_no_review,DOWN,0.60,-1.10,51.1,2.550,-0.00,0.047,23
2026-06-02 04:05,LINKUSDT,FLAT,1.0000,cascade_v2.5_hybrid_pruned_scenario_I,9.0020,9.0020,,,,,0.087884,9.0840,8.8580,FLAT,0.4984,38,50,12,,,18,57,25,flat_lstm_reviewed,DOWN,0.63,-0.85,49.8,3.471,0.00,0.541,23
2026-06-02 04:05,DOGEUSDT,FLAT,1.0000,cascade_v2.5_hybrid_pruned_scenario_I,0.100780,0.100780,,,,,0.00083287,0.101200,0.097750,FLAT,0.8171,18,82,0,,,,,,flat_flat_no_review,UP,0.88,-0.50,56.2,-3.764,-0.00,0.091,23
2026-06-02 04:05,ARBUSDT,FLAT,1.0000,cascade_v2.5_hybrid_pruned_scenario_I,0.101400,0.101400,,,,,0.00140359,0.103800,0.099000,LONG,0.4767,41,11,48,,,17,62,21,flat_lstm_reviewed,DOWN,0.57,-1.07,49.6,2.342,-0.00,0.060,23
2026-06-02 04:05,XRPUSDT,FLAT,1.0000,cascade_v2.5_hybrid_pruned_scenario_I,1.2876,1.2876,,,,,0.00932043,1.3007,1.2788,LONG,0.4577,11,44,46,,,11,69,19,flat_lstm_reviewed,DOWN,0.37,-1.41,42.9,5.409,-0.00,0.072,23
2026-06-02 04:05,TRXUSDT,FLAT,1.0000,cascade_v2.5_hybrid_pruned_scenario_I,0.341480,0.341480,,,,,0.00115705,0.344040,0.342540,FLAT,0.9518,0,95,5,,,,,,flat_flat_no_review,DOWN,0.05,-2.16,19.2,0.804,-0.00,0.200,23
2026-06-02 04:05,TONUSDT,FLAT,1.0000,cascade_v2.5_hybrid_pruned_scenario_I,2.1084,2.1084,,,,,0.058716,2.2182,2.0670,FLAT,0.615,0,62,38,,,17,52,31,flat_lstm_reviewed,UP,0.58,-0.90,53.7,8.077,-0.00,0.025,23
2026-06-02 04:05,ETHUSDT,FLAT,1.0000,cascade_v2.5_hybrid_pruned_scenario_I,2002.17,2002.17,,,,,15.7719,2009.42,1957.47,FLAT,0.8345,17,83,0,,,,,,flat_flat_no_review,UP,0.87,-0.46,56.4,4.759,1.07,0.154,23
2026-06-02 04:05,BNBUSDT,FLAT,1.0000,cascade_v2.5_hybrid_pruned_scenario_I,693.4400,693.4400,,,,,7.2443,702.0000,674.1500,SHORT,0.5127,51,48,0,,,34,49,17,flat_lstm_reviewed,DOWN,0.34,-0.40,52.7,6.159,-0.00,0.016,23
2026-06-02 04:05,1000PEPEUSDT,FLAT,1.0000,cascade_v2.5_hybrid_pruned_scenario_I,0.00340140,0.00340140,,,,,0.00003527,0.00342920,0.00332040,FLAT,0.5724,43,57,0,,,35,27,38,flat_lstm_reviewed,UP,0.77,-0.79,53.0,0.034,-0.00,0.051,23
2026-06-02 04:05,POLUSDT,FLAT,1.0000,cascade_v2.5_hybrid_pruned_scenario_I,0.093550,0.093550,,,,,0.00083530,0.094570,0.092490,LONG,0.6058,25,14,61,,,17,58,24,flat_lstm_reviewed,UP,0.65,-1.22,55.0,8.639,-0.00,0.055,23
2026-06-02 04:05,NEARUSDT,FLAT,1.0000,cascade_v2.5_hybrid_pruned_scenario_I,2.7340,2.7340,,,,,0.083904,2.7100,2.3780,FLAT,0.9992,0,100,0,,,,,,flat_flat_no_review,UP,0.96,-0.21,73.2,15.128,2.26,0.096,23
2026-06-02 04:05,AVAXUSDT,FLAT,1.0000,cascade_v2.5_hybrid_pruned_scenario_I,8.8590,8.8590,,,,,0.094297,8.9840,8.6810,SHORT,0.4453,45,19,37,,,16,63,21,flat_lstm_reviewed,DOWN,0.61,-1.03,48.3,-0.032,-0.00,0.089,23
2026-06-02 04:05,SUIUSDT,FLAT,1.0000,cascade_v2.5_hybrid_pruned_scenario_I,0.875300,0.875300,,,,,0.010900,0.882900,0.858000,FLAT,0.5867,41,59,0,,,21,54,25,flat_lstm_reviewed,DOWN,0.60,-0.66,51.4,5.977,-0.00,0.058,23
2026-06-02 03:05,TAOUSDT,FLAT,1.0000,cascade_v2.5_hybrid_pruned_scenario_I,251.1300,251.1300,,,,,3.5969,256.9600,245.3900,LONG,0.563,37,6,56,,,24,49,28,flat_lstm_reviewed,DOWN,0.52,-1.62,49.3,-3.086,-0.00,0.080,23
2026-06-02 03:05,DOTUSDT,FLAT,1.0000,cascade_v2.5_hybrid_pruned_scenario_I,1.1470,1.1470,,,,,0.014452,1.1690,1.1230,SHORT,0.5779,58,5,37,,,6,81,13,flat_lstm_reviewed,DOWN,0.30,-1.52,43.6,-5.961,-0.00,0.046,23
2026-06-02 03:05,1000SHIBUSDT,FLAT,1.0000,cascade_v2.5_hybrid_pruned_scenario_I,0.00550400,0.00550400,,,,,0.00005036,0.00554600,0.00540700,FLAT,0.5265,38,53,9,,,26,39,36,flat_lstm_reviewed,UP,0.65,-0.83,52.0,-7.791,-0.00,0.060,23
2026-06-02 03:05,ADAUSDT,FLAT,1.0000,cascade_v2.5_hybrid_pruned_scenario_I,0.228200,0.228200,,,,,0.00227592,0.231700,0.226000,LONG,0.4687,28,25,47,,,16,62,22,flat_lstm_reviewed,DOWN,0.29,-1.54,39.8,-12.351,-0.00,0.084,23
2026-06-02 03:05,ONDOUSDT,FLAT,1.0000,cascade_v2.5_hybrid_pruned_scenario_I,0.352200,0.352200,,,,,0.00665748,0.358600,0.343100,FLAT,0.5362,46,54,0,,,18,58,23,flat_lstm_reviewed,DOWN,0.30,-0.96,46.7,-6.083,-0.00,0.057,23
2026-06-02 03:05,HBARUSDT,FLAT,1.0000,cascade_v2.5_hybrid_pruned_scenario_I,0.092030,0.092030,,,,,0.00094077,0.093510,0.091870,FLAT,0.6907,0,69,31,,,,,,flat_flat_no_review,DOWN,0.21,-1.57,39.5,7.402,-2.09,0.071,23
2026-06-02 03:05,SOLUSDT,FLAT,1.0000,cascade_v2.5_hybrid_pruned_scenario_I,80.8200,80.8200,,,,,0.765284,81.6600,79.0600,SHORT,0.5208,52,36,12,,,19,61,20,flat_lstm_reviewed,DOWN,0.48,-1.10,50.1,-6.669,-0.00,0.080,23
2026-06-02 03:05,LINKUSDT,FLAT,1.0000,cascade_v2.5_hybrid_pruned_scenario_I,8.9850,8.9850,,,,,0.092092,9.0840,8.8580,SHORT,0.5796,58,31,11,,,13,69,18,flat_lstm_reviewed,DOWN,0.47,-1.08,47.8,-7.355,-0.00,0.116,23
2026-06-02 03:05,DOGEUSDT,FLAT,1.0000,cascade_v2.5_hybrid_pruned_scenario_I,0.100790,0.100790,,,,,0.00088439,0.101200,0.097750,FLAT,0.8613,14,86,0,,,,,,flat_flat_no_review,UP,0.86,-0.46,57.1,-6.570,1.49,0.105,23
2026-06-02 03:05,ARBUSDT,FLAT,1.0000,cascade_v2.5_hybrid_pruned_scenario_I,0.100900,0.100900,,,,,0.00143594,0.103800,0.099000,SHORT,0.5403,54,12,34,,,15,65,20,flat_lstm_reviewed,DOWN,0.44,-2.02,44.7,-12.471,-0.00,0.066,23
2026-06-02 03:05,XRPUSDT,FLAT,1.0000,cascade_v2.5_hybrid_pruned_scenario_I,1.2846,1.2846,,,,,0.00992459,1.3007,1.2788,FLAT,0.497,9,50,41,,,24,45,31,flat_lstm_reviewed,DOWN,0.26,-1.62,38.5,-8.243,-0.00,0.070,23
2026-06-02 03:05,TRXUSDT,FLAT,1.0000,cascade_v2.5_hybrid_pruned_scenario_I,0.343100,0.343100,,,,,0.00100255,0.344040,0.342540,FLAT,0.7558,0,76,24,,,,,,flat_flat_no_review,DOWN,0.10,-0.94,28.6,7.162,-0.00,0.050,23
2026-06-02 03:05,TONUSDT,FLAT,1.0000,cascade_v2.5_hybrid_pruned_scenario_I,2.0977,2.0977,,,,,0.062644,2.2182,2.0670,FLAT,0.7269,0,73,27,,,,,,flat_flat_no_review,UP,0.55,-1.92,51.7,1.240,-1.39,0.074,23
2026-06-02 03:05,ETHUSDT,FLAT,1.0000,cascade_v2.5_hybrid_pruned_scenario_I,1999.44,1999.44,,,,,16.8908,2009.42,1957.47,FLAT,0.5664,43,57,0,,,35,44,21,flat_lstm_reviewed,UP,0.79,-0.59,55.0,-8.370,-0.00,0.122,23
2026-06-02 03:05,BNBUSDT,FLAT,1.0000,cascade_v2.5_hybrid_pruned_scenario_I,691.8700,691.8700,,,,,7.6356,702.0000,674.1500,LONG,0.4671,42,12,47,,,29,52,19,flat_lstm_reviewed,DOWN,0.31,-1.33,50.4,-0.650,-0.00,0.023,23
2026-06-02 03:05,1000PEPEUSDT,FLAT,1.0000,cascade_v2.5_hybrid_pruned_scenario_I,0.00339400,0.00339400,,,,,0.00003760,0.00342920,0.00332040,SHORT,0.4737,47,45,8,,,33,29,39,flat_lstm_reviewed,UP,0.63,-0.94,50.7,-9.570,-0.00,0.079,23
2026-06-02 03:05,POLUSDT,FLAT,1.0000,cascade_v2.5_hybrid_pruned_scenario_I,0.092910,0.092910,,,,,0.00082576,0.094570,0.092490,FLAT,0.5862,2,59,39,,,12,66,21,flat_lstm_reviewed,UP,0.47,-2.01,45.8,-17.632,-0.00,0.054,23
2026-06-02 03:05,NEARUSDT,FLAT,1.0000,cascade_v2.5_hybrid_pruned_scenario_I,2.6570,2.6570,,,,,0.082515,2.7100,2.3780,FLAT,0.8209,18,82,0,,,,,,flat_flat_no_review,UP,0.88,-0.64,65.3,-1.382,-0.00,0.075,23
2026-06-02 03:05,AVAXUSDT,FLAT,1.0000,cascade_v2.5_hybrid_pruned_scenario_I,8.8380,8.8380,,,,,0.099860,8.9840,8.6810,SHORT,0.5277,53,7,41,,,11,72,17,flat_lstm_reviewed,DOWN,0.46,-1.46,45.9,-11.981,-0.00,0.099,23
2026-06-02 03:05,SUIUSDT,FLAT,1.0000,cascade_v2.5_hybrid_pruned_scenario_I,0.871100,0.871100,,,,,0.011617,0.882900,0.858000,FLAT,0.6281,32,63,5,,,,,,flat_flat_no_review,DOWN,0.38,-1.02,46.7,-6.277,-0.00,0.104,23
2026-06-02 02:05,TAOUSDT,FLAT,1.0000,cascade_v2.5_hybrid_pruned_scenario_I,246.5700,246.5700,,,,,3.3772,256.9600,245.3900,FLAT,0.8901,0,89,11,,,,,,flat_flat_no_review,DOWN,0.18,-3.09,33.7,-19.742,-2.58,0.110,23
2026-06-02 02:05,DOTUSDT,FLAT,1.0000,cascade_v2.5_hybrid_pruned_scenario_I,1.1360,1.1360,,,,,0.014193,1.1690,1.1230,FLAT,0.7325,0,73,27,,,,,,flat_flat_no_review,DOWN,0.16,-2.33,33.5,-19.618,-0.00,0.139,23
2026-06-02 02:05,1000SHIBUSDT,FLAT,1.0000,cascade_v2.5_hybrid_pruned_scenario_I,0.00545400,0.00545400,,,,,0.00004674,0.00554600,0.00540700,LONG,0.556,11,33,56,,,18,46,36,flat_lstm_reviewed,UP,0.39,-1.97,37.8,-22.685,-0.00,0.168,23
2026-06-02 02:05,ADAUSDT,FLAT,1.0000,cascade_v2.5_hybrid_pruned_scenario_I,0.226600,0.226600,,,,,0.00212760,0.231700,0.226000,FLAT,0.824,0,82,18,,,,,,flat_flat_no_review,DOWN,0.11,-2.44,29.7,-20.499,-1.54,0.131,23
2026-06-02 02:05,ONDOUSDT,FLAT,1.0000,cascade_v2.5_hybrid_pruned_scenario_I,0.346800,0.346800,,,,,0.00637504,0.358600,0.343100,LONG,0.6462,0,35,65,,,14,64,21,flat_lstm_reviewed,DOWN,0.12,-1.90,33.8,-17.865,-0.00,0.088,23
2026-06-02 02:05,HBARUSDT,FLAT,1.0000,cascade_v2.5_hybrid_pruned_scenario_I,0.091140,0.091140,,,,,0.00091381,0.093510,0.091870,FLAT,0.9999,0,100,0,,,,,,flat_flat_no_review,DOWN,0.02,-2.59,22.0,-12.570,-0.00,0.117,23
2026-06-02 02:05,SOLUSDT,SHORT,0.6062,cascade_v2.5_hybrid_pruned_scenario_I,79.9100,79.9100,78.5152,8.7,82.0087,13.1,0.697379,81.6600,79.0600,SHORT,0.6062,61,21,18,,,8,78,15,lgbm_direct,DOWN,0.22,-2.51,33.9,-25.436,-0.00,0.169,23
2026-06-02 02:05,LINKUSDT,FLAT,1.0000,cascade_v2.5_hybrid_pruned_scenario_I,8.8730,8.8730,,,,,0.082301,9.0840,8.8580,FLAT,0.8157,0,82,18,,,,,,flat_flat_no_review,DOWN,0.09,-2.66,32.2,-20.978,-1.34,0.180,23
2026-06-02 02:05,DOGEUSDT,FLAT,1.0000,cascade_v2.5_hybrid_pruned_scenario_I,0.099870,0.099870,,,,,0.00084927,0.100290,0.099470,FLAT,0.9672,0,97,3,,,,,,flat_flat_no_review,UP,0.56,-1.57,44.9,-16.284,-0.00,0.128,23
2026-06-02 02:05,ARBUSDT,FLAT,1.0000,cascade_v2.5_hybrid_pruned_scenario_I,0.099600,0.099600,,,,,0.00142198,0.103800,0.099000,FLAT,0.9017,0,90,10,,,,,,flat_flat_no_review,DOWN,0.23,-2.95,32.9,-19.524,-1.36,0.196,23
2026-06-02 02:05,XRPUSDT,FLAT,1.0000,cascade_v2.5_hybrid_pruned_scenario_I,1.2771,1.2771,,,,,0.00933248,1.3007,1.2788,FLAT,0.9936,0,99,1,,,,,,flat_flat_no_review,DOWN,0.01,-2.55,28.3,-22.548,-1.48,0.230,23
2026-06-02 02:05,TRXUSDT,FLAT,1.0000,cascade_v2.5_hybrid_pruned_scenario_I,0.342480,0.342480,,,,,0.00098786,0.344040,0.342540,FLAT,0.9062,0,91,9,,,,,,flat_flat_no_review,DOWN,0.04,-1.85,17.5,-5.252,-1.89,0.044,23
2026-06-02 02:05,TONUSDT,FLAT,1.0000,cascade_v2.5_hybrid_pruned_scenario_I,2.0615,2.0615,,,,,0.059964,2.2182,2.0670,FLAT,0.9894,0,99,1,,,,,,flat_flat_no_review,UP,0.46,-2.94,45.8,-15.620,-1.43,0.043,23
2026-06-02 02:05,ETHUSDT,FLAT,1.0000,cascade_v2.5_hybrid_pruned_scenario_I,1974.46,1974.46,,,,,15.1553,2009.42,1957.47,SHORT,0.418,42,24,35,,,28,45,27,flat_lstm_reviewed,DOWN,0.32,-2.31,35.3,-26.477,-0.00,0.233,23
2026-06-02 02:05,BNBUSDT,FLAT,1.0000,cascade_v2.5_hybrid_pruned_scenario_I,685.4200,685.4200,,,,,7.1382,702.0000,674.1500,SHORT,0.4645,46,13,40,,,11,71,18,flat_lstm_reviewed,DOWN,0.20,-2.32,38.5,-13.340,-0.00,0.054,23
2026-06-02 02:05,1000PEPEUSDT,FLAT,1.0000,cascade_v2.5_hybrid_pruned_scenario_I,0.00336130,0.00336130,,,,,0.00003582,0.00342920,0.00332040,LONG,0.6859,14,17,69,,,31,25,44,flat_lstm_reviewed,DOWN,0.36,-1.90,38.5,-22.199,-0.00,0.184,23
2026-06-02 02:05,POLUSDT,FLAT,1.0000,cascade_v2.5_hybrid_pruned_scenario_I,0.092280,0.092280,,,,,0.00084316,0.094760,0.092490,FLAT,0.9893,0,99,1,,,,,,flat_flat_no_review,UP,0.29,-2.72,35.9,-21.987,-1.70,0.054,23
2026-06-02 02:05,NEARUSDT,FLAT,1.0000,cascade_v2.5_hybrid_pruned_scenario_I,2.5730,2.5730,,,,,0.080523,2.7100,2.5670,FLAT,0.9001,0,90,10,,,,,,flat_flat_no_review,UP,0.68,-1.70,54.5,-24.979,-2.03,0.132,23
2026-06-02 02:05,AVAXUSDT,FLAT,1.0000,cascade_v2.5_hybrid_pruned_scenario_I,8.7590,8.7590,,,,,0.088157,8.9840,8.6810,FLAT,0.7959,0,80,20,,,,,,flat_flat_no_review,DOWN,0.22,-2.55,33.9,-23.133,-0.00,0.137,23
2026-06-02 02:05,SUIUSDT,FLAT,1.0000,cascade_v2.5_hybrid_pruned_scenario_I,0.861000,0.861000,,,,,0.011080,0.882900,0.858000,FLAT,0.7821,0,78,22,,,,,,flat_flat_no_review,DOWN,0.09,-1.98,33.9,-19.915,-1.62,0.126,23
2026-06-02 01:05,TAOUSDT,LONG,0.6927,cascade_v2.5_hybrid_pruned_scenario_I,251.0700,251.0700,257.5001,12.8,243.7825,14.5,3.2151,257.0100,245.3900,LONG,0.6927,25,5,69,,,24,49,27,lgbm_direct,DOWN,0.51,-1.85,46.0,-1.314,-0.00,0.074,23
2026-06-02 01:05,DOTUSDT,FLAT,1.0000,cascade_v2.5_hybrid_pruned_scenario_I,1.1490,1.1490,,,,,0.013721,1.1690,1.1230,SHORT,0.489,49,6,45,,,7,78,14,flat_lstm_reviewed,DOWN,0.31,-1.46,42.0,-0.371,-0.00,0.068,23
2026-06-02 01:05,1000SHIBUSDT,FLAT,1.0000,cascade_v2.5_hybrid_pruned_scenario_I,0.00550500,0.00550500,,,,,0.00004376,0.00557200,0.00540700,LONG,0.4977,28,22,50,,,33,27,40,flat_lstm_reviewed,UP,0.65,-1.17,51.6,-0.127,-0.00,0.067,23
2026-06-02 01:05,ADAUSDT,FLAT,1.0000,cascade_v2.5_hybrid_pruned_scenario_I,0.229400,0.229400,,,,,0.00200980,0.231900,0.226000,SHORT,0.3794,38,32,30,,,20,54,26,flat_lstm_reviewed,DOWN,0.34,-1.19,42.2,0.621,-0.00,0.067,23
2026-06-02 01:05,ONDOUSDT,FLAT,1.0000,cascade_v2.5_hybrid_pruned_scenario_I,0.351600,0.351600,,,,,0.00635274,0.359800,0.343100,LONG,0.4529,38,17,45,,,18,58,24,flat_lstm_reviewed,DOWN,0.28,-1.15,42.1,0.095,-0.00,0.059,23
2026-06-02 01:05,HBARUSDT,FLAT,1.0000,cascade_v2.5_hybrid_pruned_scenario_I,0.091530,0.091530,,,,,0.00090465,0.093680,0.091870,FLAT,0.9956,0,100,0,,,,,,flat_flat_no_review,DOWN,0.03,-2.19,25.0,-13.639,-1.97,0.093,23
2026-06-02 01:05,SOLUSDT,FLAT,1.0000,cascade_v2.5_hybrid_pruned_scenario_I,80.8600,80.8600,,,,,0.663540,81.2400,79.0600,FLAT,0.6046,24,60,16,,,,,,flat_flat_no_review,DOWN,0.46,-1.21,48.4,2.464,-0.00,0.053,23
2026-06-02 01:05,LINKUSDT,LONG,0.7847,cascade_v2.5_hybrid_pruned_scenario_I,8.9870,8.9870,9.1448,8.8,8.8197,9.3,0.076665,9.1080,8.8580,LONG,0.7847,16,6,78,,,13,67,20,lgbm_direct,DOWN,0.39,-1.37,44.5,-0.072,-0.00,0.067,23
2026-06-02 01:05,DOGEUSDT,FLAT,1.0000,cascade_v2.5_hybrid_pruned_scenario_I,0.100710,0.100710,,,,,0.00081726,0.100290,0.097750,FLAT,0.998,0,100,0,,,,,,flat_flat_no_review,UP,0.78,-0.60,57.3,7.923,-0.00,0.062,23
2026-06-02 01:05,ARBUSDT,FLAT,1.0000,cascade_v2.5_hybrid_pruned_scenario_I,0.101500,0.101500,,,,,0.00131767,0.103800,0.099000,LONG,0.6629,27,7,66,,,19,59,22,flat_lstm_reviewed,UP,0.54,-1.75,47.3,0.023,-0.00,0.076,23
2026-06-02 01:05,XRPUSDT,FLAT,1.0000,cascade_v2.5_hybrid_pruned_scenario_I,1.2881,1.2881,,,,,0.00883902,1.3044,1.2788,FLAT,0.5861,0,59,41,,,9,73,17,flat_lstm_reviewed,DOWN,0.17,-1.64,37.1,-0.815,-0.00,0.051,23
2026-06-02 01:05,TRXUSDT,FLAT,1.0000,cascade_v2.5_hybrid_pruned_scenario_I,0.342700,0.342700,,,,,0.00102302,0.347110,0.342540,FLAT,0.9684,0,97,3,,,,,,flat_flat_no_review,DOWN,0.02,-2.87,18.8,-4.011,-1.55,0.086,23
2026-06-02 01:05,TONUSDT,FLAT,1.0000,cascade_v2.5_hybrid_pruned_scenario_I,2.0560,2.0560,,,,,0.064285,2.2799,2.0670,FLAT,0.9941,0,99,1,,,,,,flat_flat_no_review,UP,0.45,-2.83,44.6,-11.978,-1.31,0.074,23
2026-06-02 01:05,ETHUSDT,FLAT,1.0000,cascade_v2.5_hybrid_pruned_scenario_I,1994.06,1994.06,,,,,14.2447,2009.42,1957.47,FLAT,0.4741,39,47,14,,,35,43,22,flat_lstm_reviewed,UP,0.63,-1.08,49.8,-3.901,-0.00,0.089,23
2026-06-02 01:05,BNBUSDT,LONG,0.7356,cascade_v2.5_hybrid_pruned_scenario_I,691.2700,691.2700,705.4600,10.3,670.6025,14.9,7.0950,702.0000,674.1500,LONG,0.7356,17,9,74,,,27,59,14,lgbm_direct,DOWN,0.30,-1.51,47.4,1.039,-0.00,0.021,23
2026-06-02 01:05,1000PEPEUSDT,FLAT,1.0000,cascade_v2.5_hybrid_pruned_scenario_I,0.00339790,0.00339790,,,,,0.00003476,0.00342770,0.00332040,FLAT,0.6368,29,64,7,,,,,,flat_flat_no_review,UP,0.62,-0.90,50.9,2.943,-0.00,0.078,23
2026-06-02 01:05,POLUSDT,FLAT,1.0000,cascade_v2.5_hybrid_pruned_scenario_I,0.092770,0.092770,,,,,0.00085349,0.094760,0.092490,FLAT,0.6406,0,64,36,,,13,65,22,flat_lstm_reviewed,UP,0.43,-2.11,41.5,-13.286,-1.33,0.195,23
2026-06-02 01:05,NEARUSDT,FLAT,1.0000,cascade_v2.5_hybrid_pruned_scenario_I,2.5820,2.5820,,,,,0.078203,2.7100,2.3780,LONG,0.5612,33,11,56,,,29,40,31,flat_lstm_reviewed,UP,0.71,-1.64,56.4,-17.701,-0.00,0.078,23
2026-06-02 01:05,AVAXUSDT,LONG,0.7035,cascade_v2.5_hybrid_pruned_scenario_I,8.8640,8.8640,9.0339,9.6,8.6396,12.7,0.082755,8.9840,8.6810,LONG,0.7035,21,8,70,,,17,62,22,lgbm_direct,UP,0.49,-1.45,46.0,-3.835,-0.00,0.055,23
2026-06-02 01:05,SUIUSDT,FLAT,1.0000,cascade_v2.5_hybrid_pruned_scenario_I,0.872900,0.872900,,,,,0.010419,0.886300,0.858000,SHORT,0.523,52,20,28,,,16,62,23,flat_lstm_reviewed,DOWN,0.34,-0.96,45.0,4.868,-0.00,0.045,23
2026-06-02 00:05,TAOUSDT,LONG,0.7715,cascade_v2.5_hybrid_pruned_scenario_I,252.4800,252.4800,259.3171,13.5,243.7123,17.4,3.3554,257.0100,245.3900,LONG,0.7715,17,6,77,,,28,44,28,lgbm_direct,UP,0.61,-1.35,50.8,-8.228,-0.00,0.102,29
2026-06-02 00:05,DOTUSDT,FLAT,1.0000,cascade_v2.5_hybrid_pruned_scenario_I,1.1590,1.1590,,,,,0.014262,1.1690,1.1230,FLAT,0.5885,41,59,0,,,17,62,20,flat_lstm_reviewed,DOWN,0.43,-0.70,50.5,-4.648,-0.00,0.091,29
2026-06-02 00:05,1000SHIBUSDT,FLAT,1.0000,cascade_v2.5_hybrid_pruned_scenario_I,0.00553400,0.00553400,,,,,0.00004503,0.00557200,0.00540700,FLAT,0.8114,19,81,0,,,,,,flat_flat_no_review,UP,0.80,-0.84,61.6,-3.738,-0.00,0.133,29
2026-06-02 00:05,ADAUSDT,FLAT,1.0000,cascade_v2.5_hybrid_pruned_scenario_I,0.230900,0.230900,,,,,0.00205336,0.231900,0.226000,FLAT,0.8048,19,80,0,,,,,,flat_flat_no_review,DOWN,0.46,-0.49,52.2,1.849,1.68,0.085,29
2026-06-02 00:05,ONDOUSDT,FLAT,1.0000,cascade_v2.5_hybrid_pruned_scenario_I,0.354500,0.354500,,,,,0.00656906,0.359800,0.343100,FLAT,0.8393,16,84,0,,,,,,flat_flat_no_review,DOWN,0.37,-0.81,48.1,-5.460,-0.00,0.074,29
2026-06-02 00:05,HBARUSDT,FLAT,1.0000,cascade_v2.5_hybrid_pruned_scenario_I,0.092220,0.092220,,,,,0.00089306,0.093680,0.091870,LONG,0.5563,0,44,56,,,4,86,10,flat_lstm_reviewed,DOWN,0.13,-1.59,31.3,-7.920,-2.20,0.035,29
2026-06-02 00:05,SOLUSDT,FLAT,1.0000,cascade_v2.5_hybrid_pruned_scenario_I,81.1700,81.1700,,,,,0.695777,81.2400,79.0600,FLAT,0.977,2,98,0,,,,,,flat_flat_no_review,DOWN,0.54,-0.70,54.9,-1.502,2.12,0.057,29
2026-06-02 00:05,LINKUSDT,FLAT,1.0000,cascade_v2.5_hybrid_pruned_scenario_I,9.0600,9.0600,,,,,0.079209,9.1080,8.8580,FLAT,0.8398,16,84,0,,,,,,flat_flat_no_review,UP,0.59,-0.61,56.2,-0.151,-0.00,0.113,29
2026-06-02 00:05,DOGEUSDT,FLAT,1.0000,cascade_v2.5_hybrid_pruned_scenario_I,0.101160,0.101160,,,,,0.00085950,0.100290,0.097750,FLAT,1.0,0,100,0,,,,,,flat_flat_no_review,UP,0.90,-0.03,64.8,2.718,-0.00,0.114,29
2026-06-02 00:05,ARBUSDT,FLAT,1.0000,cascade_v2.5_hybrid_pruned_scenario_I,0.102600,0.102600,,,,,0.00136346,0.103800,0.099000,FLAT,0.7107,27,71,2,,,,,,flat_flat_no_review,UP,0.72,-0.88,59.1,-4.881,-0.00,0.145,29
2026-06-02 00:05,XRPUSDT,FLAT,1.0000,cascade_v2.5_hybrid_pruned_scenario_I,1.2952,1.2952,,,,,0.00878861,1.3044,1.2788,FLAT,0.5302,39,53,8,,,17,60,23,flat_lstm_reviewed,DOWN,0.28,-1.05,44.8,-2.112,-0.00,0.058,29
2026-06-02 00:05,TRXUSDT,FLAT,1.0000,cascade_v2.5_hybrid_pruned_scenario_I,0.343200,0.343200,,,,,0.00107897,0.347110,0.342540,FLAT,0.8639,0,86,14,,,,,,flat_flat_no_review,DOWN,0.07,-3.44,20.6,4.213,-0.00,0.073,29
2026-06-02 00:05,TONUSDT,FLAT,1.0000,cascade_v2.5_hybrid_pruned_scenario_I,2.0883,2.0883,,,,,0.066573,2.2799,2.0670,FLAT,0.9229,0,92,8,,,,,,flat_flat_no_review,UP,0.53,-2.42,49.5,-14.604,-1.08,0.053,29
2026-06-02 00:05,ETHUSDT,FLAT,1.0000,cascade_v2.5_hybrid_pruned_scenario_I,2004.61,2004.61,,,,,14.4203,2009.42,1957.47,FLAT,0.9477,5,95,0,,,,,,flat_flat_no_review,UP,0.79,-0.33,61.5,-6.052,1.69,0.092,29
2026-06-02 00:05,BNBUSDT,LONG,0.6967,cascade_v2.5_hybrid_pruned_scenario_I,692.4300,692.4300,707.8851,11.2,670.3728,15.9,7.5544,702.0000,674.1500,LONG,0.6967,15,16,70,,,30,57,13,lgbm_direct,DOWN,0.32,-1.27,49.2,-5.779,-0.00,0.024,29
2026-06-02 00:05,1000PEPEUSDT,FLAT,1.0000,cascade_v2.5_hybrid_pruned_scenario_I,0.00341730,0.00341730,,,,,0.00003604,0.00342770,0.00332040,FLAT,0.8815,12,88,0,,,,,,flat_flat_no_review,UP,0.76,-0.33,59.9,-4.362,2.00,0.052,29
2026-06-02 00:05,POLUSDT,FLAT,1.0000,cascade_v2.5_hybrid_pruned_scenario_I,0.094170,0.094170,,,,,0.00071547,0.094760,0.092490,FLAT,0.6361,36,64,0,,,29,41,30,flat_lstm_reviewed,UP,0.83,-0.27,65.2,-1.571,-0.00,0.057,29
2026-06-02 00:05,NEARUSDT,FLAT,1.0000,cascade_v2.5_hybrid_pruned_scenario_I,2.6510,2.6510,,,,,0.079609,2.3970,2.3780,FLAT,0.9999,0,100,0,,,,,,flat_flat_no_review,UP,0.87,-0.74,68.2,-24.396,-0.00,0.104,29
2026-06-02 00:05,AVAXUSDT,FLAT,1.0000,cascade_v2.5_hybrid_pruned_scenario_I,8.9310,8.9310,,,,,0.083425,8.9840,8.6810,FLAT,0.8266,16,83,2,,,,,,flat_flat_no_review,UP,0.65,-0.64,57.6,-2.435,-0.00,0.066,29
2026-06-02 00:05,SUIUSDT,FLAT,1.0000,cascade_v2.5_hybrid_pruned_scenario_I,0.879300,0.879300,,,,,0.010722,0.886300,0.858000,FLAT,0.823,18,82,0,,,,,,flat_flat_no_review,DOWN,0.48,-0.65,53.1,-1.695,-0.00,0.044,29
2026-06-01 23:05,TAOUSDT,FLAT,1.0000,cascade_v2.5_hybrid_pruned_scenario_I,253.2200,253.2200,,,,,3.4759,257.0100,245.3900,SHORT,0.5369,54,36,10,,,30,45,26,flat_lstm_reviewed,UP,0.62,-1.09,53.6,-14.158,-0.00,0.105,29
2026-06-01 23:05,DOTUSDT,FLAT,1.0000,cascade_v2.5_hybrid_pruned_scenario_I,1.1600,1.1600,,,,,0.014754,1.1690,1.1230,FLAT,0.6917,30,69,1,,,,,,flat_flat_no_review,DOWN,0.45,-0.61,51.3,-7.159,-0.00,0.062,29
2026-06-01 23:05,1000SHIBUSDT,FLAT,1.0000,cascade_v2.5_hybrid_pruned_scenario_I,0.00553500,0.00553500,,,,,0.00004576,0.00557200,0.00540700,FLAT,0.7025,30,70,0,,,,,,flat_flat_no_review,UP,0.81,-0.81,61.9,-5.129,-0.00,0.044,29
2026-06-01 23:05,ADAUSDT,FLAT,1.0000,cascade_v2.5_hybrid_pruned_scenario_I,0.230800,0.230800,,,,,0.00210362,0.231900,0.226000,FLAT,0.7625,24,76,0,,,,,,flat_flat_no_review,DOWN,0.46,-0.52,51.5,-2.329,-0.00,0.041,29
2026-06-01 23:05,ONDOUSDT,FLAT,1.0000,cascade_v2.5_hybrid_pruned_scenario_I,0.356800,0.356800,,,,,0.00669353,0.359800,0.343100,FLAT,0.8203,18,82,0,,,,,,flat_flat_no_review,DOWN,0.45,-0.45,53.8,-2.108,1.75,0.067,29
2026-06-01 23:05,HBARUSDT,FLAT,1.0000,cascade_v2.5_hybrid_pruned_scenario_I,0.092580,0.092580,,,,,0.00095127,0.093680,0.091870,FLAT,0.8006,7,80,13,,,,,,flat_flat_no_review,DOWN,0.18,-1.16,36.1,-6.130,-0.00,0.062,29
2026-06-01 23:05,SOLUSDT,FLAT,1.0000,cascade_v2.5_hybrid_pruned_scenario_I,81.2700,81.2700,,,,,0.716871,81.2400,79.0600,FLAT,0.9761,2,98,0,,,,,,flat_flat_no_review,DOWN,0.55,-0.27,57.3,-0.339,2.10,0.049,29
2026-06-01 23:05,LINKUSDT,FLAT,1.0000,cascade_v2.5_hybrid_pruned_scenario_I,9.0460,9.0460,,,,,0.081466,9.1080,8.8580,FLAT,0.5529,45,55,0,,,20,58,22,flat_lstm_reviewed,DOWN,0.55,-0.76,54.2,-6.300,-0.00,0.062,29
2026-06-01 23:05,DOGEUSDT,FLAT,1.0000,cascade_v2.5_hybrid_pruned_scenario_I,0.100850,0.100850,,,,,0.00087902,0.100290,0.097750,FLAT,0.9964,0,100,0,,,,,,flat_flat_no_review,UP,0.82,-0.06,61.6,-0.383,-0.00,0.094,29
2026-06-01 23:05,ARBUSDT,FLAT,1.0000,cascade_v2.5_hybrid_pruned_scenario_I,0.101900,0.101900,,,,,0.00138759,0.103800,0.099000,LONG,0.4968,43,7,50,,,18,58,23,flat_lstm_reviewed,UP,0.61,-1.37,52.4,-17.723,-0.00,0.049,29
2026-06-01 23:05,XRPUSDT,FLAT,1.0000,cascade_v2.5_hybrid_pruned_scenario_I,1.2997,1.2997,,,,,0.00900429,1.3044,1.2788,FLAT,0.6828,29,68,3,,,,,,flat_flat_no_review,DOWN,0.35,-0.52,50.7,2.757,-0.00,0.055,29
2026-06-01 23:05,TRXUSDT,FLAT,1.0000,cascade_v2.5_hybrid_pruned_scenario_I,0.343500,0.343500,,,,,0.00116343,0.347110,0.342540,FLAT,0.8526,0,85,15,,,,,,flat_flat_no_review,DOWN,0.10,-3.10,22.1,3.819,-0.00,0.081,29
2026-06-01 23:05,TONUSDT,FLAT,1.0000,cascade_v2.5_hybrid_pruned_scenario_I,2.1457,2.1457,,,,,0.068893,2.2799,2.0670,FLAT,0.4359,21,44,35,,,26,45,29,flat_lstm_reviewed,UP,0.67,-1.95,59.5,-14.948,-0.00,0.045,29
2026-06-01 23:05,ETHUSDT,FLAT,1.0000,cascade_v2.5_hybrid_pruned_scenario_I,2003.16,2003.16,,,,,15.0696,1993.59,1957.47,FLAT,0.987,1,99,0,,,,,,flat_flat_no_review,UP,0.73,-0.42,61.0,-5.846,-0.00,0.060,29
2026-06-01 23:05,BNBUSDT,FLAT,1.0000,cascade_v2.5_hybrid_pruned_scenario_I,693.6400,693.6400,,,,,8.1669,702.0000,674.1500,FLAT,0.4683,46,47,7,,,26,66,8,flat_lstm_reviewed,DOWN,0.34,-1.02,51.4,-4.173,-0.00,0.014,29
2026-06-01 23:05,1000PEPEUSDT,FLAT,1.0000,cascade_v2.5_hybrid_pruned_scenario_I,0.00341590,0.00341590,,,,,0.00003733,0.00342770,0.00332040,FLAT,0.6976,30,70,0,,,,,,flat_flat_no_review,UP,0.75,-0.32,59.3,-9.539,1.48,0.089,29
2026-06-01 23:05,POLUSDT,FLAT,1.0000,cascade_v2.5_hybrid_pruned_scenario_I,0.093590,0.093590,,,,,0.00071518,0.094760,0.092490,SHORT,0.5333,53,12,35,,,23,51,27,flat_lstm_reviewed,UP,0.66,-1.64,56.3,-9.562,-0.00,0.055,29
2026-06-01 23:05,NEARUSDT,FLAT,1.0000,cascade_v2.5_hybrid_pruned_scenario_I,2.6730,2.6730,,,,,0.079128,2.3970,2.3780,FLAT,0.9998,0,100,0,,,,,,flat_flat_no_review,UP,0.92,-0.47,74.2,-15.852,-0.00,0.119,29
2026-06-01 23:05,AVAXUSDT,FLAT,1.0000,cascade_v2.5_hybrid_pruned_scenario_I,8.9190,8.9190,,,,,0.087008,8.9840,8.6810,FLAT,0.5663,41,57,2,,,24,52,23,flat_lstm_reviewed,UP,0.62,-0.75,55.8,-8.068,-0.00,0.086,29
2026-06-01 23:05,SUIUSDT,FLAT,1.0000,cascade_v2.5_hybrid_pruned_scenario_I,0.879200,0.879200,,,,,0.011073,0.886300,0.858000,SHORT,0.5206,52,48,0,,,19,57,23,flat_lstm_reviewed,DOWN,0.48,-0.64,53.0,1.609,-0.00,0.060,29
2026-06-01 22:05,TAOUSDT,FLAT,1.0000,cascade_v2.5_hybrid_pruned_scenario_I,250.5700,250.5700,,,,,3.5699,257.0100,245.3900,SHORT,0.5719,57,10,33,,,22,53,26,flat_lstm_reviewed,DOWN,0.44,-1.80,45.3,-9.611,-0.00,0.174,29
2026-06-01 22:05,DOTUSDT,FLAT,1.0000,cascade_v2.5_hybrid_pruned_scenario_I,1.1470,1.1470,,,,,0.014962,1.1690,1.1230,SHORT,0.5268,53,6,41,,,5,84,11,flat_lstm_reviewed,DOWN,0.29,-1.47,40.1,-9.765,-0.00,0.162,29
2026-06-01 22:05,1000SHIBUSDT,FLAT,1.0000,cascade_v2.5_hybrid_pruned_scenario_I,0.00548100,0.00548100,,,,,0.00004606,0.00557200,0.00540700,SHORT,0.4491,45,15,40,,,21,37,42,flat_lstm_reviewed,UP,0.53,-1.98,47.5,-16.610,-0.00,0.200,29
2026-06-01 22:05,ADAUSDT,FLAT,1.0000,cascade_v2.5_hybrid_pruned_scenario_I,0.228500,0.228500,,,,,0.00216571,0.231900,0.226000,LONG,0.5725,29,14,57,,,10,69,21,flat_lstm_reviewed,DOWN,0.27,-1.57,36.8,-11.405,-0.00,0.209,29
2026-06-01 22:05,ONDOUSDT,FLAT,1.0000,cascade_v2.5_hybrid_pruned_scenario_I,0.349600,0.349600,,,,,0.00691510,0.359800,0.343100,LONG,0.6347,0,37,63,,,14,64,22,flat_lstm_reviewed,DOWN,0.21,-1.48,37.8,-14.841,-0.00,0.125,29
2026-06-01 22:05,HBARUSDT,FLAT,1.0000,cascade_v2.5_hybrid_pruned_scenario_I,0.092430,0.092430,,,,,0.00095834,0.093680,0.091920,FLAT,0.6199,0,62,38,,,7,80,13,flat_lstm_reviewed,DOWN,0.09,-1.30,33.7,-6.043,-0.00,0.189,29
2026-06-01 22:05,SOLUSDT,FLAT,1.0000,cascade_v2.5_hybrid_pruned_scenario_I,80.3300,80.3300,,,,,0.687876,81.3000,79.0600,SHORT,0.5049,50,8,42,,,9,76,15,flat_lstm_reviewed,DOWN,0.32,-1.41,40.0,-11.135,-0.00,0.137,29
2026-06-01 22:05,LINKUSDT,FLAT,1.0000,cascade_v2.5_hybrid_pruned_scenario_I,8.9490,8.9490,,,,,0.082738,9.1080,8.8580,LONG,0.4198,40,18,42,,,7,79,14,flat_lstm_reviewed,DOWN,0.29,-1.92,40.2,-13.512,-0.00,0.227,29
2026-06-01 22:05,DOGEUSDT,FLAT,1.0000,cascade_v2.5_hybrid_pruned_scenario_I,0.099580,0.099580,,,,,0.00084020,0.100290,0.097750,SHORT,0.3976,40,36,24,,,22,45,33,flat_lstm_reviewed,DOWN,0.48,-1.44,45.3,-8.402,-0.00,0.153,29
2026-06-01 22:05,ARBUSDT,FLAT,1.0000,cascade_v2.5_hybrid_pruned_scenario_I,0.101200,0.101200,,,,,0.00146158,0.101600,0.099000,FLAT,0.796,20,80,0,,,,,,flat_flat_no_review,UP,0.48,-1.78,45.3,-22.088,1.49,0.113,29
2026-06-01 22:05,XRPUSDT,FLAT,1.0000,cascade_v2.5_hybrid_pruned_scenario_I,1.2878,1.2878,,,,,0.00881316,1.3044,1.2788,FLAT,0.5693,0,57,43,,,6,81,14,flat_lstm_reviewed,DOWN,0.15,-1.88,34.2,-8.485,-0.00,0.188,29
2026-06-01 22:05,TRXUSDT,FLAT,1.0000,cascade_v2.5_hybrid_pruned_scenario_I,0.343860,0.343860,,,,,0.00121247,0.347110,0.350020,FLAT,1.0,0,100,0,,,,,,flat_flat_no_review,DOWN,0.13,-2.81,26.0,6.401,-0.00,0.092,29
2026-06-01 22:05,TONUSDT,FLAT,1.0000,cascade_v2.5_hybrid_pruned_scenario_I,2.1011,2.1011,,,,,0.071317,2.2799,2.0670,FLAT,0.8696,0,87,13,,,,,,flat_flat_no_review,UP,0.56,-2.51,53.3,-21.381,-1.18,0.078,29
2026-06-01 22:05,ETHUSDT,FLAT,1.0000,cascade_v2.5_hybrid_pruned_scenario_I,1986.67,1986.67,,,,,15.1468,1993.59,1957.47,FLAT,0.7845,17,78,4,,,,,,flat_flat_no_review,DOWN,0.48,-1.50,46.6,-11.121,1.96,0.145,29
2026-06-01 22:05,BNBUSDT,FLAT,1.0000,cascade_v2.5_hybrid_pruned_scenario_I,690.2700,690.2700,,,,,8.5940,698.9400,674.1500,SHORT,0.3607,36,28,36,,,13,75,11,flat_lstm_reviewed,DOWN,0.28,-1.36,46.3,-3.134,-0.00,0.026,29
2026-06-01 22:05,1000PEPEUSDT,FLAT,1.0000,cascade_v2.5_hybrid_pruned_scenario_I,0.00337210,0.00337210,,,,,0.00003568,0.00342770,0.00332040,SHORT,0.5386,54,9,38,,,30,33,37,flat_lstm_reviewed,UP,0.44,-1.56,44.0,-18.700,-0.00,0.190,29
2026-06-01 22:05,POLUSDT,FLAT,1.0000,cascade_v2.5_hybrid_pruned_scenario_I,0.093250,0.093250,,,,,0.00075813,0.094760,0.092490,FLAT,0.4284,18,43,39,,,21,53,26,flat_lstm_reviewed,UP,0.57,-1.99,50.8,-12.403,-0.00,0.095,29
2026-06-01 22:05,NEARUSDT,FLAT,1.0000,cascade_v2.5_hybrid_pruned_scenario_I,2.6250,2.6250,,,,,0.076656,2.3970,2.3780,FLAT,0.9997,0,100,0,,,,,,flat_flat_no_review,UP,0.84,-0.94,74.3,-14.078,-0.00,0.157,29
2026-06-01 22:05,AVAXUSDT,FLAT,1.0000,cascade_v2.5_hybrid_pruned_scenario_I,8.8510,8.8510,,,,,0.089810,8.8890,8.6810,FLAT,0.7801,20,78,2,,,,,,flat_flat_no_review,UP,0.45,-1.48,46.3,-9.820,1.95,0.182,29
2026-06-01 22:05,SUIUSDT,FLAT,1.0000,cascade_v2.5_hybrid_pruned_scenario_I,0.866600,0.866600,,,,,0.010799,0.886300,0.858000,FLAT,0.6829,0,68,32,,,,,,flat_flat_no_review,DOWN,0.21,-1.82,37.6,-10.837,-0.00,0.154,29
2026-06-01 21:05,TAOUSDT,FLAT,1.0000,cascade_v2.5_hybrid_pruned_scenario_I,254.4800,254.4800,,,,,3.4763,252.3900,244.0600,FLAT,0.9982,0,100,0,,,,,,flat_flat_no_review,UP,0.70,-0.73,58.5,-3.711,-0.00,0.085,29
2026-06-01 21:05,DOTUSDT,FLAT,1.0000,cascade_v2.5_hybrid_pruned_scenario_I,1.1590,1.1590,,,,,0.014720,1.1750,1.1230,FLAT,0.4573,39,46,15,,,15,66,18,flat_lstm_reviewed,DOWN,0.43,-0.68,49.8,-0.051,-0.00,0.026,29
2026-06-01 21:05,1000SHIBUSDT,FLAT,1.0000,cascade_v2.5_hybrid_pruned_scenario_I,0.00553100,0.00553100,,,,,0.00004468,0.00557200,0.00537800,FLAT,0.7657,23,77,0,,,,,,flat_flat_no_review,UP,0.79,-0.92,64.9,-6.951,-0.00,0.054,29
2026-06-01 21:05,ADAUSDT,FLAT,1.0000,cascade_v2.5_hybrid_pruned_scenario_I,0.230500,0.230500,,,,,0.00209890,0.231900,0.225200,FLAT,0.7505,21,75,4,,,,,,flat_flat_no_review,DOWN,0.43,-0.67,48.2,-3.069,-0.00,0.084,29
2026-06-01 21:05,ONDOUSDT,FLAT,1.0000,cascade_v2.5_hybrid_pruned_scenario_I,0.356600,0.356600,,,,,0.00686717,0.359800,0.343100,FLAT,0.9043,10,90,0,,,,,,flat_flat_no_review,DOWN,0.44,-0.47,53.0,-0.795,2.19,0.023,29
2026-06-01 21:05,HBARUSDT,FLAT,1.0000,cascade_v2.5_hybrid_pruned_scenario_I,0.093120,0.093120,,,,,0.00098106,0.094450,0.091870,SHORT,0.5598,56,25,19,,,13,69,19,flat_lstm_reviewed,DOWN,0.21,-0.57,42.8,-0.588,-0.00,0.071,29
2026-06-01 21:05,SOLUSDT,FLAT,1.0000,cascade_v2.5_hybrid_pruned_scenario_I,80.9900,80.9900,,,,,0.677806,81.2400,79.0600,FLAT,0.879,12,88,0,,,,,,flat_flat_no_review,DOWN,0.48,-0.46,53.2,0.299,1.46,0.111,29
2026-06-01 21:05,LINKUSDT,FLAT,1.0000,cascade_v2.5_hybrid_pruned_scenario_I,9.0570,9.0570,,,,,0.080339,9.1080,8.8410,FLAT,0.6392,35,64,1,,,,,,flat_flat_no_review,DOWN,0.57,-0.63,56.4,-2.842,-0.00,0.072,29
2026-06-01 21:05,DOGEUSDT,FLAT,1.0000,cascade_v2.5_hybrid_pruned_scenario_I,0.100430,0.100430,,,,,0.00082279,0.100290,0.097750,FLAT,0.9749,3,97,0,,,,,,flat_flat_no_review,UP,0.71,-0.44,58.6,2.083,1.94,0.063,29
2026-06-01 21:05,ARBUSDT,FLAT,1.0000,cascade_v2.5_hybrid_pruned_scenario_I,0.102300,0.102300,,,,,0.00146079,0.101600,0.098200,FLAT,0.9982,0,100,0,,,,,,flat_flat_no_review,UP,0.66,-1.03,56.8,-7.819,1.70,0.076,29
2026-06-01 21:05,XRPUSDT,FLAT,1.0000,cascade_v2.5_hybrid_pruned_scenario_I,1.2969,1.2969,,,,,0.00865108,1.3059,1.2781,FLAT,0.4543,40,45,15,,,20,55,25,flat_lstm_reviewed,DOWN,0.29,-0.87,44.6,-2.797,-0.00,0.045,29
2026-06-01 21:05,TRXUSDT,FLAT,1.0000,cascade_v2.5_hybrid_pruned_scenario_I,0.343440,0.343440,,,,,0.00130300,0.350130,0.350020,FLAT,1.0,0,100,0,,,,,,flat_flat_no_review,DOWN,0.09,-4.58,20.1,-3.190,-0.00,0.176,29
2026-06-01 21:05,TONUSDT,FLAT,1.0000,cascade_v2.5_hybrid_pruned_scenario_I,2.1474,2.1474,,,,,0.072608,2.2799,1.8860,FLAT,0.4745,23,47,30,,,,,,flat_flat_no_review,UP,0.67,-1.82,61.9,-10.836,-0.00,0.122,29
2026-06-01 21:05,ETHUSDT,FLAT,1.0000,cascade_v2.5_hybrid_pruned_scenario_I,2006.96,2006.96,,,,,14.6842,1993.59,1954.42,FLAT,0.9984,0,100,0,,,,,,flat_flat_no_review,UP,0.77,-0.17,68.9,12.846,-0.00,0.184,29
2026-06-01 21:05,BNBUSDT,FLAT,1.0000,cascade_v2.5_hybrid_pruned_scenario_I,695.1800,695.1800,,,,,9.0110,698.9400,674.1500,FLAT,0.8095,19,81,0,,,,,,flat_flat_no_review,DOWN,0.37,-0.76,53.5,9.127,2.12,0.035,29
2026-06-01 21:05,1000PEPEUSDT,FLAT,1.0000,cascade_v2.5_hybrid_pruned_scenario_I,0.00341220,0.00341220,,,,,0.00003440,0.00342770,0.00331030,FLAT,0.674,33,67,0,,,,,,flat_flat_no_review,UP,0.72,-0.45,62.2,-1.755,1.82,0.053,29
2026-06-01 21:05,POLUSDT,FLAT,1.0000,cascade_v2.5_hybrid_pruned_scenario_I,0.094070,0.094070,,,,,0.00075046,0.094760,0.091270,FLAT,0.731,27,73,0,,,,,,flat_flat_no_review,UP,0.80,-0.92,67.5,-4.296,-0.00,0.059,29
2026-06-01 21:05,NEARUSDT,FLAT,1.0000,cascade_v2.5_hybrid_pruned_scenario_I,2.6750,2.6750,,,,,0.076911,2.3970,2.2960,FLAT,0.9998,0,100,0,,,,,,flat_flat_no_review,UP,0.95,-0.29,88.7,2.827,-0.00,0.086,29
2026-06-01 21:05,AVAXUSDT,FLAT,1.0000,cascade_v2.5_hybrid_pruned_scenario_I,8.9290,8.9290,,,,,0.087360,8.8890,8.6710,FLAT,0.9896,1,99,0,,,,,,flat_flat_no_review,UP,0.65,-0.63,58.9,-2.285,2.01,0.051,29
2026-06-01 21:05,SUIUSDT,FLAT,1.0000,cascade_v2.5_hybrid_pruned_scenario_I,0.879900,0.879900,,,,,0.010364,0.886300,0.856900,FLAT,0.6295,36,63,1,,,21,55,25,flat_lstm_reviewed,DOWN,0.50,-0.62,54.1,-0.509,-0.00,0.057,29
2026-06-01 20:05,TAOUSDT,FLAT,1.0000,cascade_v2.5_hybrid_pruned_scenario_I,255.9400,255.9400,,,,,3.6410,252.3900,244.0600,FLAT,0.9988,0,100,0,,,,,,flat_flat_no_review,UP,0.80,-0.29,64.5,9.788,-0.00,0.146,29
2026-06-01 20:05,DOTUSDT,FLAT,1.0000,cascade_v2.5_hybrid_pruned_scenario_I,1.1660,1.1660,,,,,0.015549,1.1750,1.1230,FLAT,0.765,23,76,1,,,,,,flat_flat_no_review,DOWN,0.52,-0.19,57.3,17.769,-0.00,0.044,29
2026-06-01 20:05,1000SHIBUSDT,FLAT,1.0000,cascade_v2.5_hybrid_pruned_scenario_I,0.00553200,0.00553200,,,,,0.00004727,0.00557200,0.00537800,FLAT,0.8706,13,87,0,,,,,,flat_flat_no_review,UP,0.79,-0.85,65.4,1.950,-0.00,0.031,29
2026-06-01 20:05,ADAUSDT,FLAT,1.0000,cascade_v2.5_hybrid_pruned_scenario_I,0.231000,0.231000,,,,,0.00223822,0.231900,0.225200,FLAT,0.915,8,91,0,,,,,,flat_flat_no_review,DOWN,0.47,-0.40,51.7,4.477,1.56,0.063,29
2026-06-01 20:05,ONDOUSDT,FLAT,1.0000,cascade_v2.5_hybrid_pruned_scenario_I,0.357200,0.357200,,,,,0.00737494,0.359800,0.343100,FLAT,0.9215,8,92,0,,,,,,flat_flat_no_review,DOWN,0.46,-0.35,54.6,3.626,1.98,0.037,29
2026-06-01 20:05,HBARUSDT,FLAT,1.0000,cascade_v2.5_hybrid_pruned_scenario_I,0.093050,0.093050,,,,,0.00099056,0.094450,0.091870,FLAT,0.6139,6,61,32,,,,,,flat_flat_no_review,DOWN,0.20,-1.08,40.7,-4.253,-0.00,0.028,29
2026-06-01 20:05,SOLUSDT,FLAT,1.0000,cascade_v2.5_hybrid_pruned_scenario_I,81.1000,81.1000,,,,,0.738802,81.2400,79.0600,FLAT,0.8801,12,88,0,,,,,,flat_flat_no_review,DOWN,0.51,-0.27,56.1,13.838,1.62,0.066,29
2026-06-01 20:05,LINKUSDT,FLAT,1.0000,cascade_v2.5_hybrid_pruned_scenario_I,9.0630,9.0630,,,,,0.086227,9.1080,8.8410,FLAT,0.6734,31,67,1,,,,,,flat_flat_no_review,DOWN,0.59,-0.52,57.4,5.901,-0.00,0.063,29
2026-06-01 20:05,DOGEUSDT,FLAT,1.0000,cascade_v2.5_hybrid_pruned_scenario_I,0.100510,0.100510,,,,,0.00086732,0.100290,0.097750,FLAT,0.9862,1,99,0,,,,,,flat_flat_no_review,UP,0.73,-0.15,60.5,11.269,1.30,0.086,29
2026-06-01 20:05,ARBUSDT,FLAT,1.0000,cascade_v2.5_hybrid_pruned_scenario_I,0.103500,0.103500,,,,,0.00149784,0.101600,0.098200,FLAT,0.9999,0,100,0,,,,,,flat_flat_no_review,UP,0.85,-0.20,72.1,18.689,0.00,0.404,29
2026-06-01 20:05,XRPUSDT,FLAT,1.0000,cascade_v2.5_hybrid_pruned_scenario_I,1.2972,1.2972,,,,,0.00936150,1.3059,1.2781,FLAT,0.4524,45,45,10,,,18,57,26,flat_lstm_reviewed,DOWN,0.30,-0.77,45.3,7.816,-0.00,0.138,29
2026-06-01 20:05,TRXUSDT,FLAT,1.0000,cascade_v2.5_hybrid_pruned_scenario_I,0.343850,0.343850,,,,,0.00127218,0.350130,0.350020,FLAT,1.0,0,100,0,,,,,,flat_flat_no_review,DOWN,0.05,-4.44,18.6,-11.485,-0.00,0.067,29
2026-06-01 20:05,TONUSDT,FLAT,1.0000,cascade_v2.5_hybrid_pruned_scenario_I,2.2007,2.2007,,,,,0.074291,2.2799,1.8860,FLAT,0.9304,7,93,0,,,,,,flat_flat_no_review,UP,0.81,-1.07,73.4,-13.838,-0.00,0.068,29
2026-06-01 20:05,ETHUSDT,FLAT,1.0000,cascade_v2.5_hybrid_pruned_scenario_I,2001.96,2001.96,,,,,15.2784,1993.59,1954.42,FLAT,0.9928,1,99,0,,,,,,flat_flat_no_review,UP,0.70,-0.41,64.2,20.674,-0.00,0.063,29
2026-06-01 20:05,BNBUSDT,FLAT,1.0000,cascade_v2.5_hybrid_pruned_scenario_I,696.5100,696.5100,,,,,9.4057,698.9400,674.1500,FLAT,0.7686,23,77,0,,,,,,flat_flat_no_review,DOWN,0.39,-0.03,55.7,15.367,2.08,0.031,29
2026-06-01 20:05,1000PEPEUSDT,FLAT,1.0000,cascade_v2.5_hybrid_pruned_scenario_I,0.00341550,0.00341550,,,,,0.00003655,0.00342770,0.00331030,FLAT,0.7498,25,75,0,,,,,,flat_flat_no_review,UP,0.75,-0.33,64.3,4.600,1.84,0.034,29
2026-06-01 20:05,POLUSDT,FLAT,1.0000,cascade_v2.5_hybrid_pruned_scenario_I,0.093820,0.093820,,,,,0.00079463,0.094760,0.091270,FLAT,0.6252,37,63,0,,,32,38,30,flat_lstm_reviewed,UP,0.73,-1.18,63.2,-5.465,-0.00,0.033,29
2026-06-01 20:05,NEARUSDT,FLAT,1.0000,cascade_v2.5_hybrid_pruned_scenario_I,2.5900,2.5900,,,,,0.073030,2.3970,2.2960,FLAT,0.9994,0,100,0,,,,,,flat_flat_no_review,UP,0.85,-0.82,81.5,3.429,-0.00,0.172,29
2026-06-01 20:05,AVAXUSDT,FLAT,1.0000,cascade_v2.5_hybrid_pruned_scenario_I,8.9620,8.9620,,,,,0.091323,8.8890,8.6710,FLAT,0.9994,0,100,0,,,,,,flat_flat_no_review,UP,0.73,-0.24,64.6,9.392,-0.00,0.197,29
2026-06-01 20:05,SUIUSDT,FLAT,1.0000,cascade_v2.5_hybrid_pruned_scenario_I,0.877700,0.877700,,,,,0.010764,0.886300,0.856900,FLAT,0.5826,39,58,3,,,15,63,22,flat_lstm_reviewed,DOWN,0.45,-0.80,51.2,-1.487,-0.00,0.052,29
2026-06-01 19:05,TAOUSDT,FLAT,1.0000,cascade_v2.5_hybrid_pruned_scenario_I,252.2100,252.2100,,,,,3.4130,252.3900,244.0600,FLAT,0.9643,4,96,0,,,,,,flat_flat_no_review,DOWN,0.55,-0.86,55.3,19.703,1.69,0.054,29
2026-06-01 19:05,DOTUSDT,FLAT,1.0000,cascade_v2.5_hybrid_pruned_scenario_I,1.1570,1.1570,,,,,0.015572,1.1750,1.1230,LONG,0.4444,32,24,44,,,7,84,9,flat_lstm_reviewed,DOWN,0.41,-0.64,49.9,31.503,-0.00,0.014,29
2026-06-01 19:05,1000SHIBUSDT,FLAT,1.0000,cascade_v2.5_hybrid_pruned_scenario_I,0.00551500,0.00551500,,,,,0.00005023,0.00546600,0.00537800,FLAT,0.9998,0,100,0,,,,,,flat_flat_no_review,UP,0.71,-1.13,61.9,13.666,-0.00,0.077,29
2026-06-01 19:05,ADAUSDT,FLAT,1.0000,cascade_v2.5_hybrid_pruned_scenario_I,0.230100,0.230100,,,,,0.00230563,0.232300,0.225200,FLAT,0.4313,32,43,25,,,,,,flat_flat_no_review,DOWN,0.40,-0.78,46.3,27.091,-0.00,0.067,29
2026-06-01 19:05,ONDOUSDT,FLAT,1.0000,cascade_v2.5_hybrid_pruned_scenario_I,0.355400,0.355400,,,,,0.00756288,0.373600,0.343100,LONG,0.5827,34,7,58,,,12,71,18,flat_lstm_reviewed,DOWN,0.40,-0.58,51.0,18.959,-0.00,0.028,29
2026-06-01 19:05,HBARUSDT,FLAT,1.0000,cascade_v2.5_hybrid_pruned_scenario_I,0.093210,0.093210,,,,,0.00105608,0.094450,0.091870,SHORT,0.5702,57,24,19,,,14,67,19,flat_lstm_reviewed,DOWN,0.22,-1.17,42.5,16.883,-0.00,0.036,29
2026-06-01 19:05,SOLUSDT,FLAT,1.0000,cascade_v2.5_hybrid_pruned_scenario_I,80.7500,80.7500,,,,,0.748053,81.2400,79.0600,FLAT,0.571,32,57,10,,,,,,flat_flat_no_review,DOWN,0.42,-0.60,49.8,31.023,-0.00,0.031,29
2026-06-01 19:05,LINKUSDT,FLAT,1.0000,cascade_v2.5_hybrid_pruned_scenario_I,9.0240,9.0240,,,,,0.087841,9.0460,8.8410,FLAT,0.8265,17,83,0,,,,,,flat_flat_no_review,DOWN,0.49,-0.96,53.0,19.829,1.37,0.082,29
2026-06-01 19:05,DOGEUSDT,FLAT,1.0000,cascade_v2.5_hybrid_pruned_scenario_I,0.099830,0.099830,,,,,0.00087748,0.100290,0.097750,FLAT,0.6962,27,70,3,,,,,,flat_flat_no_review,DOWN,0.55,-0.67,52.4,27.214,-0.00,0.059,29
2026-06-01 19:05,ARBUSDT,FLAT,1.0000,cascade_v2.5_hybrid_pruned_scenario_I,0.102200,0.102200,,,,,0.00152930,0.101600,0.098200,FLAT,0.998,0,100,0,,,,,,flat_flat_no_review,UP,0.65,-0.98,59.3,21.675,1.65,0.088,29
2026-06-01 19:05,XRPUSDT,FLAT,1.0000,cascade_v2.5_hybrid_pruned_scenario_I,1.2941,1.2941,,,,,0.00967558,1.3059,1.2781,LONG,0.5451,35,10,55,,,15,61,24,flat_lstm_reviewed,DOWN,0.25,-1.22,41.0,27.808,-0.00,0.061,29
2026-06-01 19:05,TRXUSDT,FLAT,1.0000,cascade_v2.5_hybrid_pruned_scenario_I,0.344080,0.344080,,,,,0.00135344,0.350130,0.350020,FLAT,1.0,0,100,0,,,,,,flat_flat_no_review,DOWN,0.02,-4.47,19.0,-5.606,-0.00,0.216,29
2026-06-01 19:05,TONUSDT,FLAT,1.0000,cascade_v2.5_hybrid_pruned_scenario_I,2.2133,2.2133,,,,,0.077514,2.2799,1.8860,FLAT,0.9133,9,91,0,,,,,,flat_flat_no_review,UP,0.84,-0.86,75.2,-2.489,-0.00,0.073,29
2026-06-01 19:05,ETHUSDT,FLAT,1.0000,cascade_v2.5_hybrid_pruned_scenario_I,1992.05,1992.05,,,,,15.0756,1993.59,1954.42,FLAT,0.9308,7,93,0,,,,,,flat_flat_no_review,DOWN,0.55,-0.29,58.0,27.579,1.49,0.030,29
2026-06-01 19:05,BNBUSDT,FLAT,1.0000,cascade_v2.5_hybrid_pruned_scenario_I,691.0500,691.0500,,,,,9.9374,698.9400,674.1500,FLAT,0.5272,44,53,3,,,14,62,23,flat_lstm_reviewed,DOWN,0.30,-0.79,48.8,19.201,-0.00,0.016,29
2026-06-01 19:05,1000PEPEUSDT,FLAT,1.0000,cascade_v2.5_hybrid_pruned_scenario_I,0.00339810,0.00339810,,,,,0.00003751,0.00337810,0.00331030,FLAT,0.9987,0,100,0,,,,,,flat_flat_no_review,UP,0.62,-0.79,59.8,25.413,-0.00,0.049,29
2026-06-01 19:05,POLUSDT,FLAT,1.0000,cascade_v2.5_hybrid_pruned_scenario_I,0.093650,0.093650,,,,,0.00085165,0.094760,0.091270,SHORT,0.3795,38,26,36,,,31,41,28,flat_lstm_reviewed,UP,0.68,-1.30,62.2,-1.888,-0.00,0.049,29
2026-06-01 19:05,NEARUSDT,FLAT,1.0000,cascade_v2.5_hybrid_pruned_scenario_I,2.5830,2.5830,,,,,0.069291,2.3970,2.2960,FLAT,0.9998,0,100,0,,,,,,flat_flat_no_review,UP,0.99,-0.03,88.7,17.320,-0.00,0.086,29
2026-06-01 19:05,AVAXUSDT,FLAT,1.0000,cascade_v2.5_hybrid_pruned_scenario_I,8.8800,8.8800,,,,,0.090778,8.8890,8.6710,FLAT,0.8432,16,84,0,,,,,,flat_flat_no_review,DOWN,0.52,-0.76,54.3,27.233,1.88,0.055,29
2026-06-01 19:05,SUIUSDT,FLAT,1.0000,cascade_v2.5_hybrid_pruned_scenario_I,0.872600,0.872600,,,,,0.011339,0.883900,0.856900,SHORT,0.487,49,14,38,,,10,72,18,flat_lstm_reviewed,DOWN,0.34,-1.21,44.7,16.832,-0.00,0.063,29
2026-06-01 18:05,TAOUSDT,FLAT,1.0000,cascade_v2.5_hybrid_pruned_scenario_I,253.0700,253.0700,,,,,3.5841,252.3900,244.0600,FLAT,0.9941,1,99,0,,,,,,flat_flat_no_review,DOWN,0.61,-0.58,59.2,31.176,1.78,0.072,29
2026-06-01 18:05,DOTUSDT,FLAT,1.0000,cascade_v2.5_hybrid_pruned_scenario_I,1.1570,1.1570,,,,,0.015906,1.1750,1.1640,FLAT,0.998,0,100,0,,,,,,flat_flat_no_review,DOWN,0.41,-1.01,49.9,29.140,-1.43,0.082,29
2026-06-01 18:05,1000SHIBUSDT,FLAT,1.0000,cascade_v2.5_hybrid_pruned_scenario_I,0.00554100,0.00554100,,,,,0.00005295,0.00546600,0.00537800,FLAT,1.0,0,100,0,,,,,,flat_flat_no_review,UP,0.84,-0.59,71.4,35.187,-0.00,0.080,29
2026-06-01 18:05,ADAUSDT,FLAT,1.0000,cascade_v2.5_hybrid_pruned_scenario_I,0.230600,0.230600,,,,,0.00242342,0.232300,0.225200,FLAT,0.6988,23,70,7,,,,,,flat_flat_no_review,DOWN,0.44,-0.58,49.4,28.451,-0.00,0.074,29
2026-06-01 18:05,ONDOUSDT,FLAT,1.0000,cascade_v2.5_hybrid_pruned_scenario_I,0.356900,0.356900,,,,,0.00806178,0.373600,0.346700,LONG,0.5167,37,11,52,,,9,75,16,flat_lstm_reviewed,DOWN,0.45,-0.36,54.3,25.627,-0.00,0.028,29
2026-06-01 18:05,HBARUSDT,FLAT,1.0000,cascade_v2.5_hybrid_pruned_scenario_I,0.093240,0.093240,,,,,0.00113732,0.094450,0.091870,SHORT,0.4166,42,32,26,,,15,67,19,flat_lstm_reviewed,DOWN,0.23,-1.63,41.8,14.624,-0.00,0.040,29
2026-06-01 18:05,SOLUSDT,FLAT,1.0000,cascade_v2.5_hybrid_pruned_scenario_I,80.8200,80.8200,,,,,0.784677,81.2400,80.3800,FLAT,0.9838,1,98,1,,,,,,flat_flat_no_review,DOWN,0.44,-0.48,51.3,31.659,-0.00,0.060,29
2026-06-01 18:05,LINKUSDT,FLAT,1.0000,cascade_v2.5_hybrid_pruned_scenario_I,9.0420,9.0420,,,,,0.095048,9.0460,8.8410,FLAT,0.9297,7,93,0,,,,,,flat_flat_no_review,DOWN,0.53,-0.69,56.0,31.327,1.47,0.098,29
2026-06-01 18:05,DOGEUSDT,FLAT,1.0000,cascade_v2.5_hybrid_pruned_scenario_I,0.099990,0.099990,,,,,0.00092919,0.100290,0.099020,FLAT,0.8435,15,84,0,,,,,,flat_flat_no_review,DOWN,0.59,-0.46,54.9,25.771,1.47,0.076,29
2026-06-01 18:05,ARBUSDT,FLAT,1.0000,cascade_v2.5_hybrid_pruned_scenario_I,0.102300,0.102300,,,,,0.00144150,0.101600,0.098200,FLAT,0.999,0,100,0,,,,,,flat_flat_no_review,DOWN,0.66,-0.42,63.3,40.788,1.64,0.036,29
2026-06-01 18:05,XRPUSDT,FLAT,1.0000,cascade_v2.5_hybrid_pruned_scenario_I,1.2992,1.2992,,,,,0.00994362,1.3059,1.2781,FLAT,0.6322,30,63,6,,,,,,flat_flat_no_review,DOWN,0.33,-0.81,46.8,31.949,-0.00,0.068,29
2026-06-01 18:05,TRXUSDT,FLAT,1.0000,cascade_v2.5_hybrid_pruned_scenario_I,0.345250,0.345250,,,,,0.00132874,0.350130,0.350020,FLAT,1.0,0,100,0,,,,,,flat_flat_no_review,DOWN,0.01,-4.29,22.8,-5.229,-0.00,0.044,29
2026-06-01 18:05,TONUSDT,FLAT,1.0000,cascade_v2.5_hybrid_pruned_scenario_I,2.1869,2.1869,,,,,0.082091,2.0208,1.8860,FLAT,0.9997,0,100,0,,,,,,flat_flat_no_review,UP,0.79,-1.13,73.4,19.649,-0.00,0.083,29
2026-06-01 18:05,ETHUSDT,FLAT,1.0000,cascade_v2.5_hybrid_pruned_scenario_I,1988.10,1988.10,,,,,15.9991,1993.59,1954.42,FLAT,0.8467,15,85,0,,,,,,flat_flat_no_review,DOWN,0.50,-0.52,54.2,23.737,1.40,0.072,29
2026-06-01 18:05,BNBUSDT,FLAT,1.0000,cascade_v2.5_hybrid_pruned_scenario_I,687.8200,687.8200,,,,,10.2584,698.9400,685.2100,FLAT,0.8707,0,87,13,,,,,,flat_flat_no_review,DOWN,0.24,-2.04,44.4,14.079,-2.01,0.021,29
2026-06-01 18:05,1000PEPEUSDT,FLAT,1.0000,cascade_v2.5_hybrid_pruned_scenario_I,0.00340490,0.00340490,,,,,0.00003898,0.00337810,0.00331030,FLAT,0.9996,0,100,0,,,,,,flat_flat_no_review,DOWN,0.67,-0.58,63.8,28.248,-0.00,0.080,29
2026-06-01 18:05,POLUSDT,FLAT,1.0000,cascade_v2.5_hybrid_pruned_scenario_I,0.094140,0.094140,,,,,0.00086944,0.093030,0.091270,FLAT,1.0,0,100,0,,,,,,flat_flat_no_review,UP,0.84,-0.71,71.9,25.128,-0.00,0.036,29
2026-06-01 18:05,NEARUSDT,FLAT,1.0000,cascade_v2.5_hybrid_pruned_scenario_I,2.5290,2.5290,,,,,0.068669,2.3970,2.2960,FLAT,0.9998,0,100,0,,,,,,flat_flat_no_review,UP,0.93,-0.36,84.6,16.724,-0.00,0.173,29
2026-06-01 18:05,AVAXUSDT,FLAT,1.0000,cascade_v2.5_hybrid_pruned_scenario_I,8.9240,8.9240,,,,,0.095800,8.8890,8.6710,FLAT,0.992,1,99,0,,,,,,flat_flat_no_review,DOWN,0.63,-0.26,61.8,32.700,1.58,0.063,29
2026-06-01 18:05,SUIUSDT,FLAT,1.0000,cascade_v2.5_hybrid_pruned_scenario_I,0.880100,0.880100,,,,,0.011752,0.883900,0.856900,FLAT,0.8141,19,81,0,,,,,,flat_flat_no_review,DOWN,0.50,-0.53,54.3,22.853,1.68,0.059,29
2026-06-01 17:05,TAOUSDT,FLAT,1.0000,cascade_v2.5_hybrid_pruned_scenario_I,251.9000,251.9000,,,,,3.5135,252.3900,244.0600,FLAT,0.8996,10,90,0,,,,,,flat_flat_no_review,DOWN,0.53,-0.08,56.5,28.576,1.43,0.132,29
2026-06-01 17:05,DOTUSDT,FLAT,1.0000,cascade_v2.5_hybrid_pruned_scenario_I,1.1490,1.1490,,,,,0.015605,1.1750,1.1640,FLAT,0.9998,0,100,0,,,,,,flat_flat_no_review,DOWN,0.31,-1.54,42.8,18.936,-0.00,0.097,29
2026-06-01 17:05,1000SHIBUSDT,FLAT,1.0000,cascade_v2.5_hybrid_pruned_scenario_I,0.00552200,0.00552200,,,,,0.00005343,0.00546600,0.00537800,FLAT,0.9999,0,100,0,,,,,,flat_flat_no_review,UP,0.80,-0.07,68.7,33.909,-0.00,0.328,29
2026-06-01 17:05,ADAUSDT,FLAT,1.0000,cascade_v2.5_hybrid_pruned_scenario_I,0.230700,0.230700,,,,,0.00257062,0.232300,0.232500,FLAT,0.9997,0,100,0,,,,,,flat_flat_no_review,DOWN,0.45,-0.51,50.1,25.448,-0.00,0.185,29
2026-06-01 17:05,ONDOUSDT,FLAT,1.0000,cascade_v2.5_hybrid_pruned_scenario_I,0.356400,0.356400,,,,,0.00857796,0.373600,0.346700,LONG,0.5689,10,34,57,,,12,70,19,flat_lstm_reviewed,DOWN,0.44,-0.97,53.4,14.033,-0.00,0.078,29
2026-06-01 17:05,HBARUSDT,FLAT,1.0000,cascade_v2.5_hybrid_pruned_scenario_I,0.093530,0.093530,,,,,0.00125045,0.095230,0.093700,FLAT,0.955,0,96,4,,,,,,flat_flat_no_review,DOWN,0.28,-1.25,44.5,13.391,-2.09,0.104,29
2026-06-01 17:05,SOLUSDT,FLAT,1.0000,cascade_v2.5_hybrid_pruned_scenario_I,80.5000,80.5000,,,,,0.789499,81.2400,80.3800,FLAT,0.96,0,96,4,,,,,,flat_flat_no_review,DOWN,0.36,-0.86,45.5,24.763,-1.07,0.208,29
2026-06-01 17:05,LINKUSDT,FLAT,1.0000,cascade_v2.5_hybrid_pruned_scenario_I,9.0100,9.0100,,,,,0.093291,9.0460,8.8410,FLAT,0.6728,33,67,0,,,,,,flat_flat_no_review,DOWN,0.45,-0.39,52.6,25.428,1.08,0.156,29
2026-06-01 17:05,DOGEUSDT,FLAT,1.0000,cascade_v2.5_hybrid_pruned_scenario_I,0.099740,0.099740,,,,,0.00096117,0.100290,0.099020,FLAT,0.9819,1,98,1,,,,,,flat_flat_no_review,DOWN,0.53,-0.57,52.3,18.381,-0.00,0.144,29
2026-06-01 17:05,ARBUSDT,FLAT,1.0000,cascade_v2.5_hybrid_pruned_scenario_I,0.101700,0.101700,,,,,0.00140173,0.101600,0.098200,FLAT,0.9823,2,98,0,,,,,,flat_flat_no_review,DOWN,0.56,0.00,59.4,36.270,0.68,0.296,29
2026-06-01 17:05,XRPUSDT,FLAT,1.0000,cascade_v2.5_hybrid_pruned_scenario_I,1.2964,1.2964,,,,,0.010210,1.3090,1.2980,FLAT,0.9525,0,95,5,,,,,,flat_flat_no_review,DOWN,0.29,-1.07,43.0,26.003,-1.51,0.134,29
2026-06-01 17:05,TRXUSDT,FLAT,1.0000,cascade_v2.5_hybrid_pruned_scenario_I,0.346650,0.346650,,,,,0.00134301,0.352090,0.350020,FLAT,0.9996,0,100,0,,,,,,flat_flat_no_review,DOWN,0.14,-3.72,28.6,-8.699,-0.00,0.074,29
2026-06-01 17:05,TONUSDT,FLAT,1.0000,cascade_v2.5_hybrid_pruned_scenario_I,2.2126,2.2126,,,,,0.081739,2.0208,1.8731,FLAT,0.9996,0,100,0,,,,,,flat_flat_no_review,UP,0.85,-0.82,79.3,26.732,-0.00,0.297,29
2026-06-01 17:05,ETHUSDT,FLAT,1.0000,cascade_v2.5_hybrid_pruned_scenario_I,1981.40,1981.40,,,,,16.1465,1993.59,1954.42,FLAT,0.5567,44,56,0,,,29,47,23,flat_lstm_reviewed,DOWN,0.40,-0.75,48.4,16.241,-0.00,0.246,29
2026-06-01 17:05,BNBUSDT,FLAT,1.0000,cascade_v2.5_hybrid_pruned_scenario_I,685.9300,685.9300,,,,,11.3250,731.4000,685.2100,FLAT,0.989,0,99,1,,,,,,flat_flat_no_review,DOWN,0.21,-2.59,41.8,5.708,-1.72,0.055,29
2026-06-01 17:05,1000PEPEUSDT,FLAT,1.0000,cascade_v2.5_hybrid_pruned_scenario_I,0.00340210,0.00340210,,,,,0.00004042,0.00337810,0.00331030,FLAT,0.9991,0,100,0,,,,,,flat_flat_no_review,DOWN,0.65,-0.09,63.1,28.486,-0.00,0.202,29
2026-06-01 17:05,POLUSDT,FLAT,1.0000,cascade_v2.5_hybrid_pruned_scenario_I,0.093930,0.093930,,,,,0.00092474,0.093030,0.091270,FLAT,1.0,0,100,0,,,,,,flat_flat_no_review,UP,0.80,-0.90,70.2,32.532,-0.00,0.070,29
2026-06-01 17:05,NEARUSDT,FLAT,1.0000,cascade_v2.5_hybrid_pruned_scenario_I,2.4620,2.4620,,,,,0.065121,2.3970,2.2830,FLAT,0.9997,0,100,0,,,,,,flat_flat_no_review,UP,0.94,-0.23,79.9,14.860,-0.00,0.207,29
2026-06-01 17:05,AVAXUSDT,FLAT,1.0000,cascade_v2.5_hybrid_pruned_scenario_I,8.8760,8.8760,,,,,0.098456,8.8890,8.7540,FLAT,0.8454,15,85,0,,,,,,flat_flat_no_review,DOWN,0.51,-0.06,56.0,23.010,1.36,0.118,29
2026-06-01 17:05,SUIUSDT,FLAT,1.0000,cascade_v2.5_hybrid_pruned_scenario_I,0.880700,0.880700,,,,,0.012308,0.883900,0.871200,FLAT,0.9973,0,100,0,,,,,,flat_flat_no_review,DOWN,0.51,-0.12,55.1,27.614,1.53,0.168,29
2026-06-01 16:05,TAOUSDT,FLAT,1.0000,cascade_v2.5_hybrid_pruned_scenario_I,247.6400,247.6400,,,,,3.1326,252.3900,244.0600,FLAT,0.5165,0,52,48,,,13,67,19,flat_lstm_reviewed,DOWN,0.24,-1.52,35.7,-3.086,-0.00,0.115,29
2026-06-01 16:05,DOTUSDT,FLAT,1.0000,cascade_v2.5_hybrid_pruned_scenario_I,1.1310,1.1310,,,,,0.014529,1.1750,1.1640,FLAT,1.0,0,100,0,,,,,,flat_flat_no_review,DOWN,0.06,-3.03,20.1,-9.800,-0.00,0.083,29
2026-06-01 16:05,1000SHIBUSDT,FLAT,1.0000,cascade_v2.5_hybrid_pruned_scenario_I,0.00544500,0.00544500,,,,,0.00004650,0.00546600,0.00537800,FLAT,0.7134,28,71,0,,,,,,flat_flat_no_review,DOWN,0.37,-0.45,48.6,6.642,0.24,0.301,29
2026-06-01 16:05,ADAUSDT,FLAT,1.0000,cascade_v2.5_hybrid_pruned_scenario_I,0.226800,0.226800,,,,,0.00226353,0.232300,0.232500,FLAT,1.0,0,100,0,,,,,,flat_flat_no_review,DOWN,0.13,-2.43,19.2,-13.044,-0.00,0.110,29
2026-06-01 16:05,ONDOUSDT,FLAT,1.0000,cascade_v2.5_hybrid_pruned_scenario_I,0.345800,0.345800,,,,,0.00802380,0.373600,0.346700,FLAT,0.9956,0,100,0,,,,,,flat_flat_no_review,DOWN,0.07,-3.46,31.1,-9.353,-1.63,0.053,29
2026-06-01 16:05,HBARUSDT,FLAT,1.0000,cascade_v2.5_hybrid_pruned_scenario_I,0.092310,0.092310,,,,,0.00118006,0.095230,0.093700,FLAT,1.0,0,100,0,,,,,,flat_flat_no_review,DOWN,0.07,-2.47,28.3,-8.821,-0.00,0.136,29
2026-06-01 16:05,SOLUSDT,FLAT,1.0000,cascade_v2.5_hybrid_pruned_scenario_I,79.6000,79.6000,,,,,0.706140,81.2400,80.3800,FLAT,1.0,0,100,0,,,,,,flat_flat_no_review,DOWN,0.11,-2.32,20.4,-12.089,-0.00,0.144,29
2026-06-01 16:05,LINKUSDT,FLAT,1.0000,cascade_v2.5_hybrid_pruned_scenario_I,8.9010,8.9010,,,,,0.087356,9.0460,8.8410,FLAT,0.6822,0,68,32,,,,,,flat_flat_no_review,DOWN,0.16,-1.66,32.4,-7.384,-0.00,0.243,29
2026-06-01 16:05,DOGEUSDT,FLAT,1.0000,cascade_v2.5_hybrid_pruned_scenario_I,0.098340,0.098340,,,,,0.00083796,0.100290,0.099020,FLAT,0.9995,0,100,0,,,,,,flat_flat_no_review,DOWN,0.12,-2.33,27.4,-19.205,-0.00,0.095,29
2026-06-01 16:05,ARBUSDT,FLAT,1.0000,cascade_v2.5_hybrid_pruned_scenario_I,0.099900,0.099900,,,,,0.00125841,0.101600,0.098200,LONG,0.5253,37,11,53,,,4,86,10,flat_lstm_reviewed,DOWN,0.27,-1.35,37.7,7.483,-0.00,0.092,29
2026-06-01 16:05,XRPUSDT,FLAT,1.0000,cascade_v2.5_hybrid_pruned_scenario_I,1.2832,1.2832,,,,,0.00960619,1.3090,1.2980,FLAT,1.0,0,100,0,,,,,,flat_flat_no_review,DOWN,0.08,-2.69,18.4,-7.605,-0.00,0.147,29
2026-06-01 16:05,TRXUSDT,FLAT,1.0000,cascade_v2.5_hybrid_pruned_scenario_I,0.346560,0.346560,,,,,0.00142101,0.352090,0.350020,FLAT,0.9999,0,100,0,,,,,,flat_flat_no_review,DOWN,0.13,-3.89,25.7,-5.902,-0.00,0.339,29
2026-06-01 16:05,TONUSDT,FLAT,1.0000,cascade_v2.5_hybrid_pruned_scenario_I,2.0915,2.0915,,,,,0.062098,2.0208,1.8731,FLAT,0.9997,0,100,0,,,,,,flat_flat_no_review,UP,0.81,-0.98,79.0,24.563,0.00,0.329,29
2026-06-01 16:05,ETHUSDT,FLAT,1.0000,cascade_v2.5_hybrid_pruned_scenario_I,1970.01,1970.01,,,,,15.4311,1993.59,1954.42,FLAT,0.5893,0,59,41,,,24,50,26,flat_lstm_reviewed,DOWN,0.23,-1.53,34.2,-11.752,-0.00,0.091,29
2026-06-01 16:05,BNBUSDT,FLAT,1.0000,cascade_v2.5_hybrid_pruned_scenario_I,678.6000,678.6000,,,,,11.3349,731.4000,685.2100,FLAT,0.9999,0,100,0,,,,,,flat_flat_no_review,DOWN,0.07,-4.66,30.8,-10.311,-0.00,0.077,29
2026-06-01 16:05,1000PEPEUSDT,FLAT,1.0000,cascade_v2.5_hybrid_pruned_scenario_I,0.00334280,0.00334280,,,,,0.00003567,0.00337810,0.00331030,FLAT,0.9809,0,98,2,,,,,,flat_flat_no_review,DOWN,0.23,-0.99,37.3,-3.465,-0.00,0.105,29
2026-06-01 16:05,POLUSDT,FLAT,1.0000,cascade_v2.5_hybrid_pruned_scenario_I,0.093480,0.093480,,,,,0.00077213,0.093030,0.091270,FLAT,0.9992,0,100,0,,,,,,flat_flat_no_review,UP,0.97,-0.13,66.1,12.129,-0.00,0.415,29
2026-06-01 16:05,NEARUSDT,FLAT,1.0000,cascade_v2.5_hybrid_pruned_scenario_I,2.4040,2.4040,,,,,0.062145,2.3970,2.2830,FLAT,0.9898,1,99,0,,,,,,flat_flat_no_review,UP,0.82,-0.69,69.9,7.697,1.80,0.087,29
2026-06-01 16:05,AVAXUSDT,FLAT,1.0000,cascade_v2.5_hybrid_pruned_scenario_I,8.7350,8.7350,,,,,0.086003,8.8890,8.7540,FLAT,0.9897,0,99,1,,,,,,flat_flat_no_review,DOWN,0.16,-1.79,29.5,-10.496,-1.10,0.156,29
2026-06-01 16:05,SUIUSDT,FLAT,1.0000,cascade_v2.5_hybrid_pruned_scenario_I,0.864000,0.864000,,,,,0.011031,0.883900,0.871200,FLAT,0.9992,0,100,0,,,,,,flat_flat_no_review,DOWN,0.15,-1.80,31.2,-6.699,-0.00,0.091,29
2026-06-01 15:05,TAOUSDT,FLAT,1.0000,cascade_v2.5_hybrid_pruned_scenario_I,247.0400,247.0400,,,,,3.0989,252.3900,248.3000,FLAT,0.9988,0,100,0,,,,,,flat_flat_no_review,DOWN,0.20,-1.73,31.7,-11.004,-0.79,0.167,29
2026-06-01 15:05,DOTUSDT,FLAT,1.0000,cascade_v2.5_hybrid_pruned_scenario_I,1.1390,1.1390,,,,,0.014528,1.1750,1.1640,FLAT,1.0,0,100,0,,,,,,flat_flat_no_review,DOWN,0.13,-2.48,25.5,-6.323,-0.00,0.118,29
2026-06-01 15:05,1000SHIBUSDT,FLAT,1.0000,cascade_v2.5_hybrid_pruned_scenario_I,0.00542100,0.00542100,,,,,0.00004279,0.00546600,0.00538900,FLAT,0.9191,0,92,8,,,,,,flat_flat_no_review,DOWN,0.24,-1.05,38.4,-2.385,-0.00,0.132,29
2026-06-01 15:05,ADAUSDT,FLAT,1.0000,cascade_v2.5_hybrid_pruned_scenario_I,0.227400,0.227400,,,,,0.00226818,0.232300,0.232500,FLAT,1.0,0,100,0,,,,,,flat_flat_no_review,DOWN,0.10,-2.16,20.9,-9.287,-0.00,0.129,29
2026-06-01 15:05,ONDOUSDT,FLAT,1.0000,cascade_v2.5_hybrid_pruned_scenario_I,0.348200,0.348200,,,,,0.00866335,0.373600,0.346700,FLAT,0.9476,0,95,5,,,,,,flat_flat_no_review,DOWN,0.15,-2.93,36.3,-0.016,-1.51,0.109,29
2026-06-01 15:05,HBARUSDT,FLAT,1.0000,cascade_v2.5_hybrid_pruned_scenario_I,0.092550,0.092550,,,,,0.00117637,0.095230,0.093700,FLAT,1.0,0,100,0,,,,,,flat_flat_no_review,DOWN,0.07,-2.28,29.2,-10.626,-0.00,0.070,29
2026-06-01 15:05,SOLUSDT,FLAT,1.0000,cascade_v2.5_hybrid_pruned_scenario_I,79.6700,79.6700,,,,,0.693956,81.2400,80.3800,FLAT,1.0,0,100,0,,,,,,flat_flat_no_review,DOWN,0.12,-2.26,20.0,-12.475,-0.00,0.151,29
2026-06-01 15:05,LINKUSDT,FLAT,1.0000,cascade_v2.5_hybrid_pruned_scenario_I,8.8940,8.8940,,,,,0.083667,9.0460,8.9270,FLAT,0.9989,0,100,0,,,,,,flat_flat_no_review,DOWN,0.14,-1.82,30.0,-8.483,-1.14,0.134,29
2026-06-01 15:05,DOGEUSDT,FLAT,1.0000,cascade_v2.5_hybrid_pruned_scenario_I,0.098620,0.098620,,,,,0.00081909,0.100290,0.099020,FLAT,0.9989,0,100,0,,,,,,flat_flat_no_review,DOWN,0.10,-2.04,28.5,-17.406,-1.01,0.128,29
2026-06-01 15:05,ARBUSDT,FLAT,1.0000,cascade_v2.5_hybrid_pruned_scenario_I,0.099300,0.099300,,,,,0.00123252,0.101600,0.100100,FLAT,0.9997,0,100,0,,,,,,flat_flat_no_review,DOWN,0.18,-1.87,26.9,-7.866,-0.00,0.065,29
2026-06-01 15:05,XRPUSDT,FLAT,1.0000,cascade_v2.5_hybrid_pruned_scenario_I,1.2851,1.2851,,,,,0.00935689,1.3090,1.2980,FLAT,1.0,0,100,0,,,,,,flat_flat_no_review,DOWN,0.07,-2.55,14.8,-12.280,-0.00,0.154,29
2026-06-01 15:05,TRXUSDT,FLAT,1.0000,cascade_v2.5_hybrid_pruned_scenario_I,0.346520,0.346520,,,,,0.00146937,0.352090,0.350020,FLAT,1.0,0,100,0,,,,,,flat_flat_no_review,DOWN,0.05,-3.79,24.8,-16.715,-0.00,0.254,29
2026-06-01 15:05,TONUSDT,FLAT,1.0000,cascade_v2.5_hybrid_pruned_scenario_I,1.9480,1.9480,,,,,0.040798,2.0208,1.8731,LONG,0.6337,30,7,63,,,19,58,23,flat_lstm_reviewed,UP,0.61,-0.29,56.6,17.701,-0.00,0.083,29
2026-06-01 15:05,ETHUSDT,FLAT,1.0000,cascade_v2.5_hybrid_pruned_scenario_I,1969.35,1969.35,,,,,15.0486,1993.59,1970.30,FLAT,0.9581,0,96,4,,,,,,flat_flat_no_review,DOWN,0.22,-1.61,32.9,-2.556,-0.90,0.129,29
2026-06-01 15:05,BNBUSDT,FLAT,1.0000,cascade_v2.5_hybrid_pruned_scenario_I,680.2500,680.2500,,,,,12.0744,731.4000,685.2100,FLAT,0.9988,0,100,0,,,,,,flat_flat_no_review,DOWN,0.10,-4.24,32.3,-12.866,-1.50,0.062,29
2026-06-01 15:05,1000PEPEUSDT,FLAT,1.0000,cascade_v2.5_hybrid_pruned_scenario_I,0.00334640,0.00334640,,,,,0.00003497,0.00337810,0.00332760,FLAT,0.9857,0,99,1,,,,,,flat_flat_no_review,DOWN,0.26,-0.91,38.4,0.325,-0.00,0.072,29
2026-06-01 15:05,POLUSDT,FLAT,1.0000,cascade_v2.5_hybrid_pruned_scenario_I,0.092570,0.092570,,,,,0.00072200,0.093160,0.091390,SHORT,0.5383,54,39,7,,,19,57,25,flat_lstm_reviewed,UP,0.75,-0.82,55.6,-1.573,-0.00,0.260,29
2026-06-01 15:05,NEARUSDT,FLAT,1.0000,cascade_v2.5_hybrid_pruned_scenario_I,2.4050,2.4050,,,,,0.061234,2.3970,2.2830,FLAT,0.976,2,98,0,,,,,,flat_flat_no_review,UP,0.94,-0.20,71.0,22.201,1.71,0.182,29
2026-06-01 15:05,AVAXUSDT,FLAT,1.0000,cascade_v2.5_hybrid_pruned_scenario_I,8.7630,8.7630,,,,,0.085542,8.8890,8.7540,FLAT,0.9455,0,95,5,,,,,,flat_flat_no_review,DOWN,0.16,-1.47,33.9,-6.114,-1.27,0.139,29
2026-06-01 15:05,SUIUSDT,FLAT,1.0000,cascade_v2.5_hybrid_pruned_scenario_I,0.869000,0.869000,,,,,0.010888,0.883900,0.871200,FLAT,0.9877,0,99,1,,,,,,flat_flat_no_review,DOWN,0.25,-1.37,36.4,-3.591,-1.61,0.084,29
2026-06-01 14:05,TAOUSDT,FLAT,1.0000,cascade_v2.5_hybrid_pruned_scenario_I,247.0500,247.0500,,,,,3.3057,252.3900,248.3000,FLAT,0.9988,0,100,0,,,,,,flat_flat_no_review,DOWN,0.20,-1.62,31.3,-11.409,-0.84,0.335,29
2026-06-01 14:05,DOTUSDT,FLAT,1.0000,cascade_v2.5_hybrid_pruned_scenario_I,1.1410,1.1410,,,,,0.014660,1.1750,1.1640,FLAT,1.0,0,100,0,,,,,,flat_flat_no_review,DOWN,0.11,-2.39,22.9,-18.116,-0.00,0.233,29
2026-06-01 14:05,1000SHIBUSDT,FLAT,1.0000,cascade_v2.5_hybrid_pruned_scenario_I,0.00542100,0.00542100,,,,,0.00004570,0.00546600,0.00538900,FLAT,0.9484,0,95,5,,,,,,flat_flat_no_review,DOWN,0.24,-0.98,38.1,-6.434,-0.00,0.449,29
2026-06-01 14:05,ADAUSDT,FLAT,1.0000,cascade_v2.5_hybrid_pruned_scenario_I,0.228600,0.228600,,,,,0.00226944,0.232300,0.232500,FLAT,1.0,0,100,0,,,,,,flat_flat_no_review,DOWN,0.19,-1.98,24.7,-10.636,-0.00,0.233,29
2026-06-01 14:05,ONDOUSDT,FLAT,1.0000,cascade_v2.5_hybrid_pruned_scenario_I,0.351900,0.351900,,,,,0.00841772,0.373600,0.346700,FLAT,0.7611,0,76,24,,,,,,flat_flat_no_review,DOWN,0.19,-2.58,37.5,-6.493,-0.00,0.215,29
2026-06-01 14:05,HBARUSDT,FLAT,1.0000,cascade_v2.5_hybrid_pruned_scenario_I,0.093030,0.093030,,,,,0.00120012,0.095230,0.093700,FLAT,0.9998,0,100,0,,,,,,flat_flat_no_review,DOWN,0.09,-2.87,30.9,-11.147,-0.00,0.127,29
2026-06-01 14:05,SOLUSDT,FLAT,1.0000,cascade_v2.5_hybrid_pruned_scenario_I,79.8400,79.8400,,,,,0.746770,81.2400,80.3800,FLAT,0.9998,0,100,0,,,,,,flat_flat_no_review,DOWN,0.16,-2.25,22.3,-14.405,-0.00,0.446,29
2026-06-01 14:05,LINKUSDT,FLAT,1.0000,cascade_v2.5_hybrid_pruned_scenario_I,8.9100,8.9100,,,,,0.088806,9.0460,8.9270,FLAT,0.9908,0,99,1,,,,,,flat_flat_no_review,DOWN,0.18,-1.53,29.3,-12.063,-0.96,0.262,29
2026-06-01 14:05,DOGEUSDT,FLAT,1.0000,cascade_v2.5_hybrid_pruned_scenario_I,0.099280,0.099280,,,,,0.00085300,0.100290,0.099020,FLAT,0.9414,0,94,6,,,,,,flat_flat_no_review,DOWN,0.30,-1.18,38.0,-12.475,-0.89,0.309,29
2026-06-01 14:05,ARBUSDT,FLAT,1.0000,cascade_v2.5_hybrid_pruned_scenario_I,0.099300,0.099300,,,,,0.00133393,0.101600,0.100100,FLAT,0.9998,0,100,0,,,,,,flat_flat_no_review,DOWN,0.18,-1.95,25.1,-15.003,0.00,0.728,29
2026-06-01 14:05,XRPUSDT,FLAT,1.0000,cascade_v2.5_hybrid_pruned_scenario_I,1.2907,1.2907,,,,,0.00954308,1.3090,1.2980,FLAT,0.9996,0,100,0,,,,,,flat_flat_no_review,DOWN,0.11,-2.46,19.7,-9.715,0.00,0.518,29
2026-06-01 14:05,TRXUSDT,FLAT,1.0000,cascade_v2.5_hybrid_pruned_scenario_I,0.349140,0.349140,,,,,0.00121389,0.352090,0.350020,FLAT,0.9532,0,95,5,,,,,,flat_flat_no_review,DOWN,0.23,-2.43,39.9,-10.883,-0.00,0.210,29
2026-06-01 14:05,TONUSDT,FLAT,1.0000,cascade_v2.5_hybrid_pruned_scenario_I,1.9409,1.9409,,,,,0.043353,1.9596,1.8731,FLAT,0.7836,22,78,0,,,,,,flat_flat_no_review,UP,0.57,-0.52,54.1,0.098,1.71,0.126,29
2026-06-01 14:05,ETHUSDT,FLAT,1.0000,cascade_v2.5_hybrid_pruned_scenario_I,1975.80,1975.80,,,,,16.2900,2011.38,1970.30,FLAT,0.894,1,89,10,,,,,,flat_flat_no_review,DOWN,0.32,-1.09,38.3,0.357,-0.60,0.372,29
2026-06-01 14:05,BNBUSDT,FLAT,1.0000,cascade_v2.5_hybrid_pruned_scenario_I,686.2600,686.2600,,,,,12.2640,731.4000,685.2100,FLAT,0.9741,0,97,3,,,,,,flat_flat_no_review,DOWN,0.13,-3.68,35.4,-14.621,-0.88,0.151,29
2026-06-01 14:05,1000PEPEUSDT,FLAT,1.0000,cascade_v2.5_hybrid_pruned_scenario_I,0.00334660,0.00334660,,,,,0.00003831,0.00337810,0.00332760,FLAT,0.9941,0,99,1,,,,,,flat_flat_no_review,DOWN,0.26,-0.96,38.2,-6.125,-0.96,0.320,29
2026-06-01 14:05,POLUSDT,FLAT,1.0000,cascade_v2.5_hybrid_pruned_scenario_I,0.091820,0.091820,,,,,0.00069872,0.093030,0.091390,FLAT,0.6185,6,62,32,,,,,,flat_flat_no_review,UP,0.54,-1.92,41.8,-20.217,-0.00,0.112,29
2026-06-01 14:05,NEARUSDT,FLAT,1.0000,cascade_v2.5_hybrid_pruned_scenario_I,2.3740,2.3740,,,,,0.060039,2.3970,2.2830,FLAT,0.6687,33,67,0,,,,,,flat_flat_no_review,UP,0.79,-0.50,63.8,9.652,1.28,0.229,29
2026-06-01 14:05,AVAXUSDT,FLAT,1.0000,cascade_v2.5_hybrid_pruned_scenario_I,8.7930,8.7930,,,,,0.086528,8.8890,8.7540,FLAT,0.9515,0,95,5,,,,,,flat_flat_no_review,DOWN,0.22,-1.11,36.6,-7.800,-1.32,0.205,29
2026-06-01 14:05,SUIUSDT,FLAT,1.0000,cascade_v2.5_hybrid_pruned_scenario_I,0.866400,0.866400,,,,,0.011482,0.883900,0.871200,FLAT,0.999,0,100,0,,,,,,flat_flat_no_review,DOWN,0.19,-1.52,31.1,-10.990,-0.88,0.523,29
2026-06-01 13:05,TAOUSDT,FLAT,1.0000,cascade_v2.5_hybrid_pruned_scenario_I,249.0700,249.0700,,,,,2.9407,257.7700,248.3000,FLAT,0.954,0,95,5,,,,,,flat_flat_no_review,DOWN,0.12,-1.24,35.2,-9.276,-1.31,0.225,29
2026-06-01 13:05,DOTUSDT,FLAT,1.0000,cascade_v2.5_hybrid_pruned_scenario_I,1.1520,1.1520,,,,,0.013726,1.2040,1.1640,FLAT,1.0,0,100,0,,,,,,flat_flat_no_review,DOWN,0.10,-2.40,28.6,-13.245,-0.00,0.190,29
2026-06-01 13:05,1000SHIBUSDT,FLAT,1.0000,cascade_v2.5_hybrid_pruned_scenario_I,0.00542700,0.00542700,,,,,0.00004195,0.00554100,0.00538900,FLAT,0.7416,0,74,26,,,,,,flat_flat_no_review,DOWN,0.22,-1.19,38.1,-7.249,-0.00,0.246,29
2026-06-01 13:05,ADAUSDT,FLAT,1.0000,cascade_v2.5_hybrid_pruned_scenario_I,0.229800,0.229800,,,,,0.00202268,0.237500,0.232500,FLAT,1.0,0,100,0,,,,,,flat_flat_no_review,DOWN,0.11,-2.18,29.3,-7.532,-0.00,0.084,29
2026-06-01 13:05,ONDOUSDT,FLAT,1.0000,cascade_v2.5_hybrid_pruned_scenario_I,0.351700,0.351700,,,,,0.00842557,0.373600,0.346700,FLAT,0.7672,0,77,23,,,,,,flat_flat_no_review,DOWN,0.19,-2.60,37.5,-13.292,-0.00,0.055,29
2026-06-01 13:05,HBARUSDT,FLAT,1.0000,cascade_v2.5_hybrid_pruned_scenario_I,0.093620,0.093620,,,,,0.00119850,0.096900,0.093700,FLAT,0.9949,0,99,1,,,,,,flat_flat_no_review,DOWN,0.06,-2.39,34.9,-8.597,-1.40,0.335,29
2026-06-01 13:05,SOLUSDT,FLAT,1.0000,cascade_v2.5_hybrid_pruned_scenario_I,80.5500,80.5500,,,,,0.612222,82.7400,80.3800,FLAT,0.9786,0,98,2,,,,,,flat_flat_no_review,DOWN,0.13,-2.09,28.7,-7.796,-1.43,0.145,29
2026-06-01 13:05,LINKUSDT,FLAT,1.0000,cascade_v2.5_hybrid_pruned_scenario_I,8.9710,8.9710,,,,,0.079802,9.1940,8.9270,FLAT,0.8406,0,84,16,,,,,,flat_flat_no_review,DOWN,0.20,-1.12,34.9,-7.447,-0.00,0.112,29
2026-06-01 13:05,DOGEUSDT,FLAT,1.0000,cascade_v2.5_hybrid_pruned_scenario_I,0.099690,0.099690,,,,,0.00072946,0.101270,0.099020,FLAT,0.5866,0,59,41,,,26,40,34,flat_lstm_reviewed,DOWN,0.29,-0.86,42.0,-6.064,-0.00,0.132,29
2026-06-01 13:05,ARBUSDT,FLAT,1.0000,cascade_v2.5_hybrid_pruned_scenario_I,0.099800,0.099800,,,,,0.00123146,0.104300,0.100100,FLAT,0.9993,0,100,0,,,,,,flat_flat_no_review,DOWN,0.06,-2.11,26.9,-13.246,-1.40,0.227,29
2026-06-01 13:05,XRPUSDT,FLAT,1.0000,cascade_v2.5_hybrid_pruned_scenario_I,1.2989,1.2989,,,,,0.00842560,1.3329,1.2980,FLAT,0.9597,0,96,4,,,,,,flat_flat_no_review,DOWN,0.08,-2.10,23.0,-3.082,-1.70,0.103,29
2026-06-01 13:05,TRXUSDT,FLAT,1.0000,cascade_v2.5_hybrid_pruned_scenario_I,0.348600,0.348600,,,,,0.00121736,0.352510,0.350020,FLAT,0.9982,0,100,0,,,,,,flat_flat_no_review,DOWN,0.11,-2.97,33.6,-18.919,-0.00,0.163,29
2026-06-01 13:05,TONUSDT,FLAT,1.0000,cascade_v2.5_hybrid_pruned_scenario_I,1.9330,1.9330,,,,,0.043819,2.0208,1.9180,FLAT,0.6562,0,66,34,,,,,,flat_flat_no_review,UP,0.53,-0.69,51.6,0.218,-1.66,0.070,29
2026-06-01 13:05,ETHUSDT,FLAT,1.0000,cascade_v2.5_hybrid_pruned_scenario_I,1982.50,1982.50,,,,,13.5476,2011.38,1970.30,FLAT,0.5601,17,56,27,,,,,,flat_flat_no_review,DOWN,0.29,-0.88,40.1,-0.325,-0.00,0.155,29
2026-06-01 13:05,BNBUSDT,FLAT,1.0000,cascade_v2.5_hybrid_pruned_scenario_I,691.1300,691.1300,,,,,12.0538,731.4000,685.2100,FLAT,0.862,0,86,14,,,,,,flat_flat_no_review,DOWN,0.13,-3.34,39.3,-21.033,-1.41,0.049,29
2026-06-01 13:05,1000PEPEUSDT,FLAT,1.0000,cascade_v2.5_hybrid_pruned_scenario_I,0.00334440,0.00334440,,,,,0.00003491,0.00344360,0.00332760,FLAT,0.8276,0,83,17,,,,,,flat_flat_no_review,DOWN,0.19,-1.48,35.7,-3.556,-1.48,0.163,29
2026-06-01 13:05,POLUSDT,FLAT,1.0000,cascade_v2.5_hybrid_pruned_scenario_I,0.092040,0.092040,,,,,0.00065432,0.093030,0.091390,LONG,0.5424,1,45,54,,,17,61,22,flat_lstm_reviewed,UP,0.60,-1.71,43.7,-7.413,-0.00,0.158,29
2026-06-01 13:05,NEARUSDT,FLAT,1.0000,cascade_v2.5_hybrid_pruned_scenario_I,2.3480,2.3480,,,,,0.060096,2.3970,2.2830,FLAT,0.9466,5,95,0,,,,,,flat_flat_no_review,UP,0.67,-0.93,56.4,2.571,-0.00,0.160,29
2026-06-01 13:05,AVAXUSDT,FLAT,1.0000,cascade_v2.5_hybrid_pruned_scenario_I,8.8060,8.8060,,,,,0.080292,9.0420,8.7540,FLAT,0.8196,0,82,18,,,,,,flat_flat_no_review,DOWN,0.16,-1.16,36.5,-7.936,-0.00,0.093,29
2026-06-01 13:05,SUIUSDT,FLAT,1.0000,cascade_v2.5_hybrid_pruned_scenario_I,0.871100,0.871100,,,,,0.00996381,0.903300,0.871200,FLAT,0.9934,0,99,1,,,,,,flat_flat_no_review,DOWN,0.44,-1.60,32.9,-11.441,-1.89,0.134,29
2026-06-01 12:05,TAOUSDT,FLAT,1.0000,cascade_v2.5_hybrid_pruned_scenario_I,250.5000,250.5000,,,,,2.8253,257.7700,248.3000,FLAT,0.7306,0,73,27,,,,,,flat_flat_no_review,DOWN,0.21,-1.20,40.8,2.238,-0.00,0.183,29
2026-06-01 12:05,DOTUSDT,FLAT,1.0000,cascade_v2.5_hybrid_pruned_scenario_I,1.1580,1.1580,,,,,0.013715,1.2040,1.1640,FLAT,0.9996,0,100,0,,,,,,flat_flat_no_review,DOWN,0.11,-2.41,33.3,-3.967,-0.65,0.343,29
2026-06-01 12:05,1000SHIBUSDT,FLAT,1.0000,cascade_v2.5_hybrid_pruned_scenario_I,0.00543100,0.00543100,,,,,0.00004081,0.00554100,0.00538900,FLAT,0.6757,0,68,32,,,,,,flat_flat_no_review,DOWN,0.25,-1.67,39.1,1.007,-0.00,0.243,29
2026-06-01 12:05,ADAUSDT,FLAT,1.0000,cascade_v2.5_hybrid_pruned_scenario_I,0.230500,0.230500,,,,,0.00199540,0.237500,0.232500,FLAT,0.9998,0,100,0,,,,,,flat_flat_no_review,DOWN,0.14,-2.15,33.2,-0.347,-0.00,0.301,29
2026-06-01 12:05,ONDOUSDT,FLAT,1.0000,cascade_v2.5_hybrid_pruned_scenario_I,0.352300,0.352300,,,,,0.00882745,0.373600,0.346700,FLAT,0.7743,0,77,23,,,,,,flat_flat_no_review,DOWN,0.21,-2.41,37.6,2.291,-0.00,0.092,29
2026-06-01 12:05,HBARUSDT,FLAT,1.0000,cascade_v2.5_hybrid_pruned_scenario_I,0.094190,0.094190,,,,,0.00121704,0.096900,0.093700,FLAT,0.8919,0,89,11,,,,,,flat_flat_no_review,DOWN,0.09,-1.89,39.5,-2.460,-2.41,0.092,29
2026-06-01 12:05,SOLUSDT,FLAT,1.0000,cascade_v2.5_hybrid_pruned_scenario_I,80.7400,80.7400,,,,,0.600461,82.7400,80.3800,FLAT,0.8412,0,84,16,,,,,,flat_flat_no_review,DOWN,0.13,-2.21,31.8,-1.709,-0.00,0.222,29
2026-06-01 12:05,LINKUSDT,FLAT,1.0000,cascade_v2.5_hybrid_pruned_scenario_I,8.9960,8.9960,,,,,0.075258,9.1940,8.9270,FLAT,0.6747,0,67,33,,,,,,flat_flat_no_review,DOWN,0.21,-1.66,38.5,1.002,-0.00,0.167,29
2026-06-01 12:05,DOGEUSDT,FLAT,1.0000,cascade_v2.5_hybrid_pruned_scenario_I,0.099950,0.099950,,,,,0.00070876,0.101270,0.099020,LONG,0.4635,26,28,46,,,31,33,36,flat_lstm_reviewed,DOWN,0.39,-1.09,47.0,3.099,-0.00,0.221,29
2026-06-01 12:05,ARBUSDT,FLAT,1.0000,cascade_v2.5_hybrid_pruned_scenario_I,0.100700,0.100700,,,,,0.00120656,0.104300,0.100100,FLAT,0.8716,0,87,13,,,,,,flat_flat_no_review,DOWN,0.14,-1.82,34.8,0.740,-1.47,0.171,29
2026-06-01 12:05,XRPUSDT,FLAT,1.0000,cascade_v2.5_hybrid_pruned_scenario_I,1.3026,1.3026,,,,,0.00846134,1.3329,1.2980,FLAT,0.8296,0,83,17,,,,,,flat_flat_no_review,DOWN,0.09,-2.34,26.7,4.144,-0.00,0.273,29
2026-06-01 12:05,TRXUSDT,FLAT,1.0000,cascade_v2.5_hybrid_pruned_scenario_I,0.349940,0.349940,,,,,0.00112454,0.352510,0.350020,FLAT,0.9404,2,94,4,,,,,,flat_flat_no_review,UP,0.42,-2.29,42.1,-21.257,-1.25,0.123,29
2026-06-01 12:05,TONUSDT,FLAT,1.0000,cascade_v2.5_hybrid_pruned_scenario_I,1.9015,1.9015,,,,,0.040395,2.0208,1.9180,FLAT,0.9966,0,100,0,,,,,,flat_flat_no_review,UP,0.36,-2.44,41.8,-11.049,-1.36,0.086,29
2026-06-01 12:05,ETHUSDT,FLAT,1.0000,cascade_v2.5_hybrid_pruned_scenario_I,1980.19,1980.19,,,,,11.9171,2011.38,1970.30,FLAT,0.6695,0,67,33,,,,,,flat_flat_no_review,DOWN,0.18,-1.71,35.0,-1.207,-0.00,0.254,29
2026-06-01 12:05,BNBUSDT,FLAT,1.0000,cascade_v2.5_hybrid_pruned_scenario_I,697.3500,697.3500,,,,,12.2421,731.4000,685.2100,FLAT,0.7461,0,75,25,,,,,,flat_flat_no_review,DOWN,0.25,-2.78,45.0,13.433,-0.00,0.090,29
2026-06-01 12:05,1000PEPEUSDT,FLAT,1.0000,cascade_v2.5_hybrid_pruned_scenario_I,0.00335170,0.00335170,,,,,0.00003315,0.00344360,0.00332760,FLAT,0.6697,0,67,33,,,,,,flat_flat_no_review,DOWN,0.19,-1.70,37.4,-1.045,-0.00,0.233,29
2026-06-01 12:05,POLUSDT,FLAT,1.0000,cascade_v2.5_hybrid_pruned_scenario_I,0.092800,0.092800,,,,,0.00060380,0.093030,0.091390,FLAT,0.7332,27,73,0,,,,,,flat_flat_no_review,UP,0.82,-0.38,60.1,12.650,1.82,0.127,29
2026-06-01 12:05,NEARUSDT,FLAT,1.0000,cascade_v2.5_hybrid_pruned_scenario_I,2.3240,2.3240,,,,,0.053034,2.3970,2.2830,FLAT,0.7946,1,79,20,,,,,,flat_flat_no_review,UP,0.55,-0.87,51.4,2.886,-0.00,0.079,29
2026-06-01 12:05,AVAXUSDT,FLAT,1.0000,cascade_v2.5_hybrid_pruned_scenario_I,8.8310,8.8310,,,,,0.077188,9.0420,8.7540,FLAT,0.5633,0,56,44,,,7,79,14,flat_lstm_reviewed,DOWN,0.24,-1.53,40.5,0.002,-0.00,0.154,29
2026-06-01 12:05,SUIUSDT,FLAT,1.0000,cascade_v2.5_hybrid_pruned_scenario_I,0.876600,0.876600,,,,,0.00950491,0.903300,0.871200,FLAT,0.6056,0,61,39,,,12,70,18,flat_lstm_reviewed,DOWN,0.51,-1.54,39.3,1.823,-0.00,0.071,29
2026-06-01 11:05,TAOUSDT,FLAT,1.0000,cascade_v2.5_hybrid_pruned_scenario_I,250.7400,250.7400,,,,,2.8714,257.7700,248.3000,FLAT,0.6468,0,65,35,,,17,57,25,flat_lstm_reviewed,DOWN,0.22,-2.45,42.0,8.610,-0.00,0.033,29
2026-06-01 11:05,DOTUSDT,FLAT,1.0000,cascade_v2.5_hybrid_pruned_scenario_I,1.1680,1.1680,,,,,0.012348,1.2040,1.1570,FLAT,0.8463,0,85,15,,,,,,flat_flat_no_review,DOWN,0.24,-2.92,40.0,6.176,-0.00,0.049,29
2026-06-01 11:05,1000SHIBUSDT,FLAT,1.0000,cascade_v2.5_hybrid_pruned_scenario_I,0.00545400,0.00545400,,,,,0.00003946,0.00554100,0.00538900,SHORT,0.4783,48,14,39,,,32,34,34,flat_lstm_reviewed,DOWN,0.38,-2.20,45.6,14.708,-0.00,0.107,29
2026-06-01 11:05,ADAUSDT,FLAT,1.0000,cascade_v2.5_hybrid_pruned_scenario_I,0.231200,0.231200,,,,,0.00181316,0.237500,0.230100,FLAT,0.8787,0,88,12,,,,,,flat_flat_no_review,DOWN,0.14,-3.47,34.8,3.458,-0.00,0.069,29
2026-06-01 11:05,ONDOUSDT,FLAT,1.0000,cascade_v2.5_hybrid_pruned_scenario_I,0.353800,0.353800,,,,,0.00907578,0.373100,0.357800,FLAT,0.9983,0,100,0,,,,,,flat_flat_no_review,DOWN,0.26,-2.18,39.1,6.596,-0.21,0.353,29
2026-06-01 11:05,HBARUSDT,FLAT,1.0000,cascade_v2.5_hybrid_pruned_scenario_I,0.094450,0.094450,,,,,0.00119700,0.096900,0.093700,FLAT,0.6092,0,61,39,,,12,63,24,flat_lstm_reviewed,DOWN,0.13,-2.05,41.6,5.514,-0.00,0.043,29
2026-06-01 11:05,SOLUSDT,FLAT,1.0000,cascade_v2.5_hybrid_pruned_scenario_I,80.9900,80.9900,,,,,0.565968,82.7400,80.3800,FLAT,0.677,0,68,32,,,,,,flat_flat_no_review,DOWN,0.23,-3.09,35.7,8.204,-0.00,0.038,29
2026-06-01 11:05,LINKUSDT,FLAT,1.0000,cascade_v2.5_hybrid_pruned_scenario_I,9.0100,9.0100,,,,,0.070908,9.1940,8.9270,FLAT,0.5691,0,57,43,,,4,87,9,flat_lstm_reviewed,DOWN,0.25,-2.59,40.6,9.761,-0.00,0.071,29
2026-06-01 11:05,DOGEUSDT,FLAT,1.0000,cascade_v2.5_hybrid_pruned_scenario_I,0.100130,0.100130,,,,,0.00070037,0.101270,0.099020,LONG,0.5018,40,10,50,,,28,37,34,flat_lstm_reviewed,DOWN,0.46,-1.63,49.9,17.727,-0.00,0.081,29
2026-06-01 11:05,ARBUSDT,FLAT,1.0000,cascade_v2.5_hybrid_pruned_scenario_I,0.101000,0.101000,,,,,0.00116654,0.104300,0.100100,FLAT,0.876,0,88,12,,,,,,flat_flat_no_review,DOWN,0.21,-2.83,37.8,5.232,-0.00,0.087,29
2026-06-01 11:05,XRPUSDT,FLAT,1.0000,cascade_v2.5_hybrid_pruned_scenario_I,1.3047,1.3047,,,,,0.00828103,1.3329,1.2980,FLAT,0.8479,0,85,15,,,,,,flat_flat_no_review,DOWN,0.14,-3.41,28.7,5.787,-0.00,0.049,29
2026-06-01 11:05,TRXUSDT,FLAT,1.0000,cascade_v2.5_hybrid_pruned_scenario_I,0.350870,0.350870,,,,,0.00110965,0.352510,0.350020,LONG,0.4994,20,30,50,,,14,65,22,flat_lstm_reviewed,UP,0.63,-1.48,50.8,0.307,-0.00,0.072,29
2026-06-01 11:05,TONUSDT,FLAT,1.0000,cascade_v2.5_hybrid_pruned_scenario_I,1.9285,1.9285,,,,,0.037757,2.0208,1.9180,FLAT,0.9067,0,91,9,,,,,,flat_flat_no_review,UP,0.51,-2.44,49.4,-0.492,-1.68,0.052,29
2026-06-01 11:05,ETHUSDT,FLAT,1.0000,cascade_v2.5_hybrid_pruned_scenario_I,1982.24,1982.24,,,,,11.5397,2011.38,1970.30,LONG,0.5199,0,48,52,,,25,46,29,flat_lstm_reviewed,DOWN,0.22,-2.53,36.6,10.250,-0.00,0.040,29
2026-06-01 11:05,BNBUSDT,FLAT,1.0000,cascade_v2.5_hybrid_pruned_scenario_I,705.3200,705.3200,,,,,12.4948,717.4100,685.2100,SHORT,0.5349,53,41,5,,,27,31,41,flat_lstm_reviewed,DOWN,0.41,-2.09,52.8,28.757,-0.00,0.222,29
2026-06-01 11:05,1000PEPEUSDT,FLAT,0.5877,cascade_v2.5_hybrid_pruned_scenario_I,0.00337070,0.00337070,,,,,0.00003144,0.00344360,0.00332760,SHORT,0.6846,68,12,19,,,30,27,43,lgbm_direct,DOWN,0.35,-2.32,43.7,13.203,-0.00,0.035,29
2026-06-01 11:05,POLUSDT,FLAT,1.0000,cascade_v2.5_hybrid_pruned_scenario_I,0.092800,0.092800,,,,,0.00059875,0.093030,0.091390,FLAT,0.7402,26,74,0,,,,,,flat_flat_no_review,UP,0.82,-0.38,61.0,21.857,1.79,0.084,29
2026-06-01 11:05,NEARUSDT,FLAT,1.0000,cascade_v2.5_hybrid_pruned_scenario_I,2.3240,2.3240,,,,,0.050424,2.3970,2.2570,LONG,0.4886,40,11,49,,,18,58,24,flat_lstm_reviewed,UP,0.55,-1.45,51.2,4.629,-0.00,0.035,29
2026-06-01 11:05,AVAXUSDT,SHORT,0.6357,cascade_v2.5_hybrid_pruned_scenario_I,8.8540,8.8540,8.7031,8.5,9.0797,12.7,0.075452,9.0420,8.7540,SHORT,0.6357,64,14,23,,,9,77,14,lgbm_direct,DOWN,0.32,-2.49,43.5,10.814,-0.00,0.047,29
2026-06-01 11:05,SUIUSDT,FLAT,1.0000,cascade_v2.5_hybrid_pruned_scenario_I,0.879500,0.879500,,,,,0.00942157,0.903300,0.871200,FLAT,0.6246,8,62,30,,,,,,flat_flat_no_review,DOWN,0.56,-2.53,43.1,8.696,-0.00,0.068,29
2026-06-01 10:05,TAOUSDT,FLAT,1.0000,cascade_v2.5_hybrid_pruned_scenario_I,250.9900,250.9900,,,,,3.1351,257.7700,250.6000,FLAT,0.8689,0,87,13,,,,,,flat_flat_no_review,DOWN,0.24,-2.18,42.9,4.351,-1.68,0.061,29
2026-06-01 10:05,DOTUSDT,FLAT,1.0000,cascade_v2.5_hybrid_pruned_scenario_I,1.1670,1.1670,,,,,0.013519,1.2040,1.1640,FLAT,0.9303,0,93,7,,,,,,flat_flat_no_review,DOWN,0.22,-2.88,39.3,-0.046,-1.90,0.061,29
2026-06-01 10:05,1000SHIBUSDT,FLAT,1.0000,cascade_v2.5_hybrid_pruned_scenario_I,0.00544600,0.00544600,,,,,0.00004204,0.00554100,0.00544100,FLAT,0.9331,0,93,6,,,,,,flat_flat_no_review,DOWN,0.34,-2.52,43.3,5.489,-1.24,0.140,29
2026-06-01 10:05,ADAUSDT,FLAT,1.0000,cascade_v2.5_hybrid_pruned_scenario_I,0.231000,0.231000,,,,,0.00197929,0.237500,0.232500,FLAT,0.9997,0,100,0,,,,,,flat_flat_no_review,DOWN,0.12,-3.28,34.0,-5.055,-0.00,0.092,29
2026-06-01 10:05,ONDOUSDT,FLAT,1.0000,cascade_v2.5_hybrid_pruned_scenario_I,0.362400,0.362400,,,,,0.00880539,0.373100,0.357800,LONG,0.526,0,47,53,,,13,68,19,flat_lstm_reviewed,DOWN,0.58,-1.27,54.6,20.473,-0.00,0.389,29
2026-06-01 10:05,HBARUSDT,FLAT,1.0000,cascade_v2.5_hybrid_pruned_scenario_I,0.094780,0.094780,,,,,0.00128043,0.096900,0.094290,LONG,0.5399,0,46,54,,,18,56,26,flat_lstm_reviewed,DOWN,0.19,-2.43,44.3,-10.640,-0.75,0.152,29
2026-06-01 10:05,SOLUSDT,FLAT,1.0000,cascade_v2.5_hybrid_pruned_scenario_I,80.9200,80.9200,,,,,0.614783,82.7400,81.5500,FLAT,0.9997,0,100,0,,,,,,flat_flat_no_review,DOWN,0.20,-3.32,34.7,-1.017,-0.00,0.138,29
2026-06-01 10:05,LINKUSDT,FLAT,1.0000,cascade_v2.5_hybrid_pruned_scenario_I,9.0000,9.0000,,,,,0.077058,9.1940,9.0220,FLAT,0.9928,0,99,1,,,,,,flat_flat_no_review,DOWN,0.22,-2.75,39.4,4.056,-1.90,0.077,29
2026-06-01 10:05,DOGEUSDT,FLAT,1.0000,cascade_v2.5_hybrid_pruned_scenario_I,0.099840,0.099840,,,,,0.00074770,0.101270,0.099630,FLAT,0.7887,0,79,21,,,,,,flat_flat_no_review,DOWN,0.34,-2.27,45.3,0.392,-1.67,0.094,29
2026-06-01 10:05,ARBUSDT,FLAT,1.0000,cascade_v2.5_hybrid_pruned_scenario_I,0.100900,0.100900,,,,,0.00126190,0.104300,0.101000,FLAT,0.9902,0,99,1,,,,,,flat_flat_no_review,DOWN,0.19,-2.69,37.2,-1.415,-1.77,0.109,29
2026-06-01 10:05,XRPUSDT,FLAT,1.0000,cascade_v2.5_hybrid_pruned_scenario_I,1.3023,1.3023,,,,,0.00880529,1.3329,1.3180,FLAT,1.0,0,100,0,,,,,,flat_flat_no_review,DOWN,0.09,-3.77,24.8,-5.492,-0.00,0.128,29
2026-06-01 10:05,TRXUSDT,FLAT,1.0000,cascade_v2.5_hybrid_pruned_scenario_I,0.351140,0.351140,,,,,0.00101995,0.352510,0.350340,LONG,0.4797,21,31,48,,,16,61,23,flat_lstm_reviewed,UP,0.69,-1.34,53.6,-5.935,-0.00,0.089,29
2026-06-01 10:05,TONUSDT,FLAT,1.0000,cascade_v2.5_hybrid_pruned_scenario_I,1.9341,1.9341,,,,,0.038610,2.0208,1.9180,FLAT,0.8832,0,88,12,,,,,,flat_flat_no_review,UP,0.54,-2.25,52.2,-3.096,-1.75,0.037,29
2026-06-01 10:05,ETHUSDT,SHORT,0.6245,cascade_v2.5_hybrid_pruned_scenario_I,1985.73,1985.73,1961.07,6.2,2017.54,8.0,12.3290,2011.38,1970.30,SHORT,0.6245,62,13,25,,,26,46,28,lgbm_direct,DOWN,0.28,-2.59,39.4,6.571,-0.00,0.086,29
2026-06-01 10:05,BNBUSDT,FLAT,1.0000,cascade_v2.5_hybrid_pruned_scenario_I,705.0300,705.0300,,,,,12.4370,717.4100,685.2100,FLAT,0.5006,44,50,6,,,27,32,41,flat_lstm_reviewed,DOWN,0.40,-2.12,52.4,22.317,-0.00,0.693,29
2026-06-01 10:05,1000PEPEUSDT,FLAT,1.0000,cascade_v2.5_hybrid_pruned_scenario_I,0.00335390,0.00335390,,,,,0.00003363,0.00344360,0.00336620,FLAT,0.9969,0,100,0,,,,,,flat_flat_no_review,DOWN,0.21,-2.90,37.0,-1.280,-1.72,0.086,29
2026-06-01 10:05,POLUSDT,FLAT,1.0000,cascade_v2.5_hybrid_pruned_scenario_I,0.092280,0.092280,,,,,0.00058204,0.093030,0.092020,FLAT,0.7112,2,71,27,,,,,,flat_flat_no_review,UP,0.67,-1.99,52.0,-1.180,-1.67,0.057,29
2026-06-01 10:05,NEARUSDT,FLAT,1.0000,cascade_v2.5_hybrid_pruned_scenario_I,2.3160,2.3160,,,,,0.054530,2.3970,2.2570,LONG,0.5689,4,39,57,,,17,60,23,flat_lstm_reviewed,UP,0.51,-1.87,49.2,-1.152,-0.00,0.080,29
2026-06-01 10:05,AVAXUSDT,FLAT,1.0000,cascade_v2.5_hybrid_pruned_scenario_I,8.8390,8.8390,,,,,0.084373,9.0420,8.8320,FLAT,0.9304,0,93,7,,,,,,flat_flat_no_review,DOWN,0.27,-2.71,41.7,4.366,-1.73,0.100,29
2026-06-01 10:05,SUIUSDT,FLAT,1.0000,cascade_v2.5_hybrid_pruned_scenario_I,0.878900,0.878900,,,,,0.010124,0.903300,0.876300,FLAT,0.834,0,83,17,,,,,,flat_flat_no_review,DOWN,0.54,-2.41,42.1,2.466,-1.62,0.091,29
2026-06-01 09:05,TAOUSDT,FLAT,1.0000,cascade_v2.5_hybrid_pruned_scenario_I,250.7500,250.7500,,,,,3.2793,258.9000,250.6000,FLAT,0.956,0,96,4,,,,,,flat_flat_no_review,DOWN,0.22,-2.15,41.6,-0.284,-1.45,0.108,29
2026-06-01 09:05,DOTUSDT,FLAT,1.0000,cascade_v2.5_hybrid_pruned_scenario_I,1.1700,1.1700,,,,,0.014009,1.2060,1.1640,FLAT,0.8823,0,88,12,,,,,,flat_flat_no_review,DOWN,0.28,-2.57,41.8,-6.759,-1.55,0.082,29
2026-06-01 09:05,1000SHIBUSDT,FLAT,1.0000,cascade_v2.5_hybrid_pruned_scenario_I,0.00543900,0.00543900,,,,,0.00004273,0.00555800,0.00544100,FLAT,0.9689,0,97,3,,,,,,flat_flat_no_review,DOWN,0.30,-2.64,40.8,-2.748,-1.16,0.097,29
2026-06-01 09:05,ADAUSDT,FLAT,1.0000,cascade_v2.5_hybrid_pruned_scenario_I,0.231700,0.231700,,,,,0.00208071,0.237500,0.232500,FLAT,0.999,0,100,0,,,,,,flat_flat_no_review,DOWN,0.21,-2.79,37.6,-5.592,-1.25,0.096,29
2026-06-01 09:05,ONDOUSDT,FLAT,1.0000,cascade_v2.5_hybrid_pruned_scenario_I,0.354000,0.354000,,,,,0.00604519,0.373100,0.357800,FLAT,0.9994,0,100,0,,,,,,flat_flat_no_review,DOWN,0.17,-3.03,35.6,-2.343,-0.00,0.065,29
2026-06-01 09:05,HBARUSDT,FLAT,1.0000,cascade_v2.5_hybrid_pruned_scenario_I,0.094950,0.094950,,,,,0.00140163,0.097890,0.094290,LONG,0.5739,0,43,57,,,12,65,23,flat_lstm_reviewed,DOWN,0.22,-2.10,45.6,0.833,-2.09,0.072,29
2026-06-01 09:05,SOLUSDT,FLAT,1.0000,cascade_v2.5_hybrid_pruned_scenario_I,81.0700,81.0700,,,,,0.665058,83.0800,81.5500,FLAT,0.9992,0,100,0,,,,,,flat_flat_no_review,DOWN,0.25,-2.84,37.2,-3.794,-0.00,0.170,29
2026-06-01 09:05,LINKUSDT,FLAT,1.0000,cascade_v2.5_hybrid_pruned_scenario_I,9.0080,9.0080,,,,,0.079744,9.2120,9.0220,FLAT,0.9877,0,99,1,,,,,,flat_flat_no_review,DOWN,0.24,-2.56,39.8,0.100,-1.53,0.081,29
2026-06-01 09:05,DOGEUSDT,FLAT,1.0000,cascade_v2.5_hybrid_pruned_scenario_I,0.099890,0.099890,,,,,0.00077658,0.101540,0.099630,FLAT,0.7454,0,75,25,,,,,,flat_flat_no_review,DOWN,0.36,-2.12,46.0,-1.412,-1.17,0.117,29
2026-06-01 09:05,ARBUSDT,FLAT,1.0000,cascade_v2.5_hybrid_pruned_scenario_I,0.101200,0.101200,,,,,0.00132374,0.104300,0.101000,FLAT,0.7635,0,76,24,,,,,,flat_flat_no_review,DOWN,0.26,-2.34,40.1,-4.725,-1.99,0.040,29
2026-06-01 09:05,XRPUSDT,FLAT,1.0000,cascade_v2.5_hybrid_pruned_scenario_I,1.3045,1.3045,,,,,0.00935585,1.3406,1.3180,FLAT,1.0,0,100,0,,,,,,flat_flat_no_review,DOWN,0.13,-3.31,27.3,-5.059,-0.00,0.237,29
2026-06-01 09:05,TRXUSDT,FLAT,1.0000,cascade_v2.5_hybrid_pruned_scenario_I,0.351790,0.351790,,,,,0.00103543,0.352510,0.350020,FLAT,0.5818,42,58,0,,,24,50,26,flat_lstm_reviewed,UP,0.84,-0.70,60.7,-11.663,-0.00,0.078,29
2026-06-01 09:05,TONUSDT,FLAT,1.0000,cascade_v2.5_hybrid_pruned_scenario_I,1.9324,1.9324,,,,,0.040402,2.0208,1.8891,FLAT,0.4914,16,49,35,,,15,63,22,flat_lstm_reviewed,UP,0.53,-2.19,51.5,-3.609,-0.00,0.038,29
2026-06-01 09:05,ETHUSDT,FLAT,1.0000,cascade_v2.5_hybrid_pruned_scenario_I,1983.55,1983.55,,,,,13.2283,2020.90,1990.09,FLAT,0.991,0,99,1,,,,,,flat_flat_no_review,DOWN,0.24,-2.57,36.5,-0.838,-0.25,0.168,29
2026-06-01 09:05,BNBUSDT,FLAT,1.0000,cascade_v2.5_hybrid_pruned_scenario_I,690.4400,690.4400,,,,,7.4230,717.4100,693.2000,FLAT,0.9927,0,99,1,,,,,,flat_flat_no_review,DOWN,0.11,-2.73,32.5,0.038,-1.76,0.174,29
2026-06-01 09:05,1000PEPEUSDT,FLAT,1.0000,cascade_v2.5_hybrid_pruned_scenario_I,0.00336380,0.00336380,,,,,0.00003530,0.00345130,0.00336620,FLAT,0.9887,0,99,1,,,,,,flat_flat_no_review,DOWN,0.29,-2.48,40.3,-3.772,-1.52,0.087,29
2026-06-01 09:05,POLUSDT,FLAT,1.0000,cascade_v2.5_hybrid_pruned_scenario_I,0.092200,0.092200,,,,,0.00062420,0.093440,0.092020,FLAT,0.7974,0,80,20,,,,,,flat_flat_no_review,UP,0.65,-1.99,50.3,-17.543,-1.82,0.056,29
2026-06-01 09:05,NEARUSDT,FLAT,1.0000,cascade_v2.5_hybrid_pruned_scenario_I,2.3140,2.3140,,,,,0.053319,2.4180,2.2570,FLAT,0.5705,6,57,37,,,15,62,22,flat_lstm_reviewed,UP,0.50,-1.95,49.1,-8.070,-0.00,0.045,29
2026-06-01 09:05,AVAXUSDT,FLAT,1.0000,cascade_v2.5_hybrid_pruned_scenario_I,8.8470,8.8470,,,,,0.086554,9.0710,8.8320,FLAT,0.908,0,91,9,,,,,,flat_flat_no_review,DOWN,0.29,-2.55,42.4,0.670,-1.49,0.099,29
2026-06-01 09:05,SUIUSDT,FLAT,1.0000,cascade_v2.5_hybrid_pruned_scenario_I,0.879100,0.879100,,,,,0.010570,0.903300,0.876300,FLAT,0.7655,0,77,23,,,,,,flat_flat_no_review,DOWN,0.55,-2.29,41.9,-3.180,-1.70,0.063,29
2026-06-01 08:05,TAOUSDT,FLAT,1.0000,cascade_v3.1,249.4200,249.4200,,,,,3.4537,260.3000,245.3700,FLAT,0.9463,0,95,5,,,,,,flat_flat_high_conf,DOWN,0.09,-2.43,23.8,5.792,-0.00,0.085,29
2026-06-01 08:05,DOTUSDT,FLAT,1.0000,cascade_v3.1,1.1660,1.1660,,,,,0.014616,1.2340,1.1760,FLAT,0.8601,0,86,14,,,,,,flat_flat_high_conf,DOWN,0.20,-2.74,32.5,6.912,-0.00,0.111,29
2026-06-01 08:05,1000SHIBUSDT,FLAT,1.0000,cascade_v3.1,0.00541600,0.00541600,,,,,0.00004338,0.00556400,0.00527000,FLAT,0.965,0,96,3,,,,,,flat_flat_high_conf,DOWN,0.10,-3.13,24.9,4.974,-0.00,0.134,29
2026-06-01 08:05,ADAUSDT,FLAT,1.0000,cascade_v3.1,0.230900,0.230900,,,,,0.00218852,0.238600,0.229600,FLAT,0.9703,0,97,3,,,,,,flat_flat_high_conf,DOWN,0.07,-3.02,21.0,0.000,-0.00,0.243,29
2026-06-01 08:05,ONDOUSDT,FLAT,1.0000,cascade_v3.1,0.353500,0.353500,,,,,0.00635471,0.388600,0.341100,FLAT,0.9726,0,97,3,,,,,,flat_flat_high_conf,DOWN,0.11,-2.96,27.4,3.304,-0.00,0.100,29
2026-06-01 08:05,HBARUSDT,FLAT,1.0000,cascade_v3.1,0.094130,0.094130,,,,,0.00144229,0.099310,0.093650,FLAT,0.9163,0,92,8,,,,,,flat_flat_high_conf,DOWN,0.08,-2.61,26.9,9.440,-1.33,0.167,29
2026-06-01 08:05,SOLUSDT,FLAT,1.0000,cascade_v3.1,80.7400,80.7400,,,,,0.667990,83.3700,80.3000,FLAT,0.9691,0,97,3,,,,,,flat_flat_high_conf,DOWN,0.07,-3.32,20.1,3.988,-0.00,0.131,29
2026-06-01 08:05,LINKUSDT,FLAT,1.0000,cascade_v3.1,8.9760,8.9760,,,,,0.082597,9.2980,8.7850,FLAT,0.942,0,94,6,,,,,,flat_flat_high_conf,DOWN,0.08,-2.86,25.1,6.294,-0.00,0.124,29
2026-06-01 08:05,DOGEUSDT,FLAT,1.0000,cascade_v3.1,0.099250,0.099250,,,,,0.00078570,0.101770,0.097370,FLAT,0.8617,0,86,14,,,,,,flat_flat_high_conf,DOWN,0.12,-2.91,29.4,4.463,-0.00,0.170,29
2026-06-01 08:05,ARBUSDT,FLAT,1.0000,cascade_v3.1,0.100800,0.100800,,,,,0.00139713,0.106900,0.100400,FLAT,0.9567,0,96,4,,,,,,flat_flat_high_conf,DOWN,0.16,-2.51,24.6,3.346,-1.40,0.169,29
2026-06-01 08:05,XRPUSDT,FLAT,1.0000,cascade_v3.1,1.3040,1.3040,,,,,0.00928854,1.3654,1.2935,FLAT,0.9897,0,99,1,,,,,,flat_flat_high_conf,DOWN,0.04,-3.73,12.7,4.592,-0.00,0.148,29
2026-06-01 08:05,TRXUSDT,FLAT,1.0000,cascade_v3.1,0.350760,0.350760,,,,,0.00101760,0.377160,0.339110,FLAT,0.6207,9,62,29,,,,,,flat_flat_high_conf,UP,0.61,-1.72,71.5,5.815,-0.00,0.115,29
2026-06-01 08:05,TONUSDT,FLAT,0.8264,cascade_v3.1,1.9314,1.9314,,,,,0.042784,1.8076,1.7077,SHORT,0.5972,60,33,7,,,5,45,50,lgbm_direct,UP,0.52,-2.09,51.0,2.991,-0.00,0.099,29
2026-06-01 08:05,ETHUSDT,FLAT,1.0000,cascade_v3.1,1977.24,1977.24,,,,,13.5626,2037.55,1975.37,FLAT,0.951,0,95,5,,,,,,flat_flat_high_conf,DOWN,0.12,-2.98,16.1,6.529,-0.46,0.194,29
2026-06-01 08:05,BNBUSDT,FLAT,1.0000,cascade_v3.1,688.0100,688.0100,,,,,7.8095,746.5900,631.1500,FLAT,0.8768,0,88,12,,,,,,flat_flat_high_conf,DOWN,0.06,-2.98,13.9,8.435,-0.00,0.110,29
2026-06-01 08:05,1000PEPEUSDT,FLAT,1.0000,cascade_v3.1,0.00334870,0.00334870,,,,,0.00003655,0.00346830,0.00330650,FLAT,0.951,0,95,5,,,,,,flat_flat_high_conf,DOWN,0.14,-2.81,27.7,7.344,-0.00,0.116,29
2026-06-01 08:05,POLUSDT,FLAT,1.0000,cascade_v3.1,0.091660,0.091660,,,,,0.00061049,0.091950,0.089510,FLAT,0.9056,4,91,5,,,,,,flat_flat_high_conf,UP,0.50,-2.92,34.2,-1.800,1.73,0.046,29
2026-06-01 08:05,NEARUSDT,FLAT,0.7014,cascade_v3.1,2.3120,2.3120,,,,,0.056158,2.6320,2.2690,SHORT,0.659,66,24,10,,,5,22,73,lgbm_direct,UP,0.49,-1.89,47.0,5.601,-0.00,0.087,29
2026-06-01 08:05,AVAXUSDT,FLAT,1.0000,cascade_v3.1,8.7930,8.7930,,,,,0.087685,9.0810,8.6480,FLAT,0.9726,0,97,3,,,,,,flat_flat_high_conf,DOWN,0.06,-3.14,24.8,2.899,-0.00,0.203,29
2026-06-01 08:05,SUIUSDT,FLAT,1.0000,cascade_v3.1,0.876500,0.876500,,,,,0.011260,0.924600,0.845900,SHORT,0.4256,43,36,21,,,,,,flat_below_thr,DOWN,0.48,-2.38,31.0,8.104,-0.00,0.111,29
2026-06-01 07:05,TAOUSDT,FLAT,1.0000,cascade_v3.1,251.3100,251.3100,,,,,3.4765,260.3000,245.3700,FLAT,0.8148,0,81,18,,,,,,flat_flat_high_conf,DOWN,0.22,-2.18,23.3,0.000,-0.00,0.087,29
2026-06-01 07:05,DOTUSDT,FLAT,1.0000,cascade_v3.1,1.1740,1.1740,,,,,0.015049,1.2340,1.1760,FLAT,0.8445,3,84,13,,,,,,flat_flat_high_conf,DOWN,0.36,-2.13,32.5,-0.000,-1.56,0.071,29
2026-06-01 07:05,1000SHIBUSDT,FLAT,1.0000,cascade_v3.1,0.00544900,0.00544900,,,,,0.00004246,0.00556400,0.00527000,FLAT,0.8953,0,90,10,,,,,,flat_flat_high_conf,DOWN,0.27,-2.57,26.6,0.000,-0.00,0.084,29
2026-06-01 07:05,ADAUSDT,FLAT,1.0000,cascade_v3.1,0.232900,0.232900,,,,,0.00216418,0.238600,0.229600,FLAT,0.865,0,86,13,,,,,,flat_flat_high_conf,DOWN,0.19,-2.13,27.4,0.000,-0.00,0.056,29
2026-06-01 07:05,ONDOUSDT,FLAT,1.0000,cascade_v3.1,0.354800,0.354800,,,,,0.00677235,0.388600,0.341100,FLAT,0.9714,0,97,3,,,,,,flat_flat_high_conf,DOWN,0.16,-2.70,26.3,0.000,-0.00,0.065,29
2026-06-01 07:05,HBARUSDT,LONG,0.7296,cascade_v3.1,0.096260,0.096260,0.109820,70.4,0.093004,16.9,0.00129115,0.109820,0.093650,LONG,0.4796,25,27,48,,,2,38,60,lgbm_direct,UP,0.41,-1.26,49.6,0.000,-0.00,0.054,29
2026-06-01 07:05,SOLUSDT,FLAT,1.0000,cascade_v3.1,81.4800,81.4800,,,,,0.650757,83.3700,80.3000,FLAT,0.8811,0,88,12,,,,,,flat_flat_high_conf,DOWN,0.21,-2.46,23.8,0.000,-0.00,0.065,29
2026-06-01 07:05,LINKUSDT,FLAT,1.0000,cascade_v3.1,9.0250,9.0250,,,,,0.084341,9.2980,8.7850,FLAT,0.8669,0,87,13,,,,,,flat_flat_high_conf,DOWN,0.20,-2.22,24.1,0.000,-0.00,0.058,29
2026-06-01 07:05,DOGEUSDT,FLAT,0.8236,cascade_v3.1,0.100080,0.100080,,,,,0.00075601,0.101770,0.097370,SHORT,0.7196,72,23,5,,,3,19,78,lgbm_direct,DOWN,0.44,-1.93,37.4,0.000,-0.00,0.100,29
2026-06-01 07:05,ARBUSDT,FLAT,1.0000,cascade_v3.1,0.101600,0.101600,,,,,0.00139977,0.106900,0.100400,FLAT,0.8259,0,83,17,,,,,,flat_flat_high_conf,DOWN,0.35,-1.93,27.4,0.000,-0.00,0.077,29
2026-06-01 07:05,XRPUSDT,FLAT,1.0000,cascade_v3.1,1.3136,1.3136,,,,,0.00917704,1.3654,1.2935,FLAT,0.9758,0,98,2,,,,,,flat_flat_high_conf,DOWN,0.13,-2.94,11.9,0.000,-0.00,0.060,29
2026-06-01 07:05,TRXUSDT,FLAT,1.0000,cascade_v3.1,0.351060,0.351060,,,,,0.00104903,0.377160,0.339110,FLAT,0.5544,13,55,32,,,,,,flat_flat_high_conf,UP,0.73,-1.38,74.3,0.000,-0.00,0.128,29
2026-06-01 07:05,TONUSDT,FLAT,0.9205,cascade_v3.1,1.9519,1.9519,,,,,0.042867,1.8076,1.7077,SHORT,0.5036,50,46,4,,,0,23,76,lgbm_direct,UP,0.63,-1.61,57.6,0.000,-0.00,0.066,29
2026-06-01 07:05,ETHUSDT,FLAT,1.0000,cascade_v3.1,1987.18,1987.18,,,,,12.9293,2037.55,1975.37,FLAT,0.9374,0,94,6,,,,,,flat_flat_high_conf,DOWN,0.17,-2.61,13.3,0.000,-0.00,0.066,29
2026-06-01 07:05,BNBUSDT,FLAT,1.0000,cascade_v3.1,693.6900,693.6900,,,,,7.4692,746.5900,631.1500,FLAT,0.9169,0,92,8,,,,,,flat_flat_high_conf,DOWN,0.06,-3.18,7.5,0.000,-0.00,0.036,29
2026-06-01 07:05,1000PEPEUSDT,FLAT,1.0000,cascade_v3.1,0.00337410,0.00337410,,,,,0.00003458,0.00346830,0.00330650,FLAT,0.8819,0,88,12,,,,,,flat_flat_high_conf,DOWN,0.31,-2.23,27.4,0.000,-0.00,0.066,29
2026-06-01 07:05,POLUSDT,FLAT,0.8619,cascade_v3.1,0.092400,0.092400,,,,,0.00059528,0.091950,0.089510,SHORT,0.5197,52,41,7,,,3,30,67,lgbm_direct,UP,0.71,-1.75,54.3,0.000,-0.00,0.064,29
2026-06-01 07:05,NEARUSDT,FLAT,0.8668,cascade_v3.1,2.3310,2.3310,,,,,0.057711,2.6320,2.2690,SHORT,0.577,58,37,6,,,1,20,79,lgbm_direct,UP,0.58,-1.51,50.0,0.000,-0.00,0.061,29
2026-06-01 07:05,AVAXUSDT,FLAT,1.0000,cascade_v3.1,8.8430,8.8430,,,,,0.088898,9.0810,8.6480,FLAT,0.9162,0,92,8,,,,,,flat_flat_high_conf,DOWN,0.19,-2.56,26.4,-0.000,-0.00,0.044,29
2026-06-01 07:05,SUIUSDT,FLAT,1.0000,cascade_v3.1,0.881800,0.881800,,,,,0.011389,0.924600,0.890600,SHORT,0.4319,43,36,21,,,,,,flat_below_thr,DOWN,0.57,-1.89,29.1,0.000,-0.00,0.057,29
2026-06-01 06:05,TAOUSDT,FLAT,1.0000,cascade_v3.1,251.5900,251.5900,,,,,3.4701,260.3000,245.3700,FLAT,0.8308,0,83,17,,,,,,flat_flat_high_conf,DOWN,0.18,-2.11,24.3,0.000,-0.00,0.088,29
2026-06-01 06:05,DOTUSDT,FLAT,1.0000,cascade_v3.1,1.1780,1.1780,,,,,0.014708,1.2340,1.1760,FLAT,0.7734,13,77,10,,,,,,flat_flat_high_conf,DOWN,0.44,-1.90,36.0,0.000,-1.12,0.208,29
2026-06-01 06:05,1000SHIBUSDT,FLAT,0.7455,cascade_v3.1,0.00546200,0.00546200,,,,,0.00004124,0.00556400,0.00527000,SHORT,0.5679,57,32,11,,,4,41,55,lgbm_direct,DOWN,0.36,-2.33,29.5,0.000,-0.00,0.132,29
2026-06-01 06:05,ADAUSDT,FLAT,1.0000,cascade_v3.1,0.233600,0.233600,,,,,0.00216278,0.238600,0.229600,FLAT,0.7775,0,78,22,,,,,,flat_flat_high_conf,DOWN,0.30,-1.80,31.4,0.000,-0.00,0.089,29
2026-06-01 06:05,ONDOUSDT,FLAT,1.0000,cascade_v3.1,0.355600,0.355600,,,,,0.00696195,0.388600,0.341100,FLAT,0.964,0,96,4,,,,,,flat_flat_high_conf,DOWN,0.13,-2.51,27.2,0.000,-0.00,0.141,29
2026-06-01 06:05,HBARUSDT,FLAT,1.0000,cascade_v3.1,0.095360,0.095360,,,,,0.00129697,0.109820,0.093650,FLAT,0.6346,0,63,36,,,,,,flat_flat_high_conf,DOWN,0.23,-1.95,29.5,0.000,-0.00,0.060,29
2026-06-01 06:05,SOLUSDT,FLAT,1.0000,cascade_v3.1,81.6600,81.6600,,,,,0.641438,83.3700,80.3000,FLAT,0.8732,0,87,13,,,,,,flat_flat_high_conf,DOWN,0.21,-2.21,26.9,0.000,-0.00,0.070,29
2026-06-01 06:05,LINKUSDT,FLAT,1.0000,cascade_v3.1,9.0400,9.0400,,,,,0.082967,9.2980,8.7850,FLAT,0.7667,0,77,23,,,,,,flat_flat_high_conf,DOWN,0.19,-2.15,25.5,0.000,-0.00,0.097,29
2026-06-01 06:05,DOGEUSDT,FLAT,0.7549,cascade_v3.1,0.100110,0.100110,,,,,0.00077519,0.101770,0.097370,SHORT,0.6691,67,25,8,,,1,18,80,lgbm_direct,DOWN,0.45,-1.84,38.0,0.000,-0.00,0.108,29
2026-06-01 06:05,ARBUSDT,FLAT,0.7528,cascade_v3.1,0.101900,0.101900,,,,,0.00134948,0.106900,0.100400,SHORT,0.8136,81,14,5,,,3,30,67,lgbm_direct,DOWN,0.42,-1.85,30.3,0.000,-0.00,0.105,29
2026-06-01 06:05,XRPUSDT,FLAT,1.0000,cascade_v3.1,1.3141,1.3141,,,,,0.00942274,1.3654,1.2935,FLAT,0.9805,0,98,2,,,,,,flat_flat_high_conf,DOWN,0.01,-2.96,12.0,0.000,-0.00,0.106,29
2026-06-01 06:05,TRXUSDT,FLAT,1.0000,cascade_v3.1,0.352190,0.352190,,,,,0.00094837,0.377160,0.339110,FLAT,0.9944,1,99,0,,,,,,flat_flat_high_conf,UP,0.95,-0.34,84.0,0.000,0.00,0.178,29
2026-06-01 06:05,TONUSDT,FLAT,0.9374,cascade_v3.1,1.9430,1.9430,,,,,0.043802,1.8076,1.7077,SHORT,0.6771,68,30,2,,,0,20,79,lgbm_direct,UP,0.58,-1.78,54.0,0.000,-0.00,0.081,29
2026-06-01 06:05,ETHUSDT,FLAT,1.0000,cascade_v3.1,1990.72,1990.72,,,,,12.8459,2037.55,1975.37,FLAT,0.9492,0,95,5,,,,,,flat_flat_high_conf,DOWN,0.02,-2.46,15.5,0.000,-0.00,0.091,29
2026-06-01 06:05,BNBUSDT,FLAT,1.0000,cascade_v3.1,695.2000,695.2000,,,,,7.9238,746.5900,631.1500,FLAT,0.7212,0,72,28,,,,,,flat_flat_high_conf,DOWN,0.05,-2.80,8.2,0.000,-0.00,0.078,29
2026-06-01 06:05,1000PEPEUSDT,FLAT,0.7267,cascade_v3.1,0.00338710,0.00338710,,,,,0.00003392,0.00346830,0.00330650,SHORT,0.7199,72,20,8,,,3,24,74,lgbm_direct,DOWN,0.43,-1.89,31.7,0.000,-0.00,0.084,29
2026-06-01 06:05,POLUSDT,FLAT,1.0000,cascade_v3.1,0.092820,0.092820,,,,,0.00056738,0.091950,0.089510,FLAT,0.8667,13,87,0,,,,,,flat_flat_high_conf,UP,0.82,-1.09,79.0,0.000,-0.00,0.191,29
2026-06-01 06:05,NEARUSDT,FLAT,1.0000,cascade_v3.1,2.3470,2.3470,,,,,0.056620,2.6320,2.2690,FLAT,0.4634,43,46,11,,,,,,flat_flat_high_conf,UP,0.66,-1.25,57.3,0.000,-0.00,0.044,29
2026-06-01 06:05,AVAXUSDT,FLAT,1.0000,cascade_v3.1,8.8690,8.8690,,,,,0.091190,9.0810,8.6480,FLAT,0.8415,0,84,16,,,,,,flat_flat_high_conf,DOWN,0.28,-2.22,29.3,0.000,-0.00,0.128,29
2026-06-01 06:05,SUIUSDT,FLAT,1.0000,cascade_v3.1,0.885200,0.885200,,,,,0.011314,0.924600,0.890600,FLAT,0.7705,9,77,14,,,,,,flat_flat_high_conf,DOWN,0.62,-1.60,32.5,0.000,-1.45,0.051,29
2026-06-01 05:05,TAOUSDT,FLAT,1.0000,cascade_v3.1,253.0500,253.0500,,,,,3.6101,260.3000,245.3700,FLAT,0.6247,0,62,37,,,,,,flat_flat_high_conf,DOWN,0.32,-1.62,29.4,0.000,-0.00,0.060,29
2026-06-01 05:05,DOTUSDT,FLAT,0.9884,cascade_v3.1,1.1880,1.1880,,,,,0.015094,1.2340,1.1760,SHORT,0.7264,73,27,0,,,0,8,92,lgbm_direct,UP,0.64,-1.19,49.4,0.000,-0.00,0.109,29
2026-06-01 05:05,1000SHIBUSDT,FLAT,0.5243,cascade_v3.1,0.00549300,0.00549300,,,,,0.00004287,0.00556400,0.00527000,SHORT,0.4548,45,29,26,,,0,14,86,lgbm_direct,UP,0.56,-1.52,41.3,0.000,-0.00,0.078,29
2026-06-01 05:05,ADAUSDT,FLAT,0.5395,cascade_v3.1,0.234500,0.234500,,,,,0.00226782,0.238600,0.229600,SHORT,0.6542,65,16,19,,,1,16,83,lgbm_direct,UP,0.44,-1.32,37.5,0.000,-0.00,0.142,29
2026-06-01 05:05,ONDOUSDT,FLAT,1.0000,cascade_v3.1,0.364500,0.364500,,,,,0.00665866,0.388600,0.341100,LONG,0.374,29,34,37,,,,,,flat_below_thr,UP,0.57,-1.29,47.3,-0.000,-0.00,0.061,29
2026-06-01 05:05,HBARUSDT,FLAT,1.0000,cascade_v3.1,0.095480,0.095480,,,,,0.00139035,0.109820,0.093650,FLAT,0.5584,0,56,44,,,,,,flat_flat_high_conf,DOWN,0.25,-1.73,31.0,0.000,-0.00,0.096,29
2026-06-01 05:05,SOLUSDT,FLAT,1.0000,cascade_v3.1,82.0200,82.0200,,,,,0.669762,83.3700,80.3000,FLAT,0.6727,0,67,33,,,,,,flat_flat_high_conf,DOWN,0.41,-1.58,35.4,0.000,-0.00,0.068,29
2026-06-01 05:05,LINKUSDT,FLAT,0.6476,cascade_v3.1,9.1170,9.1170,,,,,0.083947,9.2980,8.7850,SHORT,0.6327,63,24,13,,,1,18,81,lgbm_direct,DOWN,0.46,-1.20,40.3,-0.000,-0.00,0.178,29
2026-06-01 05:05,DOGEUSDT,FLAT,0.9990,cascade_v3.1,0.100640,0.100640,,,,,0.00078573,0.101770,0.097370,SHORT,0.8069,81,19,0,,,0,9,90,lgbm_direct,UP,0.65,-1.15,53.7,0.000,0.00,0.397,29
2026-06-01 05:05,ARBUSDT,FLAT,0.6506,cascade_v3.1,0.102700,0.102700,,,,,0.00140016,0.106900,0.100400,SHORT,0.6763,68,21,11,,,0,15,85,lgbm_direct,UP,0.59,-1.21,42.5,0.000,-0.00,0.114,29
2026-06-01 05:05,XRPUSDT,FLAT,1.0000,cascade_v3.1,1.3217,1.3217,,,,,0.00977700,1.3654,1.2935,FLAT,0.7111,0,71,29,,,,,,flat_flat_high_conf,DOWN,0.18,-2.08,18.3,0.000,-0.00,0.132,29
2026-06-01 05:05,TRXUSDT,FLAT,1.0000,cascade_v3.1,0.351080,0.351080,,,,,0.00088053,0.377160,0.339110,FLAT,0.5446,7,54,39,,,,,,flat_flat_high_conf,UP,0.81,-1.22,74.5,0.000,-0.00,0.129,29
2026-06-01 05:05,TONUSDT,FLAT,1.0000,cascade_v3.1,1.9899,1.9899,,,,,0.043360,1.8076,1.7077,FLAT,0.8971,10,90,0,,,,,,flat_flat_high_conf,UP,0.84,-0.71,82.7,0.000,-0.00,0.327,29
2026-06-01 05:05,ETHUSDT,FLAT,1.0000,cascade_v3.1,2000.20,2000.20,,,,,13.3571,2037.55,1975.37,FLAT,0.739,0,74,26,,,,,,flat_flat_high_conf,DOWN,0.25,-1.65,24.6,0.000,-0.00,0.069,29
2026-06-01 05:05,BNBUSDT,FLAT,1.0000,cascade_v3.1,698.3400,698.3400,,,,,8.5021,746.5900,631.1500,FLAT,0.6286,0,63,37,,,,,,flat_flat_high_conf,DOWN,0.11,-2.24,10.1,0.000,-0.00,0.054,29
2026-06-01 05:05,1000PEPEUSDT,FLAT,0.6245,cascade_v3.1,0.00340480,0.00340480,,,,,0.00003575,0.00346830,0.00330650,SHORT,0.6102,61,24,15,,,0,9,90,lgbm_direct,UP,0.58,-1.30,40.7,0.000,-0.00,0.091,29
2026-06-01 05:05,POLUSDT,FLAT,1.0000,cascade_v3.1,0.092990,0.092990,,,,,0.00058348,0.091950,0.089510,FLAT,0.9028,10,90,0,,,,,,flat_flat_high_conf,UP,0.87,-0.77,86.4,0.000,-0.00,0.061,29
2026-06-01 05:05,NEARUSDT,FLAT,0.9044,cascade_v3.1,2.3270,2.3270,,,,,0.060111,2.6320,2.2690,SHORT,0.6562,66,31,3,,,0,16,84,lgbm_direct,UP,0.56,-1.51,48.4,0.000,-0.00,0.149,29
2026-06-01 05:05,AVAXUSDT,FLAT,0.5501,cascade_v3.1,8.9410,8.9410,,,,,0.094030,9.0810,8.6480,SHORT,0.6394,64,16,20,,,0,15,85,lgbm_direct,UP,0.54,-1.38,41.3,0.000,-0.00,0.106,29
2026-06-01 05:05,SUIUSDT,FLAT,1.0000,cascade_v3.1,0.888700,0.888700,,,,,0.011972,0.924600,0.890600,FLAT,0.8382,4,84,12,,,,,,flat_flat_high_conf,DOWN,0.64,-1.22,38.3,-0.000,-1.35,0.070,29
2026-06-01 04:05,TAOUSDT,FLAT,1.0000,cascade_v3.1,256.7100,256.7100,,,,,3.2895,260.3000,245.3700,FLAT,0.8072,19,81,0,,,,,,flat_flat_high_conf,UP,0.66,-0.67,69.8,-1.047,-0.00,0.091,29
2026-06-01 04:05,DOTUSDT,FLAT,1.0000,cascade_v3.1,1.1990,1.1990,,,,,0.014359,1.2340,1.1760,FLAT,0.9662,3,97,0,,,,,,flat_flat_high_conf,UP,0.86,-0.49,80.9,2.264,-0.00,0.123,29
2026-06-01 04:05,1000SHIBUSDT,FLAT,1.0000,cascade_v3.1,0.00552700,0.00552700,,,,,0.00003996,0.00556400,0.00527000,FLAT,0.8181,18,82,0,,,,,,flat_flat_high_conf,UP,0.79,-0.78,73.5,-5.441,-0.00,0.097,29
2026-06-01 04:05,ADAUSDT,FLAT,1.0000,cascade_v3.1,0.237100,0.237100,,,,,0.00202902,0.238600,0.229600,FLAT,0.8649,13,86,0,,,,,,flat_flat_high_conf,UP,0.78,-0.20,76.2,1.039,-0.00,0.127,29
2026-06-01 04:05,ONDOUSDT,FLAT,1.0000,cascade_v3.1,0.371300,0.371300,,,,,0.00638665,0.388600,0.341100,FLAT,0.9233,8,92,0,,,,,,flat_flat_high_conf,UP,0.80,-0.28,88.2,2.855,-0.00,0.046,29
2026-06-01 04:05,HBARUSDT,LONG,0.8641,cascade_v3.1,0.096080,0.096080,0.109820,71.5,0.092996,16.0,0.00130763,0.109820,0.093650,LONG,0.6141,13,26,61,,,5,44,51,lgbm_direct,UP,0.37,-1.38,43.6,-11.024,-0.00,0.101,29
2026-06-01 04:05,SOLUSDT,FLAT,1.0000,cascade_v3.1,82.5800,82.5800,,,,,0.631776,83.3700,80.3000,FLAT,0.7417,26,74,0,,,,,,flat_flat_high_conf,UP,0.68,-0.79,69.9,-1.239,-0.00,0.056,29
2026-06-01 04:05,LINKUSDT,FLAT,1.0000,cascade_v3.1,9.1770,9.1770,,,,,0.079344,9.2980,8.7850,FLAT,0.9008,9,90,1,,,,,,flat_flat_high_conf,UP,0.67,-0.52,68.5,0.767,-0.00,0.240,29
2026-06-01 04:05,DOGEUSDT,FLAT,1.0000,cascade_v3.1,0.101100,0.101100,,,,,0.00073502,0.101770,0.097370,FLAT,0.9403,6,94,0,,,,,,flat_flat_high_conf,UP,0.83,-0.60,80.0,0.681,-0.00,0.084,29
2026-06-01 04:05,ARBUSDT,FLAT,1.0000,cascade_v3.1,0.103800,0.103800,,,,,0.00131198,0.106900,0.100400,FLAT,0.7662,23,77,0,,,,,,flat_flat_high_conf,UP,0.76,-0.46,80.9,3.490,-0.00,0.426,29
2026-06-01 04:05,XRPUSDT,FLAT,1.0000,cascade_v3.1,1.3308,1.3308,,,,,0.00898577,1.3654,1.2935,LONG,0.4393,31,25,44,,,,,,flat_below_thr,DOWN,0.43,-1.25,46.6,3.388,-0.00,0.080,29
2026-06-01 04:05,TRXUSDT,FLAT,1.0000,cascade_v3.1,0.350560,0.350560,,,,,0.00090420,0.377160,0.339110,FLAT,0.4391,29,44,27,,,,,,flat_flat_high_conf,UP,0.76,-1.76,64.7,2.227,-0.00,0.171,29
2026-06-01 04:05,TONUSDT,FLAT,1.0000,cascade_v3.1,2.0081,2.0081,,,,,0.039975,1.8076,1.7077,FLAT,0.9981,0,100,0,,,,,,flat_flat_high_conf,UP,0.93,-0.32,92.4,0.939,-0.00,0.140,29
2026-06-01 04:05,ETHUSDT,FLAT,1.0000,cascade_v3.1,2008.19,2008.19,,,,,12.8960,2037.55,1975.37,FLAT,0.8358,14,84,2,,,,,,flat_flat_high_conf,DOWN,0.42,-1.09,49.6,-1.912,-0.00,0.072,29
2026-06-01 04:05,BNBUSDT,LONG,0.8838,cascade_v3.1,703.3700,703.3700,746.5900,30.7,626.7609,54.5,8.7781,746.5900,631.1500,LONG,0.6338,0,37,63,,,5,36,59,lgbm_direct,DOWN,0.21,-1.60,15.6,-1.388,-0.00,0.127,29
2026-06-01 04:05,1000PEPEUSDT,FLAT,1.0000,cascade_v3.1,0.00343480,0.00343480,,,,,0.00003326,0.00346830,0.00330650,FLAT,0.8956,10,90,0,,,,,,flat_flat_high_conf,UP,0.75,-0.50,75.1,0.502,-0.00,0.206,29
2026-06-01 04:05,POLUSDT,FLAT,1.0000,cascade_v3.1,0.092920,0.092920,,,,,0.00061038,0.091950,0.089510,FLAT,0.8653,13,87,0,,,,,,flat_flat_high_conf,UP,0.85,-0.85,85.2,0.687,-0.00,0.092,29
2026-06-01 04:05,NEARUSDT,FLAT,1.0000,cascade_v3.1,2.3820,2.3820,,,,,0.057071,2.6320,2.2690,FLAT,0.9267,7,93,0,,,,,,flat_flat_high_conf,UP,0.83,-0.63,81.5,1.423,-0.00,0.156,29
2026-06-01 04:05,AVAXUSDT,FLAT,1.0000,cascade_v3.1,9.0230,9.0230,,,,,0.086711,9.0810,8.6480,FLAT,0.9121,9,91,0,,,,,,flat_flat_high_conf,UP,0.80,-0.55,77.6,2.387,-0.00,0.177,29
2026-06-01 04:05,SUIUSDT,FLAT,1.0000,cascade_v3.1,0.899500,0.899500,,,,,0.011116,0.924600,0.890600,FLAT,0.7747,8,77,15,,,,,,flat_flat_high_conf,UP,0.72,-0.34,74.4,2.446,-0.00,0.091,29
2026-06-01 03:05,TAOUSDT,FLAT,1.0000,cascade_v3.1,256.7400,256.7400,,,,,3.4991,260.3000,245.3700,FLAT,0.6516,35,65,0,,,,,,flat_flat_high_conf,UP,0.67,-0.62,70.5,0.000,-0.00,0.105,29
2026-06-01 03:05,DOTUSDT,FLAT,1.0000,cascade_v3.1,1.2030,1.2030,,,,,0.015112,1.2340,1.1760,FLAT,0.9926,1,99,0,,,,,,flat_flat_high_conf,UP,0.96,-0.13,81.7,0.000,-0.00,0.246,29
2026-06-01 03:05,1000SHIBUSDT,FLAT,1.0000,cascade_v3.1,0.00554400,0.00554400,,,,,0.00004236,0.00556400,0.00527000,FLAT,0.9443,6,94,0,,,,,,flat_flat_high_conf,UP,0.91,-0.33,82.4,0.000,1.34,0.193,29
2026-06-01 03:05,ADAUSDT,FLAT,1.0000,cascade_v3.1,0.237100,0.237100,,,,,0.00219144,0.238600,0.229600,FLAT,0.8117,19,81,0,,,,,,flat_flat_high_conf,UP,0.78,-0.14,76.9,0.000,-0.00,0.264,29
2026-06-01 03:05,ONDOUSDT,FLAT,1.0000,cascade_v3.1,0.371200,0.371200,,,,,0.00683281,0.388600,0.341100,FLAT,0.9151,8,92,0,,,,,,flat_flat_high_conf,UP,0.75,-0.28,87.2,0.000,-0.00,0.078,29
2026-06-01 03:05,HBARUSDT,FLAT,1.0000,cascade_v3.1,0.096140,0.096140,,,,,0.00120101,0.109820,0.093650,FLAT,0.3795,37,38,25,,,,,,flat_flat_high_conf,DOWN,0.38,-1.26,49.4,0.000,-0.00,0.102,29
2026-06-01 03:05,SOLUSDT,FLAT,1.0000,cascade_v3.1,82.8200,82.8200,,,,,0.686819,83.3700,80.3000,FLAT,0.8665,13,87,0,,,,,,flat_flat_high_conf,UP,0.78,-0.38,76.7,0.000,-0.00,0.277,29
2026-06-01 03:05,LINKUSDT,FLAT,1.0000,cascade_v3.1,9.1930,9.1930,,,,,0.086484,9.2980,8.7850,FLAT,0.8974,10,90,0,,,,,,flat_flat_high_conf,UP,0.73,-0.29,71.5,0.000,-0.00,0.250,29
2026-06-01 03:05,DOGEUSDT,FLAT,1.0000,cascade_v3.1,0.101190,0.101190,,,,,0.00078513,0.101770,0.097370,FLAT,0.9859,1,99,0,,,,,,flat_flat_high_conf,UP,0.94,-0.15,80.7,0.000,-0.00,0.197,29
2026-06-01 03:05,ARBUSDT,FLAT,1.0000,cascade_v3.1,0.103800,0.103800,,,,,0.00136408,0.106900,0.100400,FLAT,0.8521,15,85,0,,,,,,flat_flat_high_conf,UP,0.74,-0.44,80.4,0.000,-0.00,0.139,29
2026-06-01 03:05,XRPUSDT,FLAT,0.7408,cascade_v3.1,1.3341,1.3341,,,,,0.00986153,1.3654,1.2935,SHORT,0.4523,45,41,14,,,1,21,77,lgbm_direct,DOWN,0.54,-0.80,60.2,0.000,-0.00,0.123,29
2026-06-01 03:05,TRXUSDT,FLAT,1.0000,cascade_v3.1,0.350690,0.350690,,,,,0.00096023,0.377160,0.339110,FLAT,0.5085,31,51,18,,,,,,flat_flat_high_conf,UP,0.78,-1.52,69.3,0.000,-0.00,0.053,29
2026-06-01 03:05,TONUSDT,FLAT,1.0000,cascade_v3.1,1.9637,1.9637,,,,,0.035941,1.8076,1.7077,FLAT,0.9984,0,100,0,,,,,,flat_flat_high_conf,UP,0.97,-0.11,88.6,0.000,-0.00,0.143,29
2026-06-01 03:05,ETHUSDT,FLAT,1.0000,cascade_v3.1,2016.00,2016.00,,,,,13.9293,2037.55,1975.37,FLAT,0.4381,35,44,21,,,,,,flat_flat_high_conf,UP,0.59,-0.45,68.7,0.000,-0.00,0.149,29
2026-06-01 03:05,BNBUSDT,FLAT,1.0000,cascade_v3.1,709.5900,709.5900,,,,,8.8530,746.5900,631.1500,FLAT,0.4598,15,46,39,,,,,,flat_flat_high_conf,DOWN,0.33,-0.88,27.1,0.000,-0.00,0.075,29
2026-06-01 03:05,1000PEPEUSDT,FLAT,1.0000,cascade_v3.1,0.00344360,0.00344360,,,,,0.00003581,0.00346830,0.00330650,FLAT,0.9088,9,91,0,,,,,,flat_flat_high_conf,UP,0.81,-0.13,78.0,0.000,-0.00,0.191,29
2026-06-01 03:05,POLUSDT,FLAT,1.0000,cascade_v3.1,0.093050,0.093050,,,,,0.00063833,0.091950,0.089510,FLAT,0.9059,9,91,0,,,,,,flat_flat_high_conf,UP,0.92,-0.42,90.4,0.000,-0.00,0.361,29
2026-06-01 03:05,NEARUSDT,FLAT,1.0000,cascade_v3.1,2.3890,2.3890,,,,,0.059574,2.6320,2.2690,FLAT,0.9763,2,98,0,,,,,,flat_flat_high_conf,UP,0.97,-0.08,81.5,0.000,-0.00,0.134,29
2026-06-01 03:05,AVAXUSDT,FLAT,1.0000,cascade_v3.1,9.0480,9.0480,,,,,0.093364,9.0810,8.6480,FLAT,0.9732,3,97,0,,,,,,flat_flat_high_conf,UP,0.89,-0.25,79.3,0.000,1.12,0.265,29
2026-06-01 03:05,SUIUSDT,FLAT,1.0000,cascade_v3.1,0.898500,0.898500,,,,,0.011725,0.924600,0.890600,FLAT,0.7807,11,78,11,,,,,,flat_flat_high_conf,UP,0.70,-0.38,71.5,0.000,-0.00,0.079,29
2026-06-01 02:05,TAOUSDT,FLAT,1.0000,cascade_v3.1,252.0200,252.0200,,,,,3.2430,260.3000,245.3700,FLAT,0.6913,0,69,31,,,,,,flat_flat_high_conf,DOWN,0.22,-2.12,30.6,0.000,-0.00,0.315,29
2026-06-01 02:05,DOTUSDT,FLAT,1.0000,cascade_v3.1,1.1770,1.1770,,,,,0.013006,1.2340,1.1760,FLAT,0.852,3,85,11,,,,,,flat_flat_high_conf,DOWN,0.46,-1.69,43.8,0.000,-1.34,0.160,29
2026-06-01 02:05,1000SHIBUSDT,FLAT,1.0000,cascade_v3.1,0.00548200,0.00548200,,,,,0.00003772,0.00556400,0.00527000,FLAT,0.4888,24,49,27,,,,,,flat_flat_high_conf,UP,0.49,-2.01,46.3,0.000,-0.00,0.233,29
2026-06-01 02:05,ADAUSDT,FLAT,1.0000,cascade_v3.1,0.233700,0.233700,,,,,0.00194602,0.238600,0.229600,FLAT,0.7387,0,74,26,,,,,,flat_flat_high_conf,DOWN,0.29,-1.90,36.8,0.000,-0.00,0.326,29
2026-06-01 02:05,ONDOUSDT,FLAT,1.0000,cascade_v3.1,0.362400,0.362400,,,,,0.00630452,0.388600,0.341100,FLAT,0.4492,23,45,32,,,,,,flat_flat_high_conf,UP,0.39,-1.70,55.9,0.000,-0.00,0.195,29
2026-06-01 02:05,HBARUSDT,FLAT,1.0000,cascade_v3.1,0.094920,0.094920,,,,,0.00118589,0.109820,0.093650,FLAT,0.9427,0,94,6,,,,,,flat_flat_high_conf,DOWN,0.15,-2.30,32.3,0.000,-0.00,0.117,29
2026-06-01 02:05,SOLUSDT,FLAT,1.0000,cascade_v3.1,81.8800,81.8800,,,,,0.609714,83.3700,80.3000,FLAT,0.75,0,75,25,,,,,,flat_flat_high_conf,DOWN,0.30,-1.97,39.0,0.000,-0.00,0.245,29
2026-06-01 02:05,LINKUSDT,FLAT,1.0000,cascade_v3.1,9.0540,9.0540,,,,,0.075605,9.2980,8.7850,FLAT,0.7414,0,74,26,,,,,,flat_flat_high_conf,DOWN,0.24,-2.17,33.2,0.000,-0.00,0.253,29
2026-06-01 02:05,DOGEUSDT,FLAT,1.0000,cascade_v3.1,0.100060,0.100060,,,,,0.00070254,0.101770,0.097370,FLAT,0.4,25,40,35,,,,,,flat_flat_high_conf,DOWN,0.46,-1.49,46.1,0.000,-0.00,0.324,29
2026-06-01 02:05,ARBUSDT,FLAT,0.6268,cascade_v3.1,0.101800,0.101800,,,,,0.00121087,0.106900,0.100400,SHORT,0.6392,64,23,13,,,1,25,74,lgbm_direct,DOWN,0.34,-2.15,38.5,0.000,-0.00,0.284,29
2026-06-01 02:05,XRPUSDT,FLAT,1.0000,cascade_v3.1,1.3231,1.3231,,,,,0.00902587,1.3654,1.2935,FLAT,0.7753,0,78,22,,,,,,flat_flat_high_conf,DOWN,0.17,-2.09,26.4,0.000,-0.00,0.289,29
2026-06-01 02:05,TRXUSDT,FLAT,1.0000,cascade_v3.1,0.350780,0.350780,,,,,0.00097965,0.377160,0.339110,FLAT,0.6476,11,65,24,,,,,,flat_flat_high_conf,UP,0.80,-1.40,72.1,0.000,-0.00,0.138,29
2026-06-01 02:05,TONUSDT,FLAT,1.0000,cascade_v3.1,1.9019,1.9019,,,,,0.032529,1.8076,1.7077,FLAT,0.6077,23,61,16,,,,,,flat_flat_high_conf,UP,0.60,-1.43,73.1,0.000,-0.00,0.171,29
2026-06-01 02:05,ETHUSDT,FLAT,1.0000,cascade_v3.1,1996.85,1996.85,,,,,12.2722,2037.55,1975.37,FLAT,0.6789,0,68,32,,,,,,flat_flat_high_conf,DOWN,0.15,-2.07,22.8,0.000,-0.00,0.362,29
2026-06-01 02:05,BNBUSDT,FLAT,1.0000,cascade_v3.1,698.1200,698.1200,,,,,8.2787,746.5900,631.1500,FLAT,0.9341,0,93,7,,,,,,flat_flat_high_conf,DOWN,0.09,-2.33,12.2,0.000,-0.00,0.163,29
2026-06-01 02:05,1000PEPEUSDT,FLAT,1.0000,cascade_v3.1,0.00338870,0.00338870,,,,,0.00003197,0.00346830,0.00330650,FLAT,0.4195,25,42,33,,,,,,flat_flat_high_conf,DOWN,0.38,-1.86,40.9,0.000,-0.00,0.315,29
2026-06-01 02:05,POLUSDT,FLAT,0.8478,cascade_v3.1,0.092340,0.092340,,,,,0.00059275,0.091950,0.089510,SHORT,0.513,51,41,7,,,0,25,74,lgbm_direct,UP,0.71,-1.65,62.4,0.000,-0.00,0.151,29
2026-06-01 02:05,NEARUSDT,FLAT,1.0000,cascade_v3.1,2.2700,2.2700,,,,,0.050124,2.6320,2.2690,FLAT,0.8324,9,83,8,,,,,,flat_flat_high_conf,DOWN,0.39,-1.92,40.5,0.000,-2.21,0.079,29
2026-06-01 02:05,AVAXUSDT,FLAT,1.0000,cascade_v3.1,8.9040,8.9040,,,,,0.082364,9.0810,8.6480,FLAT,0.4344,26,43,30,,,,,,flat_flat_high_conf,DOWN,0.39,-2.03,43.2,0.000,-0.00,0.277,29
2026-06-01 02:05,SUIUSDT,FLAT,1.0000,cascade_v3.1,0.883400,0.883400,,,,,0.011007,0.924600,0.890600,FLAT,0.5453,10,55,35,,,,,,flat_flat_high_conf,DOWN,0.50,-1.78,38.7,0.000,-0.00,0.169,29
2026-06-01 01:05,TAOUSDT,FLAT,1.0000,cascade_v3.1,256.4000,256.4000,,,,,2.8311,260.3000,245.3700,FLAT,0.763,9,76,14,,,,,,flat_flat_high_conf,UP,0.63,-0.88,68.3,0.000,-0.00,0.117,29
2026-06-01 01:05,DOTUSDT,FLAT,1.0000,cascade_v3.1,1.1930,1.1930,,,,,0.011397,1.2340,1.1760,FLAT,0.976,2,98,0,,,,,,flat_flat_high_conf,UP,0.80,-0.53,74.3,0.000,-0.00,0.154,29
2026-06-01 01:05,1000SHIBUSDT,FLAT,1.0000,cascade_v3.1,0.00553700,0.00553700,,,,,0.00003119,0.00556400,0.00527000,FLAT,0.9843,2,98,0,,,,,,flat_flat_high_conf,UP,0.86,-0.67,80.8,0.000,-0.00,0.172,29
2026-06-01 01:05,ADAUSDT,FLAT,1.0000,cascade_v3.1,0.236200,0.236200,,,,,0.00168746,0.238600,0.229600,FLAT,0.732,17,73,9,,,,,,flat_flat_high_conf,UP,0.65,-0.71,70.8,0.000,-0.00,0.171,29
2026-06-01 01:05,ONDOUSDT,FLAT,1.0000,cascade_v3.1,0.370000,0.370000,,,,,0.00581291,0.388600,0.341100,FLAT,0.9453,2,95,4,,,,,,flat_flat_high_conf,UP,0.70,-0.53,85.6,0.000,-0.00,0.161,29
2026-06-01 01:05,HBARUSDT,FLAT,1.0000,cascade_v3.1,0.095150,0.095150,,,,,0.00119387,0.109820,0.093650,FLAT,0.875,0,87,12,,,,,,flat_flat_high_conf,DOWN,0.19,-2.09,34.4,0.000,-0.00,0.304,29
2026-06-01 01:05,SOLUSDT,FLAT,1.0000,cascade_v3.1,82.6600,82.6600,,,,,0.531619,83.3700,80.3000,FLAT,0.9156,8,92,1,,,,,,flat_flat_high_conf,UP,0.66,-0.79,73.0,0.000,-0.00,0.129,29
2026-06-01 01:05,LINKUSDT,FLAT,1.0000,cascade_v3.1,9.1490,9.1490,,,,,0.068046,9.2980,8.7850,FLAT,0.7705,10,77,13,,,,,,flat_flat_high_conf,DOWN,0.53,-1.01,61.1,0.000,-0.00,0.110,29
2026-06-01 01:05,DOGEUSDT,FLAT,1.0000,cascade_v3.1,0.100810,0.100810,,,,,0.00062046,0.101770,0.097370,FLAT,0.9627,4,96,0,,,,,,flat_flat_high_conf,UP,0.77,-0.48,74.9,0.000,-0.00,0.120,29
2026-06-01 01:05,ARBUSDT,FLAT,1.0000,cascade_v3.1,0.103000,0.103000,,,,,0.00113356,0.106900,0.100400,FLAT,0.6616,25,66,9,,,,,,flat_flat_high_conf,UP,0.58,-1.24,59.9,0.000,-0.00,0.133,29
2026-06-01 01:05,XRPUSDT,FLAT,1.0000,cascade_v3.1,1.3351,1.3351,,,,,0.00780319,1.3654,1.2935,FLAT,0.6834,18,68,13,,,,,,flat_flat_high_conf,DOWN,0.58,-0.88,64.4,0.000,-0.00,0.097,29
2026-06-01 01:05,TRXUSDT,FLAT,1.0000,cascade_v3.1,0.352050,0.352050,,,,,0.00085446,0.377160,0.339110,FLAT,0.9991,0,100,0,,,,,,flat_flat_high_conf,UP,1.00,0.00,96.8,0.000,-0.00,0.084,29
2026-06-01 01:05,TONUSDT,FLAT,1.0000,cascade_v3.1,1.9327,1.9327,,,,,0.030532,1.8076,1.7077,FLAT,0.9907,1,99,0,,,,,,flat_flat_high_conf,UP,0.86,-0.51,84.0,0.000,-0.00,0.222,29
2026-06-01 01:05,ETHUSDT,FLAT,1.0000,cascade_v3.1,2010.72,2010.72,,,,,10.7466,2037.55,1975.37,FLAT,0.6473,16,65,19,,,,,,flat_flat_high_conf,DOWN,0.40,-1.07,58.5,0.000,-0.00,0.111,29
2026-06-01 01:05,BNBUSDT,LONG,0.7166,cascade_v3.1,710.2100,710.2100,746.5900,25.6,627.7784,58.0,6.7432,746.5900,631.1500,LONG,0.4666,18,36,47,,,10,30,60,lgbm_direct,DOWN,0.18,-1.07,29.2,0.000,-0.00,0.050,29
2026-06-01 01:05,1000PEPEUSDT,FLAT,1.0000,cascade_v3.1,0.00343060,0.00343060,,,,,0.00002840,0.00346830,0.00330650,FLAT,0.9265,7,93,0,,,,,,flat_flat_high_conf,UP,0.71,-0.62,73.2,0.000,-0.00,0.124,29
2026-06-01 01:05,POLUSDT,FLAT,1.0000,cascade_v3.1,0.092520,0.092520,,,,,0.00061296,0.091950,0.089510,FLAT,0.664,28,66,6,,,,,,flat_flat_high_conf,UP,0.77,-1.31,68.4,0.000,0.00,0.746,29
2026-06-01 01:05,NEARUSDT,FLAT,0.9990,cascade_v3.1,2.3130,2.3130,,,,,0.049590,2.6320,2.2690,SHORT,0.5209,52,48,0,,,1,15,84,lgbm_direct,UP,0.66,-1.07,60.4,0.000,-0.00,0.153,29
2026-06-01 01:05,AVAXUSDT,FLAT,1.0000,cascade_v3.1,9.0110,9.0110,,,,,0.071733,9.0810,8.6480,FLAT,0.9644,4,96,0,,,,,,flat_flat_high_conf,UP,0.76,-0.84,74.3,0.000,-0.00,0.131,29
2026-06-01 01:05,SUIUSDT,FLAT,1.0000,cascade_v3.1,0.895100,0.895100,,,,,0.010237,0.924600,0.890600,FLAT,0.9615,1,96,3,,,,,,flat_flat_high_conf,DOWN,0.63,-0.77,64.7,0.000,-1.33,0.073,29
2026-06-01 00:05,TAOUSDT,FLAT,1.0000,cascade_v3.1,256.3800,256.3800,,,,,2.8523,260.3000,245.3700,FLAT,0.7119,10,71,19,,,,,,flat_flat_high_conf,UP,0.63,-0.74,66.2,5.271,-0.00,0.184,29
2026-06-01 00:05,DOTUSDT,FLAT,1.0000,cascade_v3.1,1.1910,1.1910,,,,,0.011848,1.2340,1.1760,FLAT,0.9722,3,97,0,,,,,,flat_flat_high_conf,UP,0.76,-0.42,72.1,4.193,-0.00,0.217,29
2026-06-01 00:05,1000SHIBUSDT,FLAT,1.0000,cascade_v3.1,0.00552800,0.00552800,,,,,0.00003152,0.00554400,0.00527000,FLAT,0.986,1,99,0,,,,,,flat_flat_high_conf,UP,0.88,-0.48,78.4,3.202,-0.00,0.255,29
2026-06-01 00:05,ADAUSDT,FLAT,1.0000,cascade_v3.1,0.236100,0.236100,,,,,0.00168860,0.238600,0.229600,FLAT,0.8011,10,80,10,,,,,,flat_flat_high_conf,UP,0.64,-0.47,70.0,6.527,-0.00,0.264,29
2026-06-01 00:05,ONDOUSDT,FLAT,1.0000,cascade_v3.1,0.365500,0.365500,,,,,0.00542002,0.388600,0.341100,FLAT,0.7908,5,79,16,,,,,,flat_flat_high_conf,UP,0.38,-0.22,77.2,6.717,-0.00,0.109,29
2026-06-01 00:05,HBARUSDT,FLAT,1.0000,cascade_v3.1,0.096420,0.096420,,,,,0.00116277,0.109820,0.093650,FLAT,0.4733,25,47,28,,,,,,flat_flat_high_conf,UP,0.47,-1.06,55.4,-3.708,-0.00,0.151,29
2026-06-01 00:05,SOLUSDT,FLAT,1.0000,cascade_v3.1,82.6400,82.6400,,,,,0.532894,83.3700,80.3000,FLAT,0.9697,3,97,0,,,,,,flat_flat_high_conf,UP,0.65,-0.51,72.5,8.586,-0.00,0.336,29
2026-06-01 00:05,LINKUSDT,FLAT,1.0000,cascade_v3.1,9.1560,9.1560,,,,,0.069889,9.2980,8.7850,FLAT,0.737,12,74,14,,,,,,flat_flat_high_conf,DOWN,0.55,-0.89,63.8,4.743,-0.00,0.267,29
2026-06-01 00:05,DOGEUSDT,FLAT,1.0000,cascade_v3.1,0.100650,0.100650,,,,,0.00062454,0.101770,0.097370,FLAT,0.9617,4,96,0,,,,,,flat_flat_high_conf,UP,0.70,-0.56,71.4,8.499,-0.00,0.288,29
2026-06-01 00:05,ARBUSDT,FLAT,1.0000,cascade_v3.1,0.103900,0.103900,,,,,0.00119103,0.106900,0.100400,FLAT,0.9926,1,99,0,,,,,,flat_flat_high_conf,UP,0.76,-0.42,80.4,4.252,-0.00,0.241,29
2026-06-01 00:05,XRPUSDT,FLAT,1.0000,cascade_v3.1,1.3374,1.3374,,,,,0.00779034,1.3654,1.2935,FLAT,0.8188,8,82,11,,,,,,flat_flat_high_conf,DOWN,0.66,-0.59,70.6,16.225,-0.00,0.285,29
2026-06-01 00:05,TRXUSDT,FLAT,1.0000,cascade_v3.1,0.350940,0.350940,,,,,0.00088818,0.377160,0.339110,FLAT,0.9667,3,97,0,,,,,,flat_flat_high_conf,UP,0.90,-0.72,78.6,-16.496,-0.00,0.464,29
2026-06-01 00:05,TONUSDT,FLAT,1.0000,cascade_v3.1,1.8986,1.8986,,,,,0.026990,1.8076,1.7077,FLAT,0.8817,12,88,0,,,,,,flat_flat_high_conf,UP,0.71,-0.27,71.0,3.913,-0.00,0.098,29
2026-06-01 00:05,ETHUSDT,FLAT,1.0000,cascade_v3.1,2012.22,2012.22,,,,,10.7575,2037.55,1975.37,FLAT,0.6222,16,62,22,,,,,,flat_flat_high_conf,DOWN,0.43,-0.93,62.7,20.556,-0.00,0.309,29
2026-06-01 00:05,BNBUSDT,FLAT,1.0000,cascade_v3.1,711.0700,711.0700,,,,,6.6517,746.5900,631.1500,LONG,0.4249,23,34,42,,,,,,flat_below_thr,DOWN,0.20,-1.04,32.9,1.346,-0.00,0.047,29
2026-06-01 00:05,1000PEPEUSDT,FLAT,1.0000,cascade_v3.1,0.00343550,0.00343550,,,,,0.00002992,0.00346830,0.00330650,FLAT,0.9818,2,98,0,,,,,,flat_flat_high_conf,UP,0.75,-0.37,75.2,6.755,-0.00,0.161,29
2026-06-01 00:05,POLUSDT,FLAT,1.0000,cascade_v3.1,0.093130,0.093130,,,,,0.00060891,0.091950,0.089510,FLAT,0.9987,0,100,0,,,,,,flat_flat_high_conf,UP,0.94,-0.31,90.8,1.020,-0.00,0.182,29
2026-06-01 00:05,NEARUSDT,FLAT,1.0000,cascade_v3.1,2.3450,2.3450,,,,,0.050726,2.6320,2.2690,FLAT,0.9918,1,99,0,,,,,,flat_flat_high_conf,UP,0.92,-0.24,72.8,7.114,-0.00,0.113,29
2026-06-01 00:05,AVAXUSDT,FLAT,1.0000,cascade_v3.1,9.0080,9.0080,,,,,0.069712,9.0810,8.6480,FLAT,0.9781,2,98,0,,,,,,flat_flat_high_conf,UP,0.75,-0.29,73.7,5.263,-0.00,0.216,29
2026-06-01 00:05,SUIUSDT,FLAT,1.0000,cascade_v3.1,0.899900,0.899900,,,,,0.011119,0.924600,0.890600,FLAT,0.9618,1,96,3,,,,,,flat_flat_high_conf,DOWN,0.69,-0.28,73.7,8.217,-0.00,0.081,29
2026-05-31 23:05,TAOUSDT,FLAT,1.0000,cascade_v3.1,257.5300,257.5300,,,,,2.5569,291.3600,245.3700,FLAT,0.9623,4,96,0,,,,,,flat_flat_high_conf,UP,0.74,-0.38,70.8,0.000,-0.00,0.122,28
2026-05-31 23:05,DOTUSDT,FLAT,1.0000,cascade_v3.1,1.1930,1.1930,,,,,0.010952,1.2340,1.1760,FLAT,0.9895,1,99,0,,,,,,flat_flat_high_conf,UP,0.80,-0.27,71.9,0.000,-0.00,0.249,28
2026-05-31 23:05,1000SHIBUSDT,FLAT,1.0000,cascade_v3.1,0.00553200,0.00553200,,,,,0.00003093,0.00556400,0.00527000,FLAT,0.9976,0,100,0,,,,,,flat_flat_high_conf,UP,0.91,-0.36,77.8,-0.000,-0.00,0.240,28
2026-05-31 23:05,ADAUSDT,FLAT,1.0000,cascade_v3.1,0.236200,0.236200,,,,,0.00157916,0.239400,0.229600,FLAT,0.8296,6,83,11,,,,,,flat_flat_high_conf,UP,0.65,-0.44,68.0,0.000,-0.00,0.227,28
2026-05-31 23:05,ONDOUSDT,FLAT,1.0000,cascade_v3.1,0.365700,0.365700,,,,,0.00532566,0.388600,0.341100,FLAT,0.7773,4,78,18,,,,,,flat_flat_high_conf,UP,0.36,-0.19,75.1,0.000,-0.00,0.139,28
2026-05-31 23:05,HBARUSDT,FLAT,1.0000,cascade_v3.1,0.097080,0.097080,,,,,0.00116074,0.109820,0.093650,FLAT,0.5947,25,59,16,,,,,,flat_flat_high_conf,UP,0.61,-0.49,64.6,-0.000,-0.00,0.167,28
2026-05-31 23:05,SOLUSDT,FLAT,1.0000,cascade_v3.1,82.7100,82.7100,,,,,0.474467,83.3700,80.3000,FLAT,0.9899,1,99,0,,,,,,flat_flat_high_conf,UP,0.68,-0.42,70.4,0.000,-0.00,0.413,28
2026-05-31 23:05,LINKUSDT,FLAT,1.0000,cascade_v3.1,9.1890,9.1890,,,,,0.065513,9.2980,8.7850,FLAT,0.8602,2,86,12,,,,,,flat_flat_high_conf,UP,0.65,-0.44,66.6,-0.000,-0.00,0.316,28
2026-05-31 23:05,DOGEUSDT,FLAT,1.0000,cascade_v3.1,0.100740,0.100740,,,,,0.00057826,0.101770,0.097370,FLAT,0.9795,2,98,0,,,,,,flat_flat_high_conf,UP,0.74,-0.45,69.9,0.000,-0.00,0.411,28
2026-05-31 23:05,ARBUSDT,FLAT,1.0000,cascade_v3.1,0.104100,0.104100,,,,,0.00111991,0.106900,0.100400,FLAT,0.9977,0,100,0,,,,,,flat_flat_high_conf,UP,0.80,-0.27,79.9,0.000,-0.00,0.303,28
2026-05-31 23:05,XRPUSDT,FLAT,1.0000,cascade_v3.1,1.3387,1.3387,,,,,0.00687398,1.3654,1.2935,FLAT,0.7422,5,74,21,,,,,,flat_flat_high_conf,UP,0.70,-0.48,67.1,0.000,-0.00,0.327,28
2026-05-31 23:05,TRXUSDT,FLAT,1.0000,cascade_v3.1,0.350750,0.350750,,,,,0.00086000,0.377160,0.339110,FLAT,0.9889,1,99,0,,,,,,flat_flat_high_conf,UP,0.95,-0.35,93.9,0.000,-0.00,0.075,28
2026-05-31 23:05,TONUSDT,FLAT,1.0000,cascade_v3.1,1.8942,1.8942,,,,,0.029715,1.8076,1.7077,FLAT,0.8441,16,84,0,,,,,,flat_flat_high_conf,UP,0.74,-0.43,67.4,0.000,-0.00,0.139,28
2026-05-31 23:05,ETHUSDT,FLAT,1.0000,cascade_v3.1,2018.10,2018.10,,,,,9.2571,2037.55,1975.37,FLAT,0.7598,3,76,21,,,,,,flat_flat_high_conf,DOWN,0.56,-0.45,63.7,0.000,-0.00,0.528,28
2026-05-31 23:05,BNBUSDT,LONG,0.8396,cascade_v3.1,711.4300,711.4300,746.5900,24.7,627.7464,58.8,6.8073,746.5900,631.1500,LONG,0.5896,13,28,59,,,7,22,71,lgbm_direct,DOWN,0.21,-1.63,34.0,0.000,-0.00,0.050,28
2026-05-31 23:05,1000PEPEUSDT,FLAT,1.0000,cascade_v3.1,0.00343690,0.00343690,,,,,0.00002787,0.00346990,0.00330650,FLAT,0.99,1,99,0,,,,,,flat_flat_high_conf,UP,0.76,-0.34,73.0,0.000,-0.00,0.224,28
2026-05-31 23:05,POLUSDT,FLAT,1.0000,cascade_v3.1,0.093000,0.093000,,,,,0.00061633,0.091950,0.089510,FLAT,0.9988,0,100,0,,,,,,flat_flat_high_conf,UP,0.91,-0.52,89.9,0.000,-0.00,0.313,28
2026-05-31 23:05,NEARUSDT,FLAT,1.0000,cascade_v3.1,2.3500,2.3500,,,,,0.047710,2.6320,2.2690,FLAT,0.9948,1,99,0,,,,,,flat_flat_high_conf,UP,0.95,-0.15,71.3,0.000,-0.00,0.085,28
2026-05-31 23:05,AVAXUSDT,FLAT,1.0000,cascade_v3.1,9.0050,9.0050,,,,,0.065371,9.0450,8.6480,FLAT,0.9686,3,97,0,,,,,,flat_flat_high_conf,UP,0.74,-0.35,71.6,0.000,-0.00,0.413,28
2026-05-31 23:05,SUIUSDT,FLAT,1.0000,cascade_v3.1,0.899900,0.899900,,,,,0.010827,0.924600,0.890600,FLAT,0.9473,1,95,4,,,,,,flat_flat_high_conf,UP,0.69,-0.29,70.5,0.000,-0.00,0.108,28
2026-05-31 22:05,TAOUSDT,FLAT,1.0000,cascade_v3.1,254.6800,254.6800,,,,,2.5575,291.3600,245.3700,FLAT,0.5791,16,58,26,,,,,,flat_flat_high_conf,DOWN,0.47,-0.66,54.2,0.000,-0.00,0.169,28
2026-05-31 22:05,DOTUSDT,FLAT,1.0000,cascade_v3.1,1.1790,1.1790,,,,,0.010873,1.2340,1.1760,FLAT,0.9429,1,94,5,,,,,,flat_flat_high_conf,DOWN,0.50,-0.74,56.9,0.000,-1.08,0.308,28
2026-05-31 22:05,1000SHIBUSDT,FLAT,1.0000,cascade_v3.1,0.00548700,0.00548700,,,,,0.00002980,0.00556400,0.00527000,FLAT,0.6695,9,67,24,,,,,,flat_flat_high_conf,DOWN,0.58,-0.64,64.7,0.000,-0.00,0.206,28
2026-05-31 22:05,ADAUSDT,FLAT,1.0000,cascade_v3.1,0.234300,0.234300,,,,,0.00158416,0.239400,0.229600,FLAT,0.4176,24,42,35,,,,,,flat_flat_high_conf,DOWN,0.38,-0.76,50.2,0.000,-0.00,0.233,28
2026-05-31 22:05,ONDOUSDT,FLAT,1.0000,cascade_v3.1,0.361400,0.361400,,,,,0.00557269,0.388600,0.341100,FLAT,0.4658,13,47,41,,,,,,flat_flat_high_conf,DOWN,0.24,-0.74,61.9,0.000,-0.00,0.106,28
2026-05-31 22:05,HBARUSDT,FLAT,1.0000,cascade_v3.1,0.096200,0.096200,,,,,0.00115941,0.109820,0.093650,FLAT,0.5243,26,52,22,,,,,,flat_flat_high_conf,DOWN,0.45,-0.47,55.0,0.000,-0.00,0.081,28
2026-05-31 22:05,SOLUSDT,FLAT,1.0000,cascade_v3.1,82.0500,82.0500,,,,,0.449308,83.3700,80.3000,FLAT,0.5784,4,58,38,,,,,,flat_flat_high_conf,DOWN,0.37,-0.85,53.0,0.000,-0.00,0.413,28
2026-05-31 22:05,LINKUSDT,FLAT,1.0000,cascade_v3.1,9.1070,9.1070,,,,,0.063572,9.2980,8.7850,FLAT,0.5019,5,50,45,,,,,,flat_flat_high_conf,DOWN,0.39,-0.68,50.5,0.000,-0.00,0.177,28
2026-05-31 22:05,DOGEUSDT,FLAT,1.0000,cascade_v3.1,0.100110,0.100110,,,,,0.00055666,0.101770,0.097370,FLAT,0.5455,12,55,33,,,,,,flat_flat_high_conf,DOWN,0.48,-0.66,55.1,0.000,-0.00,0.180,28
2026-05-31 22:05,ARBUSDT,FLAT,1.0000,cascade_v3.1,0.102300,0.102300,,,,,0.00106041,0.106900,0.100400,FLAT,0.8914,10,89,1,,,,,,flat_flat_high_conf,DOWN,0.44,-0.75,62.3,0.000,-0.00,0.184,28
2026-05-31 22:05,XRPUSDT,FLAT,1.0000,cascade_v3.1,1.3322,1.3322,,,,,0.00672742,1.3654,1.2935,FLAT,0.4935,13,49,37,,,,,,flat_flat_high_conf,DOWN,0.48,-0.68,53.2,0.000,-0.00,0.226,28
2026-05-31 22:05,TRXUSDT,FLAT,1.0000,cascade_v3.1,0.350410,0.350410,,,,,0.00088277,0.377160,0.339110,FLAT,0.967,3,97,0,,,,,,flat_flat_high_conf,UP,0.89,-0.72,92.8,0.000,-0.00,0.091,28
2026-05-31 22:05,TONUSDT,FLAT,1.0000,cascade_v3.1,1.8795,1.8795,,,,,0.030919,1.8076,1.7077,FLAT,0.4627,28,46,26,,,,,,flat_flat_high_conf,UP,0.62,-1.35,58.1,0.000,-0.00,0.073,28
2026-05-31 22:05,ETHUSDT,FLAT,1.0000,cascade_v3.1,2005.81,2005.81,,,,,9.0217,2037.55,1975.37,FLAT,0.581,4,58,38,,,,,,flat_flat_high_conf,DOWN,0.29,-0.95,40.2,0.000,-0.00,0.263,28
2026-05-31 22:05,BNBUSDT,FLAT,1.0000,cascade_v3.1,708.9900,708.9900,,,,,7.0794,746.5900,631.1500,FLAT,0.7267,0,73,27,,,,,,flat_flat_high_conf,DOWN,0.15,-2.36,21.0,0.000,-0.00,0.053,28
2026-05-31 22:05,1000PEPEUSDT,FLAT,1.0000,cascade_v3.1,0.00340370,0.00340370,,,,,0.00002791,0.00346990,0.00330650,FLAT,0.6082,12,61,27,,,,,,flat_flat_high_conf,DOWN,0.50,-0.76,60.7,0.000,-0.00,0.188,28
2026-05-31 22:05,POLUSDT,FLAT,1.0000,cascade_v3.1,0.092890,0.092890,,,,,0.00059986,0.091950,0.089510,FLAT,0.9995,0,100,0,,,,,,flat_flat_high_conf,UP,0.95,-0.28,89.5,-0.000,0.00,0.437,28
2026-05-31 22:05,NEARUSDT,FLAT,1.0000,cascade_v3.1,2.2880,2.2880,,,,,0.049347,2.6320,2.2690,FLAT,0.7845,1,78,21,,,,,,flat_flat_high_conf,DOWN,0.55,-1.30,55.7,0.000,-2.46,0.209,28
2026-05-31 22:05,AVAXUSDT,FLAT,1.0000,cascade_v3.1,8.9120,8.9120,,,,,0.063694,9.0450,8.6480,FLAT,0.6373,6,64,31,,,,,,flat_flat_high_conf,DOWN,0.42,-0.66,54.9,0.000,-0.00,0.202,28
2026-05-31 22:05,SUIUSDT,FLAT,1.0000,cascade_v3.1,0.889500,0.889500,,,,,0.011038,0.924600,0.890600,FLAT,0.9429,1,94,5,,,,,,flat_flat_high_conf,DOWN,0.55,-0.77,57.6,0.000,-1.31,0.098,28
2026-05-31 21:05,TAOUSDT,LONG,0.9501,cascade_v3.1,253.6500,253.6500,291.3600,74.3,244.2079,18.6,2.3242,291.3600,245.3700,LONG,0.7001,13,17,70,,,8,9,83,lgbm_direct,DOWN,0.37,-1.45,42.8,0.000,-0.00,0.029,28
2026-05-31 21:05,DOTUSDT,FLAT,1.0000,cascade_v3.1,1.1730,1.1730,,,,,0.00954088,1.2340,1.1760,FLAT,0.6957,1,70,29,,,,,,flat_flat_high_conf,DOWN,0.37,-1.57,44.3,-0.000,-1.28,0.065,28
2026-05-31 21:05,1000SHIBUSDT,LONG,0.8544,cascade_v3.1,0.00546200,0.00546200,0.00556400,9.3,0.00525676,18.8,0.00002649,0.00556400,0.00527000,LONG,0.6044,15,25,60,,,3,27,71,lgbm_direct,DOWN,0.39,-1.89,47.3,0.000,0.00,0.206,28
2026-05-31 21:05,ADAUSDT,LONG,0.9150,cascade_v3.1,0.233600,0.233600,0.239400,12.4,0.228894,10.1,0.00141249,0.239400,0.229600,LONG,0.665,8,25,66,,,0,6,94,lgbm_direct,DOWN,0.28,-2.34,38.2,0.000,-0.00,0.083,28
2026-05-31 21:05,ONDOUSDT,LONG,0.7670,cascade_v3.1,0.361900,0.361900,0.388600,36.9,0.338322,32.6,0.00555515,0.388600,0.341100,LONG,0.517,14,34,52,,,1,30,69,lgbm_direct,DOWN,0.25,-0.29,64.2,0.000,-0.00,0.031,28
2026-05-31 21:05,HBARUSDT,FLAT,1.0000,cascade_v3.1,0.096470,0.096470,,,,,0.00117758,0.109820,0.093650,FLAT,0.5831,16,58,26,,,,,,flat_flat_high_conf,DOWN,0.50,-0.82,58.1,0.000,-0.00,0.034,28
2026-05-31 21:05,SOLUSDT,LONG,0.8402,cascade_v3.1,81.8900,81.8900,83.3700,9.0,80.1014,10.9,0.397202,83.3700,80.3000,LONG,0.5902,4,37,59,,,0,6,94,lgbm_direct,DOWN,0.29,-2.11,43.7,0.000,-0.00,0.086,28
2026-05-31 21:05,LINKUSDT,LONG,0.7715,cascade_v3.1,9.0880,9.0880,9.2980,11.6,8.7551,18.3,0.059814,9.2980,8.7850,LONG,0.5215,8,40,52,,,0,6,94,lgbm_direct,DOWN,0.33,-2.09,43.8,0.000,-0.00,0.048,28
2026-05-31 21:05,DOGEUSDT,LONG,0.9717,cascade_v3.1,0.099790,0.099790,0.101770,9.9,0.097132,13.3,0.00047604,0.101770,0.097370,LONG,0.7217,11,17,72,,,0,5,94,lgbm_direct,DOWN,0.35,-2.25,39.5,0.000,-0.00,0.057,28
2026-05-31 21:05,ARBUSDT,LONG,0.9640,cascade_v3.1,0.101600,0.101600,0.106900,26.1,0.099936,8.2,0.00092714,0.106900,0.100400,LONG,0.714,7,21,71,,,2,30,67,lgbm_direct,DOWN,0.30,-0.97,46.9,0.000,-0.00,0.048,28
2026-05-31 21:05,XRPUSDT,LONG,1.0000,cascade_v3.1,1.3298,1.3298,1.3654,13.4,1.2904,14.8,0.00626394,1.3654,1.2935,LONG,0.7713,8,15,77,,,0,7,92,lgbm_direct,DOWN,0.37,-2.14,44.1,0.000,-0.00,0.046,28
2026-05-31 21:05,TRXUSDT,FLAT,1.0000,cascade_v3.1,0.349960,0.349960,,,,,0.00083888,0.377160,0.339110,FLAT,0.8994,10,90,0,,,,,,flat_flat_high_conf,UP,0.89,-0.37,89.2,0.000,-0.00,0.085,28
2026-05-31 21:05,TONUSDT,FLAT,1.0000,cascade_v3.1,1.8695,1.8695,,,,,0.028434,1.8076,1.7077,FLAT,0.4142,20,41,39,,,,,,flat_flat_high_conf,UP,0.54,-1.82,48.0,0.000,-0.00,0.017,28
2026-05-31 21:05,ETHUSDT,LONG,0.9487,cascade_v3.1,2005.13,2005.13,2037.55,8.1,1971.38,8.4,7.9811,2037.55,1975.37,LONG,0.6986,3,27,70,,,0,4,96,lgbm_direct,DOWN,0.27,-1.95,38.4,-0.000,-0.00,0.058,28
2026-05-31 21:05,BNBUSDT,FLAT,1.0000,cascade_v3.1,708.9400,708.9400,,,,,7.1447,746.5900,631.1500,FLAT,0.8437,0,84,16,,,,,,flat_flat_high_conf,DOWN,0.15,-3.09,20.8,0.000,-0.00,0.025,28
2026-05-31 21:05,1000PEPEUSDT,LONG,0.9386,cascade_v3.1,0.00338190,0.00338190,0.00346990,13.0,0.00329450,12.9,0.00002399,0.00346990,0.00330650,LONG,0.6886,7,24,69,,,6,20,74,lgbm_direct,DOWN,0.33,-2.01,41.8,0.000,-0.00,0.050,28
2026-05-31 21:05,POLUSDT,FLAT,1.0000,cascade_v3.1,0.092070,0.092070,,,,,0.00053318,0.091950,0.089510,FLAT,0.9981,0,100,0,,,,,,flat_flat_high_conf,UP,0.93,-0.34,84.4,0.000,1.15,0.232,28
2026-05-31 21:05,NEARUSDT,FLAT,1.0000,cascade_v3.1,2.2570,2.2570,,,,,0.038950,2.6320,2.2690,FLAT,0.776,1,78,22,,,,,,flat_flat_high_conf,DOWN,0.34,-2.44,38.4,0.000,-2.71,0.018,28
2026-05-31 21:05,AVAXUSDT,LONG,0.8535,cascade_v3.1,8.8840,8.8840,9.0450,9.1,8.6191,14.9,0.057822,9.0450,8.6480,LONG,0.6035,5,34,60,,,1,16,84,lgbm_direct,DOWN,0.32,-2.11,45.9,0.000,-0.00,0.082,28
2026-05-31 21:05,SUIUSDT,LONG,1.0000,cascade_v3.1,0.881400,0.881400,0.900780,11.0,0.867636,7.8,0.00946976,0.924600,0.890600,LONG,0.8114,4,15,81,,,2,11,87,lgbm_direct,DOWN,0.45,-2.15,36.8,-0.000,-0.00,0.026,28
2026-05-31 20:05,TAOUSDT,FLAT,1.0000,cascade_v3.1,253.0500,253.0500,,,,,2.5124,291.3600,245.3700,SHORT,0.4289,43,28,29,,,,,,flat_below_thr,DOWN,0.32,-2.20,34.0,10.552,-0.00,0.065,28
2026-05-31 20:05,DOTUSDT,FLAT,1.0000,cascade_v3.1,1.1660,1.1660,,,,,0.00974717,1.2340,1.1760,FLAT,0.8065,0,81,19,,,,,,flat_flat_high_conf,DOWN,0.21,-3.28,15.2,6.831,-0.00,0.160,28
2026-05-31 20:05,1000SHIBUSDT,LONG,0.7395,cascade_v3.1,0.00544400,0.00544400,0.00556400,11.0,0.00525584,17.3,0.00002833,0.00556400,0.00527000,LONG,0.4895,21,30,49,,,0,9,91,lgbm_direct,DOWN,0.26,-3.14,20.8,2.409,-0.00,0.236,28
2026-05-31 20:05,ADAUSDT,FLAT,1.0000,cascade_v3.1,0.233000,0.233000,,,,,0.00148825,0.239400,0.229600,FLAT,0.837,0,84,16,,,,,,flat_flat_high_conf,DOWN,0.19,-3.29,25.2,15.015,-0.00,0.093,28
2026-05-31 20:05,ONDOUSDT,FLAT,1.0000,cascade_v3.1,0.358800,0.358800,,,,,0.00560467,0.388600,0.341100,FLAT,0.7752,0,78,22,,,,,,flat_flat_high_conf,DOWN,0.16,-0.66,43.3,14.712,-0.00,0.053,28
2026-05-31 20:05,HBARUSDT,FLAT,1.0000,cascade_v3.1,0.095730,0.095730,,,,,0.00121372,0.109820,0.093650,FLAT,0.5325,17,53,29,,,,,,flat_flat_high_conf,DOWN,0.37,-2.95,46.5,6.116,-0.00,0.069,28
2026-05-31 20:05,SOLUSDT,FLAT,1.0000,cascade_v3.1,81.6000,81.6000,,,,,0.405181,83.3700,80.3000,FLAT,0.8657,0,87,13,,,,,,flat_flat_high_conf,DOWN,0.15,-3.68,18.6,8.603,-0.00,0.114,28
2026-05-31 20:05,LINKUSDT,FLAT,1.0000,cascade_v3.1,9.0450,9.0450,,,,,0.061129,9.2980,8.7850,FLAT,0.8567,0,86,14,,,,,,flat_flat_high_conf,DOWN,0.19,-3.55,22.3,10.745,-0.00,0.082,28
2026-05-31 20:05,DOGEUSDT,FLAT,1.0000,cascade_v3.1,0.099540,0.099540,,,,,0.00049841,0.101770,0.097370,FLAT,0.7479,0,75,25,,,,,,flat_flat_high_conf,DOWN,0.23,-3.27,19.0,6.132,-0.00,0.146,28
2026-05-31 20:05,ARBUSDT,LONG,0.9103,cascade_v3.1,0.101400,0.101400,0.106900,27.1,0.099907,7.4,0.00098568,0.106900,0.100400,LONG,0.6603,11,23,66,,,0,8,92,lgbm_direct,DOWN,0.26,-2.13,33.2,23.133,-0.00,0.099,28
2026-05-31 20:05,XRPUSDT,FLAT,0.5051,cascade_v3.1,1.3274,1.3274,,,,,0.00671481,1.3654,1.2935,SHORT,0.5088,51,24,25,,,0,5,95,lgbm_direct,DOWN,0.28,-3.01,31.2,13.382,-0.00,0.117,28
2026-05-31 20:05,TRXUSDT,FLAT,1.0000,cascade_v3.1,0.350170,0.350170,,,,,0.00089984,0.377160,0.339110,FLAT,0.9372,6,94,0,,,,,,flat_flat_high_conf,UP,0.93,-0.11,91.6,1.112,-0.00,0.135,28
2026-05-31 20:05,TONUSDT,FLAT,1.0000,cascade_v3.1,1.8656,1.8656,,,,,0.031559,1.8076,1.7077,FLAT,0.4894,31,49,20,,,,,,flat_flat_high_conf,UP,0.51,-1.76,42.6,7.199,-0.00,0.079,28
2026-05-31 20:05,ETHUSDT,FLAT,1.0000,cascade_v3.1,2001.05,2001.05,,,,,8.1587,2037.55,1975.37,FLAT,0.8096,0,81,19,,,,,,flat_flat_high_conf,DOWN,0.18,-3.02,21.2,14.739,-0.00,0.095,28
2026-05-31 20:05,BNBUSDT,FLAT,1.0000,cascade_v3.1,709.7900,709.7900,,,,,7.8775,746.5900,631.1500,FLAT,0.9118,0,91,9,,,,,,flat_flat_high_conf,DOWN,0.17,-3.12,25.3,4.394,-0.00,0.056,28
2026-05-31 20:05,1000PEPEUSDT,FLAT,0.5193,cascade_v3.1,0.00337180,0.00337180,,,,,0.00002540,0.00346990,0.00330650,SHORT,0.5176,52,23,25,,,1,11,88,lgbm_direct,DOWN,0.25,-2.91,26.2,12.949,-0.00,0.114,28
2026-05-31 20:05,POLUSDT,FLAT,1.0000,cascade_v3.1,0.091990,0.091990,,,,,0.00054946,0.091950,0.089510,FLAT,0.9983,0,100,0,,,,,,flat_flat_high_conf,UP,0.91,-0.47,82.1,6.392,-0.96,1.626,28
2026-05-31 20:05,NEARUSDT,FLAT,1.0000,cascade_v3.1,2.2470,2.2470,,,,,0.043506,2.6320,2.2690,FLAT,0.7366,0,74,26,,,,,,flat_flat_high_conf,DOWN,0.27,-2.41,30.6,3.093,-0.00,0.106,28
2026-05-31 20:05,AVAXUSDT,FLAT,1.0000,cascade_v3.1,8.8450,8.8450,,,,,0.060051,9.0450,8.6480,FLAT,0.8107,0,81,19,,,,,,flat_flat_high_conf,DOWN,0.19,-3.35,23.8,11.976,-0.00,0.128,28
2026-05-31 20:05,SUIUSDT,LONG,0.9144,cascade_v3.1,0.877300,0.877300,0.898142,11.9,0.862436,8.5,0.010202,0.924600,0.890600,LONG,0.6644,16,17,66,,,0,8,92,lgbm_direct,DOWN,0.40,-2.85,14.4,9.615,-0.00,0.041,28
2026-05-31 19:05,TAOUSDT,FLAT,1.0000,cascade_v3.1,251.9400,251.9400,,,,,2.5178,291.3600,245.3700,FLAT,0.8675,0,87,13,,,,,,flat_flat_high_conf,DOWN,0.21,-3.02,21.2,0.000,0.00,0.380,28
2026-05-31 19:05,DOTUSDT,FLAT,1.0000,cascade_v3.1,1.1630,1.1630,,,,,0.00967750,1.2340,1.1760,FLAT,0.9714,0,97,3,,,,,,flat_flat_high_conf,DOWN,0.11,-3.62,7.7,0.000,-0.00,0.100,28
2026-05-31 19:05,1000SHIBUSDT,FLAT,1.0000,cascade_v3.1,0.00543900,0.00543900,,,,,0.00002861,0.00556400,0.00527000,FLAT,0.7599,0,76,24,,,,,,flat_flat_high_conf,DOWN,0.22,-3.29,17.2,0.000,-0.00,0.095,28
2026-05-31 19:05,ADAUSDT,FLAT,1.0000,cascade_v3.1,0.232900,0.232900,,,,,0.00146286,0.239400,0.229600,FLAT,0.9323,0,93,7,,,,,,flat_flat_high_conf,DOWN,0.17,-3.42,11.2,0.000,-0.00,0.072,28
2026-05-31 19:05,ONDOUSDT,FLAT,1.0000,cascade_v3.1,0.358100,0.358100,,,,,0.00576846,0.452500,0.341100,FLAT,0.7055,0,71,29,,,,,,flat_flat_high_conf,DOWN,0.14,-0.76,29.8,0.000,-0.00,0.015,28
2026-05-31 19:05,HBARUSDT,FLAT,1.0000,cascade_v3.1,0.095230,0.095230,,,,,0.00127799,0.109820,0.081700,FLAT,0.5794,19,58,23,,,,,,flat_flat_high_conf,DOWN,0.28,-3.19,36.4,0.000,-0.00,0.024,28
2026-05-31 19:05,SOLUSDT,FLAT,1.0000,cascade_v3.1,81.6500,81.6500,,,,,0.394491,83.2300,80.3000,FLAT,0.9079,0,91,9,,,,,,flat_flat_high_conf,DOWN,0.14,-3.65,11.2,0.000,-0.00,0.063,28
2026-05-31 19:05,LINKUSDT,FLAT,1.0000,cascade_v3.1,9.0180,9.0180,,,,,0.063507,9.3100,8.7850,FLAT,0.9907,0,99,1,,,,,,flat_flat_high_conf,DOWN,0.03,-3.84,10.5,0.000,0.00,0.969,28
2026-05-31 19:05,DOGEUSDT,FLAT,1.0000,cascade_v3.1,0.099410,0.099410,,,,,0.00050606,0.101770,0.097370,FLAT,0.9286,0,93,7,,,,,,flat_flat_high_conf,DOWN,0.18,-3.48,12.1,0.000,-0.00,0.056,28
2026-05-31 19:05,ARBUSDT,FLAT,1.0000,cascade_v3.1,0.100900,0.100900,,,,,0.00099373,0.106900,0.100400,FLAT,0.6638,0,66,34,,,,,,flat_flat_high_conf,DOWN,0.16,-2.62,9.5,-0.000,-0.00,0.253,28
2026-05-31 19:05,XRPUSDT,FLAT,1.0000,cascade_v3.1,1.3251,1.3251,,,,,0.00663093,1.3654,1.2935,FLAT,0.8822,0,88,12,,,,,,flat_flat_high_conf,DOWN,0.21,-3.39,17.2,0.000,-0.00,0.072,28
2026-05-31 19:05,TRXUSDT,FLAT,1.0000,cascade_v3.1,0.349340,0.349340,,,,,0.00093120,0.377160,0.339110,FLAT,0.4563,19,46,35,,,,,,flat_flat_high_conf,UP,0.78,-0.47,87.1,0.000,-0.00,0.181,28
2026-05-31 19:05,TONUSDT,FLAT,1.0000,cascade_v3.1,1.8458,1.8458,,,,,0.032126,1.8076,1.7077,FLAT,0.4422,42,44,13,,,,,,flat_flat_high_conf,UP,0.34,-2.46,28.1,0.000,-0.00,0.037,28
2026-05-31 19:05,ETHUSDT,FLAT,1.0000,cascade_v3.1,1999.35,1999.35,,,,,7.9674,2046.00,1975.37,FLAT,0.9786,0,98,2,,,,,,flat_flat_high_conf,DOWN,0.09,-3.31,6.6,0.000,-0.00,0.046,28
2026-05-31 19:05,BNBUSDT,FLAT,1.0000,cascade_v3.1,709.5000,709.5000,,,,,8.3343,660.4400,631.1500,FLAT,0.9715,0,97,3,,,,,,flat_flat_high_conf,DOWN,0.17,-2.98,21.4,0.000,-0.00,0.013,28
2026-05-31 19:05,1000PEPEUSDT,FLAT,1.0000,cascade_v3.1,0.00336780,0.00336780,,,,,0.00002531,0.00346990,0.00330650,FLAT,0.807,0,81,19,,,,,,flat_flat_high_conf,DOWN,0.22,-3.08,13.6,0.000,-0.00,0.126,28
2026-05-31 19:05,POLUSDT,FLAT,1.0000,cascade_v3.1,0.091080,0.091080,,,,,0.00046487,0.091950,0.089510,FLAT,0.9632,4,96,0,,,,,,flat_flat_high_conf,UP,0.96,-0.11,68.7,0.000,-0.00,0.089,28
2026-05-31 19:05,NEARUSDT,FLAT,1.0000,cascade_v3.1,2.2310,2.2310,,,,,0.044045,2.6320,2.2230,FLAT,0.9737,0,97,3,,,,,,flat_flat_high_conf,DOWN,0.06,-2.75,24.6,0.000,-2.64,0.053,28
2026-05-31 19:05,AVAXUSDT,FLAT,1.0000,cascade_v3.1,8.8350,8.8350,,,,,0.060530,9.0450,8.6480,FLAT,0.9629,0,96,4,,,,,,flat_flat_high_conf,DOWN,0.11,-3.49,12.0,0.000,-0.00,0.484,28
2026-05-31 19:05,SUIUSDT,LONG,0.9360,cascade_v3.1,0.877600,0.877600,0.899045,12.2,0.862284,8.7,0.010503,1.0632,0.890600,LONG,0.686,10,22,69,,,0,11,88,lgbm_direct,DOWN,0.40,-2.74,5.2,0.000,-0.00,0.073,28
2026-05-31 18:05,TAOUSDT,FLAT,1.0000,cascade_v3.1,252.4900,252.4900,,,,,2.6846,291.3600,245.3700,FLAT,0.9247,0,92,7,,,,,,flat_flat_high_conf,DOWN,0.27,-2.63,23.3,-0.000,-0.00,0.048,28
2026-05-31 18:05,DOTUSDT,FLAT,1.0000,cascade_v3.1,1.1640,1.1640,,,,,0.010130,1.2340,1.1760,FLAT,0.9631,0,96,4,,,,,,flat_flat_high_conf,DOWN,0.13,-3.36,8.0,0.000,-0.00,0.096,28
2026-05-31 18:05,1000SHIBUSDT,FLAT,1.0000,cascade_v3.1,0.00544000,0.00544000,,,,,0.00003039,0.00556400,0.00527000,FLAT,0.9496,0,95,5,,,,,,flat_flat_high_conf,DOWN,0.23,-3.06,17.2,0.000,-0.00,0.108,28
2026-05-31 18:05,ADAUSDT,FLAT,1.0000,cascade_v3.1,0.232900,0.232900,,,,,0.00157099,0.239400,0.229600,FLAT,0.9531,0,95,5,,,,,,flat_flat_high_conf,DOWN,0.17,-3.18,11.2,0.000,-0.00,0.102,28
2026-05-31 18:05,ONDOUSDT,FLAT,1.0000,cascade_v3.1,0.358000,0.358000,,,,,0.00612463,0.452500,0.341100,FLAT,0.6348,0,63,36,,,,,,flat_flat_high_conf,DOWN,0.17,-1.52,29.8,0.000,-0.00,0.021,28
2026-05-31 18:05,HBARUSDT,FLAT,1.0000,cascade_v3.1,0.095250,0.095250,,,,,0.00141491,0.109820,0.081700,FLAT,0.805,0,80,19,,,,,,flat_flat_high_conf,DOWN,0.28,-2.87,37.2,0.000,-0.00,0.019,28
2026-05-31 18:05,SOLUSDT,FLAT,1.0000,cascade_v3.1,81.6900,81.6900,,,,,0.423182,83.2300,80.3000,FLAT,0.9503,0,95,5,,,,,,flat_flat_high_conf,DOWN,0.16,-3.31,11.7,0.000,-0.00,0.099,28
2026-05-31 18:05,LINKUSDT,FLAT,1.0000,cascade_v3.1,9.0440,9.0440,,,,,0.064693,9.3100,8.7850,FLAT,0.9774,0,98,2,,,,,,flat_flat_high_conf,DOWN,0.12,-3.37,12.3,0.000,-0.00,0.072,28
2026-05-31 18:05,DOGEUSDT,FLAT,1.0000,cascade_v3.1,0.099360,0.099360,,,,,0.00053622,0.101770,0.097370,FLAT,0.9568,0,96,4,,,,,,flat_flat_high_conf,DOWN,0.16,-3.38,11.6,0.000,-0.00,0.072,28
2026-05-31 18:05,ARBUSDT,LONG,0.9417,cascade_v3.1,0.101600,0.101600,0.106900,26.1,0.099898,8.4,0.00100302,0.106900,0.100400,LONG,0.6917,5,26,69,,,0,9,91,lgbm_direct,DOWN,0.30,-1.89,32.2,0.000,-0.00,0.184,28
2026-05-31 18:05,XRPUSDT,FLAT,1.0000,cascade_v3.1,1.3285,1.3285,,,,,0.00686441,1.3654,1.2935,FLAT,0.5195,27,52,21,,,,,,flat_flat_high_conf,DOWN,0.32,-2.78,21.6,0.000,-0.00,0.065,28
2026-05-31 18:05,TRXUSDT,FLAT,1.0000,cascade_v3.1,0.349220,0.349220,,,,,0.00092544,0.377160,0.339110,FLAT,0.5117,11,51,38,,,,,,flat_flat_high_conf,UP,0.76,-0.45,86.0,0.000,-0.00,0.236,28
2026-05-31 18:05,TONUSDT,FLAT,1.0000,cascade_v3.1,1.8608,1.8608,,,,,0.033866,1.8076,1.7077,FLAT,0.6765,18,68,15,,,,,,flat_flat_high_conf,UP,0.47,-1.89,35.1,0.000,-0.00,0.078,28
2026-05-31 18:05,ETHUSDT,FLAT,1.0000,cascade_v3.1,2001.75,2001.75,,,,,8.4206,2046.00,1975.37,FLAT,0.9691,0,97,3,,,,,,flat_flat_high_conf,DOWN,0.15,-2.84,7.5,0.000,-0.00,0.113,28
2026-05-31 18:05,BNBUSDT,FLAT,1.0000,cascade_v3.1,712.3800,712.3800,,,,,8.9839,660.4400,631.1500,FLAT,0.9355,0,94,6,,,,,,flat_flat_high_conf,DOWN,0.23,-2.44,24.7,0.000,-0.00,0.047,28
2026-05-31 18:05,1000PEPEUSDT,FLAT,1.0000,cascade_v3.1,0.00337050,0.00337050,,,,,0.00002652,0.00346990,0.00330650,FLAT,0.8776,0,88,12,,,,,,flat_flat_high_conf,DOWN,0.24,-2.84,14.3,0.000,-0.00,0.094,28
2026-05-31 18:05,POLUSDT,FLAT,1.0000,cascade_v3.1,0.090720,0.090720,,,,,0.00046879,0.091950,0.089510,FLAT,0.9195,8,92,0,,,,,,flat_flat_high_conf,UP,0.74,-0.90,59.0,0.000,-0.00,0.078,28
2026-05-31 18:05,NEARUSDT,FLAT,1.0000,cascade_v3.1,2.2670,2.2670,,,,,0.043909,2.6320,2.2230,FLAT,0.7111,0,71,29,,,,,,flat_flat_high_conf,DOWN,0.34,-1.94,33.7,0.000,-0.00,0.040,28
2026-05-31 18:05,AVAXUSDT,FLAT,1.0000,cascade_v3.1,8.8490,8.8490,,,,,0.062325,9.0450,8.6480,FLAT,0.9656,0,97,3,,,,,,flat_flat_high_conf,DOWN,0.16,-3.16,13.4,0.000,-0.00,0.091,28
2026-05-31 18:05,SUIUSDT,FLAT,1.0000,cascade_v3.1,0.874100,0.874100,,,,,0.011213,1.0632,0.890600,FLAT,0.5496,9,55,36,,,,,,flat_flat_high_conf,DOWN,0.36,-2.90,4.3,0.000,-0.00,0.063,28
2026-05-31 17:05,TAOUSDT,FLAT,1.0000,cascade_v3.1,251.1700,251.1700,,,,,2.7359,291.3600,245.3700,FLAT,0.9837,0,98,2,,,,,,flat_flat_high_conf,DOWN,0.14,-3.06,18.9,0.000,-0.00,0.275,28
2026-05-31 17:05,DOTUSDT,FLAT,1.0000,cascade_v3.1,1.1630,1.1630,,,,,0.010274,1.2340,1.1760,FLAT,0.9889,0,99,1,,,,,,flat_flat_high_conf,DOWN,0.05,-3.41,7.7,0.000,-0.00,0.117,28
2026-05-31 17:05,1000SHIBUSDT,FLAT,1.0000,cascade_v3.1,0.00541500,0.00541500,,,,,0.00003013,0.00556400,0.00527000,FLAT,0.9883,0,99,1,,,,,,flat_flat_high_conf,DOWN,0.04,-3.92,12.3,0.000,-0.00,0.143,28
2026-05-31 17:05,ADAUSDT,FLAT,1.0000,cascade_v3.1,0.232600,0.232600,,,,,0.00155832,0.239400,0.229600,FLAT,0.9892,0,99,1,,,,,,flat_flat_high_conf,DOWN,0.08,-3.40,10.5,0.000,-0.00,0.125,28
2026-05-31 17:05,ONDOUSDT,FLAT,1.0000,cascade_v3.1,0.355100,0.355100,,,,,0.00660637,0.452500,0.341100,FLAT,0.6465,16,65,20,,,,,,flat_flat_high_conf,DOWN,0.25,-1.85,21.1,0.000,-0.00,0.078,28
2026-05-31 17:05,HBARUSDT,FLAT,1.0000,cascade_v3.1,0.094690,0.094690,,,,,0.00149105,0.109820,0.081700,FLAT,0.9444,0,94,6,,,,,,flat_flat_high_conf,DOWN,0.18,-3.10,27.4,0.000,-0.00,0.041,28
2026-05-31 17:05,SOLUSDT,FLAT,1.0000,cascade_v3.1,81.5100,81.5100,,,,,0.420800,83.2300,80.3000,FLAT,0.9928,0,99,1,,,,,,flat_flat_high_conf,DOWN,0.07,-3.75,9.7,0.000,-0.00,0.063,28
2026-05-31 17:05,LINKUSDT,FLAT,1.0000,cascade_v3.1,9.0260,9.0260,,,,,0.066748,9.3100,8.7850,FLAT,0.9927,0,99,1,,,,,,flat_flat_high_conf,DOWN,0.05,-3.54,11.0,0.000,-0.00,0.060,28
2026-05-31 17:05,DOGEUSDT,FLAT,1.0000,cascade_v3.1,0.099200,0.099200,,,,,0.00056456,0.101770,0.097370,FLAT,0.9918,0,99,1,,,,,,flat_flat_high_conf,DOWN,0.09,-3.49,10.4,0.000,-0.00,0.153,28
2026-05-31 17:05,ARBUSDT,FLAT,1.0000,cascade_v3.1,0.100400,0.100400,,,,,0.00100451,0.106900,0.100400,FLAT,0.9662,0,97,3,,,,,,flat_flat_high_conf,DOWN,0.06,-3.09,6.9,0.000,-1.40,0.124,28
2026-05-31 17:05,XRPUSDT,FLAT,1.0000,cascade_v3.1,1.3276,1.3276,,,,,0.00727124,1.3654,1.2935,FLAT,0.7718,6,77,17,,,,,,flat_flat_high_conf,DOWN,0.27,-2.75,20.3,0.000,-0.00,0.105,28
2026-05-31 17:05,TRXUSDT,LONG,0.8060,cascade_v3.1,0.348860,0.348860,0.377160,40.6,0.338641,14.6,0.00093704,0.377160,0.339110,LONG,0.556,9,35,56,,,1,6,93,lgbm_direct,UP,0.70,-1.32,82.1,0.000,-0.00,0.109,28
2026-05-31 17:05,TONUSDT,FLAT,0.7545,cascade_v3.1,1.8560,1.8560,,,,,0.034123,1.8076,1.7077,SHORT,0.4832,48,39,13,,,38,43,20,lgbm_direct,UP,0.43,-2.02,32.5,0.000,-0.00,0.111,28
2026-05-31 17:05,ETHUSDT,FLAT,1.0000,cascade_v3.1,1999.93,1999.93,,,,,7.9859,2046.00,1975.37,FLAT,0.9927,0,99,1,,,,,,flat_flat_high_conf,DOWN,0.07,-3.23,6.8,0.000,-0.00,0.119,28
2026-05-31 17:05,BNBUSDT,FLAT,1.0000,cascade_v3.1,709.9000,709.9000,,,,,9.1593,660.4400,631.1500,FLAT,0.9675,0,97,3,,,,,,flat_flat_high_conf,DOWN,0.18,-2.67,21.8,0.000,-0.00,0.084,28
2026-05-31 17:05,1000PEPEUSDT,FLAT,1.0000,cascade_v3.1,0.00335320,0.00335320,,,,,0.00002639,0.00346990,0.00330650,FLAT,0.9909,0,99,1,,,,,,flat_flat_high_conf,DOWN,0.05,-3.50,10.7,0.000,-0.00,0.118,28
2026-05-31 17:05,POLUSDT,FLAT,1.0000,cascade_v3.1,0.090040,0.090040,,,,,0.00042963,0.091950,0.089510,FLAT,0.6257,7,63,30,,,,,,flat_flat_high_conf,DOWN,0.33,-2.56,22.0,0.000,-0.00,0.086,28
2026-05-31 17:05,NEARUSDT,FLAT,1.0000,cascade_v3.1,2.2480,2.2480,,,,,0.046397,2.6320,2.2230,FLAT,0.7971,0,80,20,,,,,,flat_flat_high_conf,DOWN,0.19,-2.24,28.2,0.000,-0.00,0.067,28
2026-05-31 17:05,AVAXUSDT,FLAT,1.0000,cascade_v3.1,8.8160,8.8160,,,,,0.063482,9.0450,8.6480,FLAT,0.9934,0,99,1,,,,,,flat_flat_high_conf,DOWN,0.04,-3.62,10.7,0.000,-0.00,0.097,28
2026-05-31 17:05,SUIUSDT,FLAT,1.0000,cascade_v3.1,0.869500,0.869500,,,,,0.011787,1.0632,0.890600,FLAT,0.8877,3,89,8,,,,,,flat_flat_high_conf,DOWN,0.30,-3.15,3.5,0.000,-0.00,0.109,28
2026-05-31 16:05,TAOUSDT,FLAT,1.0000,cascade_v3.1,253.6500,253.6500,,,,,2.5369,291.3600,245.3700,FLAT,0.9216,0,92,8,,,,,,flat_flat_high_conf,DOWN,0.18,-2.58,32.6,5.737,-0.00,0.097,28
2026-05-31 16:05,DOTUSDT,FLAT,1.0000,cascade_v3.1,1.1740,1.1740,,,,,0.00977210,1.2340,1.1760,FLAT,0.9042,0,90,10,,,,,,flat_flat_high_conf,DOWN,0.22,-2.56,18.9,5.789,-0.73,0.161,28
2026-05-31 16:05,1000SHIBUSDT,FLAT,1.0000,cascade_v3.1,0.00545100,0.00545100,,,,,0.00002785,0.00556400,0.00527000,FLAT,0.9276,0,93,7,,,,,,flat_flat_high_conf,DOWN,0.07,-2.94,24.0,4.203,-0.00,0.094,28
2026-05-31 16:05,ADAUSDT,FLAT,1.0000,cascade_v3.1,0.233900,0.233900,,,,,0.00151909,0.239400,0.229600,FLAT,0.9235,0,92,8,,,,,,flat_flat_high_conf,DOWN,0.18,-2.70,21.3,6.475,-0.00,0.120,28
2026-05-31 16:05,ONDOUSDT,FLAT,1.0000,cascade_v3.1,0.359000,0.359000,,,,,0.00654479,0.452500,0.341100,LONG,0.4136,19,40,41,,,,,,flat_below_thr,DOWN,0.36,-1.27,34.6,-2.385,-0.00,0.045,28
2026-05-31 16:05,HBARUSDT,FLAT,1.0000,cascade_v3.1,0.095030,0.095030,,,,,0.00161921,0.109820,0.081700,FLAT,0.8658,0,87,13,,,,,,flat_flat_high_conf,DOWN,0.24,-2.64,33.6,5.976,-0.00,0.056,28
2026-05-31 16:05,SOLUSDT,FLAT,1.0000,cascade_v3.1,81.9400,81.9400,,,,,0.412000,83.2300,80.3000,FLAT,0.919,0,92,8,,,,,,flat_flat_high_conf,DOWN,0.15,-2.79,25.4,11.444,-0.00,0.247,28
2026-05-31 16:05,LINKUSDT,FLAT,1.0000,cascade_v3.1,9.1030,9.1030,,,,,0.063807,9.3100,8.7850,FLAT,0.8403,0,84,16,,,,,,flat_flat_high_conf,DOWN,0.28,-2.65,24.7,6.935,-0.00,0.128,28
2026-05-31 16:05,DOGEUSDT,FLAT,1.0000,cascade_v3.1,0.099900,0.099900,,,,,0.00050629,0.101770,0.097370,FLAT,0.8203,0,82,18,,,,,,flat_flat_high_conf,DOWN,0.19,-2.51,26.2,8.586,-0.00,0.185,28
2026-05-31 16:05,ARBUSDT,FLAT,1.0000,cascade_v3.1,0.101000,0.101000,,,,,0.00099084,0.106900,0.100400,FLAT,0.9066,0,91,9,,,,,,flat_flat_high_conf,DOWN,0.16,-2.52,10.1,0.000,-0.00,0.109,28
2026-05-31 16:05,XRPUSDT,FLAT,1.0000,cascade_v3.1,1.3313,1.3313,,,,,0.00647605,1.3654,1.2935,FLAT,0.7971,0,80,20,,,,,,flat_flat_high_conf,DOWN,0.19,-2.52,32.3,7.800,-0.00,0.154,28
2026-05-31 16:05,TRXUSDT,FLAT,1.0000,cascade_v3.1,0.348760,0.348760,,,,,0.00102295,0.377160,0.339110,FLAT,0.5042,9,50,40,,,,,,flat_flat_high_conf,UP,0.68,-1.74,80.6,1.806,0.00,0.874,28
2026-05-31 16:05,TONUSDT,FLAT,1.0000,cascade_v3.1,1.9010,1.9010,,,,,0.030862,1.8076,1.7077,FLAT,0.9203,8,92,0,,,,,,flat_flat_high_conf,UP,0.80,-0.77,95.4,0.849,-0.00,0.206,28
2026-05-31 16:05,ETHUSDT,FLAT,1.0000,cascade_v3.1,2009.72,2009.72,,,,,7.0407,2046.00,1975.37,FLAT,0.9049,0,90,9,,,,,,flat_flat_high_conf,DOWN,0.16,-2.54,14.4,1.641,-0.00,0.138,28
2026-05-31 16:05,BNBUSDT,FLAT,1.0000,cascade_v3.1,721.6300,721.6300,,,,,7.7287,660.4400,631.1500,FLAT,0.7684,3,77,20,,,,,,flat_flat_high_conf,UP,0.45,-1.64,50.0,2.011,-0.00,0.026,28
2026-05-31 16:05,1000PEPEUSDT,FLAT,1.0000,cascade_v3.1,0.00338270,0.00338270,,,,,0.00002492,0.00346990,0.00330650,FLAT,0.869,0,87,13,,,,,,flat_flat_high_conf,DOWN,0.24,-2.53,24.9,8.213,-0.00,0.134,28
2026-05-31 16:05,POLUSDT,FLAT,1.0000,cascade_v3.1,0.090340,0.090340,,,,,0.00041983,0.091950,0.089510,FLAT,0.4276,15,43,43,,,,,,flat_flat_high_conf,DOWN,0.51,-1.91,37.8,8.639,-0.00,0.143,28
2026-05-31 16:05,NEARUSDT,FLAT,1.0000,cascade_v3.1,2.3110,2.3110,,,,,0.042633,2.6320,2.2230,FLAT,0.9079,9,91,0,,,,,,flat_flat_high_conf,UP,0.66,-0.96,61.4,-6.341,-0.00,0.110,28
2026-05-31 16:05,AVAXUSDT,FLAT,1.0000,cascade_v3.1,8.8870,8.8870,,,,,0.060838,9.0450,8.6480,FLAT,0.6447,17,64,19,,,,,,flat_flat_high_conf,DOWN,0.29,-2.61,23.0,5.463,-0.00,0.157,28
2026-05-31 16:05,SUIUSDT,FLAT,1.0000,cascade_v3.1,0.878300,0.878300,,,,,0.011718,1.0632,0.890600,FLAT,0.7236,6,72,21,,,,,,flat_flat_high_conf,DOWN,0.41,-2.65,5.4,-0.133,-0.00,0.106,28
