source,model,symbol,direction,confidence,ts_utc,ts_wita,date_wita,hour_wita,entry_reason,lstm_direction,lstm_confidence
live_db_signal,ic32_regime_v1,SUIUSDT,FLAT,1.0,2026-06-06T23:05:03.929708+00:00,2026-06-07 07:05:03,2026-06-07,7,,,
live_db_signal,ic32_regime_v1,AVAXUSDT,FLAT,1.0,2026-06-06T23:05:05.699085+00:00,2026-06-07 07:05:05,2026-06-07,7,,,
live_db_signal,ic32_regime_v1,NEARUSDT,FLAT,1.0,2026-06-06T23:05:07.356262+00:00,2026-06-07 07:05:07,2026-06-07,7,,,
live_db_signal,ic32_regime_v1,POLUSDT,FLAT,1.0,2026-06-06T23:05:08.825794+00:00,2026-06-07 07:05:08,2026-06-07,7,,,
live_db_signal,ic32_regime_v1,1000PEPEUSDT,FLAT,1.0,2026-06-06T23:05:10.250987+00:00,2026-06-07 07:05:10,2026-06-07,7,,,
live_db_signal,ic32_regime_v1,BNBUSDT,FLAT,1.0,2026-06-06T23:05:11.695901+00:00,2026-06-07 07:05:11,2026-06-07,7,,,
live_db_signal,ic32_regime_v1,ETHUSDT,FLAT,1.0,2026-06-06T23:05:13.124680+00:00,2026-06-07 07:05:13,2026-06-07,7,,,
live_db_signal,ic32_regime_v1,TONUSDT,FLAT,1.0,2026-06-06T23:05:14.590674+00:00,2026-06-07 07:05:14,2026-06-07,7,,,
live_db_signal,ic32_regime_v1,TRXUSDT,FLAT,1.0,2026-06-06T23:05:16.056931+00:00,2026-06-07 07:05:16,2026-06-07,7,,,
live_db_signal,ic32_regime_v1,XRPUSDT,FLAT,1.0,2026-06-06T23:05:17.474814+00:00,2026-06-07 07:05:17,2026-06-07,7,,,
live_db_signal,ic32_regime_v1,ARBUSDT,FLAT,1.0,2026-06-06T23:05:18.896302+00:00,2026-06-07 07:05:18,2026-06-07,7,,,
live_db_signal,ic32_regime_v1,DOGEUSDT,FLAT,1.0,2026-06-06T23:05:20.276334+00:00,2026-06-07 07:05:20,2026-06-07,7,,,
live_db_signal,ic32_regime_v1,LINKUSDT,FLAT,1.0,2026-06-06T23:05:21.697038+00:00,2026-06-07 07:05:21,2026-06-07,7,,,
live_db_signal,ic32_regime_v1,SOLUSDT,FLAT,1.0,2026-06-06T23:05:23.111355+00:00,2026-06-07 07:05:23,2026-06-07,7,,,
live_db_signal,ic32_regime_v1,HBARUSDT,FLAT,1.0,2026-06-06T23:05:24.525235+00:00,2026-06-07 07:05:24,2026-06-07,7,,,
live_db_signal,ic32_regime_v1,ONDOUSDT,FLAT,1.0,2026-06-06T23:05:25.920799+00:00,2026-06-07 07:05:25,2026-06-07,7,,,
live_db_signal,ic32_regime_v1,ADAUSDT,FLAT,1.0,2026-06-06T23:05:27.372206+00:00,2026-06-07 07:05:27,2026-06-07,7,,,
live_db_signal,ic32_regime_v1,1000SHIBUSDT,FLAT,1.0,2026-06-06T23:05:28.860038+00:00,2026-06-07 07:05:28,2026-06-07,7,,,
live_db_signal,ic32_regime_v1,DOTUSDT,FLAT,1.0,2026-06-06T23:05:30.280581+00:00,2026-06-07 07:05:30,2026-06-07,7,,,
live_db_signal,ic32_regime_v1,TAOUSDT,FLAT,1.0,2026-06-06T23:05:31.677695+00:00,2026-06-07 07:05:31,2026-06-07,7,,,
live_db_signal,ic32_regime_v1,SUIUSDT,FLAT,1.0,2026-06-07T00:05:04.531605+00:00,2026-06-07 08:05:04,2026-06-07,8,,,
live_db_signal,ic32_regime_v1,AVAXUSDT,FLAT,1.0,2026-06-07T00:05:05.906105+00:00,2026-06-07 08:05:05,2026-06-07,8,,,
live_db_signal,ic32_regime_v1,NEARUSDT,FLAT,1.0,2026-06-07T00:05:07.300784+00:00,2026-06-07 08:05:07,2026-06-07,8,,,
live_db_signal,ic32_regime_v1,POLUSDT,FLAT,1.0,2026-06-07T00:05:09.071526+00:00,2026-06-07 08:05:09,2026-06-07,8,,,
live_db_signal,ic32_regime_v1,1000PEPEUSDT,FLAT,1.0,2026-06-07T00:05:10.591068+00:00,2026-06-07 08:05:10,2026-06-07,8,,,
live_db_signal,ic32_regime_v1,BNBUSDT,FLAT,1.0,2026-06-07T00:05:12.099384+00:00,2026-06-07 08:05:12,2026-06-07,8,,,
live_db_signal,ic32_regime_v1,ETHUSDT,FLAT,1.0,2026-06-07T00:05:13.477480+00:00,2026-06-07 08:05:13,2026-06-07,8,,,
live_db_signal,ic32_regime_v1,TONUSDT,FLAT,1.0,2026-06-07T00:05:14.861268+00:00,2026-06-07 08:05:14,2026-06-07,8,,,
live_db_signal,ic32_regime_v1,TRXUSDT,FLAT,1.0,2026-06-07T00:05:16.287009+00:00,2026-06-07 08:05:16,2026-06-07,8,,,
live_db_signal,ic32_regime_v1,XRPUSDT,SHORT,0.6114,2026-06-07T00:05:17.906580+00:00,2026-06-07 08:05:17,2026-06-07,8,,,
live_db_signal,ic32_regime_v1,ARBUSDT,FLAT,1.0,2026-06-07T00:05:20.324430+00:00,2026-06-07 08:05:20,2026-06-07,8,,,
live_db_signal,ic32_regime_v1,DOGEUSDT,FLAT,1.0,2026-06-07T00:05:21.752543+00:00,2026-06-07 08:05:21,2026-06-07,8,,,
live_db_signal,ic32_regime_v1,LINKUSDT,SHORT,0.6482,2026-06-07T00:05:23.161496+00:00,2026-06-07 08:05:23,2026-06-07,8,,,
live_db_signal,ic32_regime_v1,SOLUSDT,FLAT,1.0,2026-06-07T00:05:24.744127+00:00,2026-06-07 08:05:24,2026-06-07,8,,,
live_db_signal,ic32_regime_v1,HBARUSDT,FLAT,1.0,2026-06-07T00:05:26.130794+00:00,2026-06-07 08:05:26,2026-06-07,8,,,
live_db_signal,ic32_regime_v1,ONDOUSDT,FLAT,1.0,2026-06-07T00:05:27.585879+00:00,2026-06-07 08:05:27,2026-06-07,8,,,
live_db_signal,ic32_regime_v1,ADAUSDT,FLAT,1.0,2026-06-07T00:05:28.987784+00:00,2026-06-07 08:05:28,2026-06-07,8,,,
live_db_signal,ic32_regime_v1,1000SHIBUSDT,FLAT,1.0,2026-06-07T00:05:30.474149+00:00,2026-06-07 08:05:30,2026-06-07,8,,,
live_db_signal,ic32_regime_v1,DOTUSDT,SHORT,0.7555,2026-06-07T00:05:31.940741+00:00,2026-06-07 08:05:31,2026-06-07,8,,,
live_db_signal,ic32_regime_v1,TAOUSDT,FLAT,1.0,2026-06-07T00:05:33.546095+00:00,2026-06-07 08:05:33,2026-06-07,8,,,
live_db_signal,ic32_regime_v1,SUIUSDT,FLAT,1.0,2026-06-07T01:05:03.220126+00:00,2026-06-07 09:05:03,2026-06-07,9,,,
live_db_signal,ic32_regime_v1,AVAXUSDT,FLAT,1.0,2026-06-07T01:05:04.709611+00:00,2026-06-07 09:05:04,2026-06-07,9,,,
live_db_signal,ic32_regime_v1,NEARUSDT,FLAT,1.0,2026-06-07T01:05:06.243052+00:00,2026-06-07 09:05:06,2026-06-07,9,,,
live_db_signal,ic32_regime_v1,POLUSDT,FLAT,1.0,2026-06-07T01:05:07.698103+00:00,2026-06-07 09:05:07,2026-06-07,9,,,
live_db_signal,ic32_regime_v1,1000PEPEUSDT,FLAT,1.0,2026-06-07T01:05:09.340033+00:00,2026-06-07 09:05:09,2026-06-07,9,,,
live_db_signal,ic32_regime_v1,BNBUSDT,FLAT,1.0,2026-06-07T01:05:10.774439+00:00,2026-06-07 09:05:10,2026-06-07,9,,,
live_db_signal,ic32_regime_v1,ETHUSDT,FLAT,1.0,2026-06-07T01:05:12.224615+00:00,2026-06-07 09:05:12,2026-06-07,9,,,
live_db_signal,ic32_regime_v1,TONUSDT,FLAT,1.0,2026-06-07T01:05:13.691582+00:00,2026-06-07 09:05:13,2026-06-07,9,,,
live_db_signal,ic32_regime_v1,TRXUSDT,FLAT,1.0,2026-06-07T01:05:15.124279+00:00,2026-06-07 09:05:15,2026-06-07,9,,,
live_db_signal,ic32_regime_v1,XRPUSDT,FLAT,1.0,2026-06-07T01:05:16.534293+00:00,2026-06-07 09:05:16,2026-06-07,9,,,
live_db_signal,ic32_regime_v1,ARBUSDT,FLAT,1.0,2026-06-07T01:05:17.990079+00:00,2026-06-07 09:05:17,2026-06-07,9,,,
live_db_signal,ic32_regime_v1,DOGEUSDT,FLAT,1.0,2026-06-07T01:05:19.416622+00:00,2026-06-07 09:05:19,2026-06-07,9,,,
live_db_signal,ic32_regime_v1,LINKUSDT,FLAT,1.0,2026-06-07T01:05:21.098759+00:00,2026-06-07 09:05:21,2026-06-07,9,,,
live_db_signal,ic32_regime_v1,SOLUSDT,FLAT,1.0,2026-06-07T01:05:22.515774+00:00,2026-06-07 09:05:22,2026-06-07,9,,,
live_db_signal,ic32_regime_v1,HBARUSDT,FLAT,1.0,2026-06-07T01:05:24.368222+00:00,2026-06-07 09:05:24,2026-06-07,9,,,
live_db_signal,ic32_regime_v1,ONDOUSDT,FLAT,1.0,2026-06-07T01:05:25.772702+00:00,2026-06-07 09:05:25,2026-06-07,9,,,
live_db_signal,ic32_regime_v1,ADAUSDT,FLAT,1.0,2026-06-07T01:05:27.351500+00:00,2026-06-07 09:05:27,2026-06-07,9,,,
live_db_signal,ic32_regime_v1,1000SHIBUSDT,FLAT,1.0,2026-06-07T01:05:28.774602+00:00,2026-06-07 09:05:28,2026-06-07,9,,,
live_db_signal,ic32_regime_v1,DOTUSDT,FLAT,1.0,2026-06-07T01:05:30.199157+00:00,2026-06-07 09:05:30,2026-06-07,9,,,
live_db_signal,ic32_regime_v1,TAOUSDT,FLAT,1.0,2026-06-07T01:05:31.611376+00:00,2026-06-07 09:05:31,2026-06-07,9,,,
live_db_signal,ic32_regime_v1,SUIUSDT,FLAT,1.0,2026-06-07T02:05:01.158900+00:00,2026-06-07 10:05:01,2026-06-07,10,,,
live_db_signal,ic32_regime_v1,AVAXUSDT,FLAT,1.0,2026-06-07T02:05:02.688491+00:00,2026-06-07 10:05:02,2026-06-07,10,,,
live_db_signal,ic32_regime_v1,NEARUSDT,FLAT,1.0,2026-06-07T02:05:04.270684+00:00,2026-06-07 10:05:04,2026-06-07,10,,,
live_db_signal,ic32_regime_v1,POLUSDT,FLAT,1.0,2026-06-07T02:05:05.733217+00:00,2026-06-07 10:05:05,2026-06-07,10,,,
live_db_signal,ic32_regime_v1,1000PEPEUSDT,FLAT,1.0,2026-06-07T02:05:07.062805+00:00,2026-06-07 10:05:07,2026-06-07,10,,,
live_db_signal,ic32_regime_v1,BNBUSDT,FLAT,1.0,2026-06-07T02:05:08.337187+00:00,2026-06-07 10:05:08,2026-06-07,10,,,
live_db_signal,ic32_regime_v1,ETHUSDT,FLAT,1.0,2026-06-07T02:05:09.672672+00:00,2026-06-07 10:05:09,2026-06-07,10,,,
live_db_signal,ic32_regime_v1,TONUSDT,FLAT,1.0,2026-06-07T02:05:11.011335+00:00,2026-06-07 10:05:11,2026-06-07,10,,,
live_db_signal,ic32_regime_v1,TRXUSDT,FLAT,1.0,2026-06-07T02:05:12.347560+00:00,2026-06-07 10:05:12,2026-06-07,10,,,
live_db_signal,ic32_regime_v1,XRPUSDT,FLAT,1.0,2026-06-07T02:05:13.703500+00:00,2026-06-07 10:05:13,2026-06-07,10,,,
live_db_signal,ic32_regime_v1,ARBUSDT,FLAT,1.0,2026-06-07T02:05:15.117427+00:00,2026-06-07 10:05:15,2026-06-07,10,,,
live_db_signal,ic32_regime_v1,DOGEUSDT,FLAT,1.0,2026-06-07T02:05:16.535900+00:00,2026-06-07 10:05:16,2026-06-07,10,,,
live_db_signal,ic32_regime_v1,LINKUSDT,FLAT,1.0,2026-06-07T02:05:17.963905+00:00,2026-06-07 10:05:17,2026-06-07,10,,,
live_db_signal,ic32_regime_v1,SOLUSDT,FLAT,1.0,2026-06-07T02:05:19.366249+00:00,2026-06-07 10:05:19,2026-06-07,10,,,
live_db_signal,ic32_regime_v1,HBARUSDT,FLAT,1.0,2026-06-07T02:05:20.754051+00:00,2026-06-07 10:05:20,2026-06-07,10,,,
live_db_signal,ic32_regime_v1,ONDOUSDT,FLAT,1.0,2026-06-07T02:05:22.199661+00:00,2026-06-07 10:05:22,2026-06-07,10,,,
live_db_signal,ic32_regime_v1,ADAUSDT,FLAT,1.0,2026-06-07T02:05:23.631952+00:00,2026-06-07 10:05:23,2026-06-07,10,,,
live_db_signal,ic32_regime_v1,1000SHIBUSDT,FLAT,1.0,2026-06-07T02:05:25.022315+00:00,2026-06-07 10:05:25,2026-06-07,10,,,
live_db_signal,ic32_regime_v1,DOTUSDT,FLAT,1.0,2026-06-07T02:05:26.451627+00:00,2026-06-07 10:05:26,2026-06-07,10,,,
live_db_signal,ic32_regime_v1,TAOUSDT,FLAT,1.0,2026-06-07T02:05:27.868434+00:00,2026-06-07 10:05:27,2026-06-07,10,,,
live_db_signal,ic32_regime_v1,SUIUSDT,FLAT,1.0,2026-06-07T03:05:01.259750+00:00,2026-06-07 11:05:01,2026-06-07,11,,,
live_db_signal,ic32_regime_v1,AVAXUSDT,FLAT,1.0,2026-06-07T03:05:02.830861+00:00,2026-06-07 11:05:02,2026-06-07,11,,,
live_db_signal,ic32_regime_v1,NEARUSDT,FLAT,1.0,2026-06-07T03:05:04.409192+00:00,2026-06-07 11:05:04,2026-06-07,11,,,
live_db_signal,ic32_regime_v1,POLUSDT,FLAT,1.0,2026-06-07T03:05:05.847719+00:00,2026-06-07 11:05:05,2026-06-07,11,,,
live_db_signal,ic32_regime_v1,1000PEPEUSDT,FLAT,1.0,2026-06-07T03:05:07.431232+00:00,2026-06-07 11:05:07,2026-06-07,11,,,
live_db_signal,ic32_regime_v1,BNBUSDT,FLAT,1.0,2026-06-07T03:05:08.953751+00:00,2026-06-07 11:05:08,2026-06-07,11,,,
live_db_signal,ic32_regime_v1,ETHUSDT,FLAT,1.0,2026-06-07T03:05:10.448594+00:00,2026-06-07 11:05:10,2026-06-07,11,,,
live_db_signal,ic32_regime_v1,TONUSDT,FLAT,1.0,2026-06-07T03:05:11.903416+00:00,2026-06-07 11:05:11,2026-06-07,11,,,
live_db_signal,ic32_regime_v1,TRXUSDT,FLAT,1.0,2026-06-07T03:05:13.386969+00:00,2026-06-07 11:05:13,2026-06-07,11,,,
live_db_signal,ic32_regime_v1,XRPUSDT,FLAT,1.0,2026-06-07T03:05:14.871657+00:00,2026-06-07 11:05:14,2026-06-07,11,,,
live_db_signal,ic32_regime_v1,ARBUSDT,FLAT,1.0,2026-06-07T03:05:16.324734+00:00,2026-06-07 11:05:16,2026-06-07,11,,,
live_db_signal,ic32_regime_v1,DOGEUSDT,FLAT,1.0,2026-06-07T03:05:17.755910+00:00,2026-06-07 11:05:17,2026-06-07,11,,,
live_db_signal,ic32_regime_v1,LINKUSDT,FLAT,1.0,2026-06-07T03:05:19.180457+00:00,2026-06-07 11:05:19,2026-06-07,11,,,
live_db_signal,ic32_regime_v1,SOLUSDT,FLAT,1.0,2026-06-07T03:05:20.663602+00:00,2026-06-07 11:05:20,2026-06-07,11,,,
live_db_signal,ic32_regime_v1,HBARUSDT,FLAT,1.0,2026-06-07T03:05:22.146245+00:00,2026-06-07 11:05:22,2026-06-07,11,,,
live_db_signal,ic32_regime_v1,ONDOUSDT,FLAT,1.0,2026-06-07T03:05:23.713860+00:00,2026-06-07 11:05:23,2026-06-07,11,,,
live_db_signal,ic32_regime_v1,ADAUSDT,FLAT,1.0,2026-06-07T03:05:25.196626+00:00,2026-06-07 11:05:25,2026-06-07,11,,,
live_db_signal,ic32_regime_v1,1000SHIBUSDT,FLAT,1.0,2026-06-07T03:05:26.722153+00:00,2026-06-07 11:05:26,2026-06-07,11,,,
live_db_signal,ic32_regime_v1,DOTUSDT,FLAT,1.0,2026-06-07T03:05:28.217905+00:00,2026-06-07 11:05:28,2026-06-07,11,,,
live_db_signal,ic32_regime_v1,TAOUSDT,FLAT,1.0,2026-06-07T03:05:29.676750+00:00,2026-06-07 11:05:29,2026-06-07,11,,,
live_db_signal,ic32_regime_v1,SUIUSDT,FLAT,1.0,2026-06-07T04:05:01.285278+00:00,2026-06-07 12:05:01,2026-06-07,12,,,
live_db_signal,ic32_regime_v1,AVAXUSDT,FLAT,1.0,2026-06-07T04:05:02.967560+00:00,2026-06-07 12:05:02,2026-06-07,12,,,
live_db_signal,ic32_regime_v1,NEARUSDT,FLAT,1.0,2026-06-07T04:05:04.308343+00:00,2026-06-07 12:05:04,2026-06-07,12,,,
live_db_signal,ic32_regime_v1,POLUSDT,FLAT,1.0,2026-06-07T04:05:05.821880+00:00,2026-06-07 12:05:05,2026-06-07,12,,,
live_db_signal,ic32_regime_v1,1000PEPEUSDT,FLAT,1.0,2026-06-07T04:05:07.305356+00:00,2026-06-07 12:05:07,2026-06-07,12,,,
live_db_signal,ic32_regime_v1,BNBUSDT,FLAT,1.0,2026-06-07T04:05:08.710611+00:00,2026-06-07 12:05:08,2026-06-07,12,,,
live_db_signal,ic32_regime_v1,ETHUSDT,FLAT,1.0,2026-06-07T04:05:10.007566+00:00,2026-06-07 12:05:10,2026-06-07,12,,,
live_db_signal,ic32_regime_v1,TONUSDT,FLAT,1.0,2026-06-07T04:05:11.384288+00:00,2026-06-07 12:05:11,2026-06-07,12,,,
live_db_signal,ic32_regime_v1,TRXUSDT,FLAT,1.0,2026-06-07T04:05:12.749472+00:00,2026-06-07 12:05:12,2026-06-07,12,,,
live_db_signal,ic32_regime_v1,XRPUSDT,FLAT,1.0,2026-06-07T04:05:14.154552+00:00,2026-06-07 12:05:14,2026-06-07,12,,,
live_db_signal,ic32_regime_v1,ARBUSDT,FLAT,1.0,2026-06-07T04:05:15.636964+00:00,2026-06-07 12:05:15,2026-06-07,12,,,
live_db_signal,ic32_regime_v1,DOGEUSDT,FLAT,1.0,2026-06-07T04:05:17.081501+00:00,2026-06-07 12:05:17,2026-06-07,12,,,
live_db_signal,ic32_regime_v1,LINKUSDT,FLAT,1.0,2026-06-07T04:05:18.594044+00:00,2026-06-07 12:05:18,2026-06-07,12,,,
live_db_signal,ic32_regime_v1,SOLUSDT,FLAT,1.0,2026-06-07T04:05:20.381480+00:00,2026-06-07 12:05:20,2026-06-07,12,,,
live_db_signal,ic32_regime_v1,HBARUSDT,FLAT,1.0,2026-06-07T04:05:21.912787+00:00,2026-06-07 12:05:21,2026-06-07,12,,,
live_db_signal,ic32_regime_v1,ONDOUSDT,FLAT,1.0,2026-06-07T04:05:23.415912+00:00,2026-06-07 12:05:23,2026-06-07,12,,,
live_db_signal,ic32_regime_v1,ADAUSDT,FLAT,1.0,2026-06-07T04:05:25.040171+00:00,2026-06-07 12:05:25,2026-06-07,12,,,
live_db_signal,ic32_regime_v1,1000SHIBUSDT,FLAT,1.0,2026-06-07T04:05:26.553028+00:00,2026-06-07 12:05:26,2026-06-07,12,,,
live_db_signal,ic32_regime_v1,DOTUSDT,FLAT,1.0,2026-06-07T04:05:28.121188+00:00,2026-06-07 12:05:28,2026-06-07,12,,,
live_db_signal,ic32_regime_v1,TAOUSDT,FLAT,1.0,2026-06-07T04:05:29.837012+00:00,2026-06-07 12:05:29,2026-06-07,12,,,
live_db_signal,ic32_regime_v1,SUIUSDT,FLAT,1.0,2026-06-07T05:05:03.244270+00:00,2026-06-07 13:05:03,2026-06-07,13,,,
live_db_signal,ic32_regime_v1,AVAXUSDT,FLAT,1.0,2026-06-07T05:05:04.727229+00:00,2026-06-07 13:05:04,2026-06-07,13,,,
live_db_signal,ic32_regime_v1,NEARUSDT,FLAT,1.0,2026-06-07T05:05:06.175511+00:00,2026-06-07 13:05:06,2026-06-07,13,,,
live_db_signal,ic32_regime_v1,POLUSDT,FLAT,1.0,2026-06-07T05:05:07.651865+00:00,2026-06-07 13:05:07,2026-06-07,13,,,
live_db_signal,ic32_regime_v1,1000PEPEUSDT,FLAT,1.0,2026-06-07T05:05:09.116563+00:00,2026-06-07 13:05:09,2026-06-07,13,,,
live_db_signal,ic32_regime_v1,BNBUSDT,FLAT,1.0,2026-06-07T05:05:10.626342+00:00,2026-06-07 13:05:10,2026-06-07,13,,,
live_db_signal,ic32_regime_v1,ETHUSDT,FLAT,1.0,2026-06-07T05:05:12.035010+00:00,2026-06-07 13:05:12,2026-06-07,13,,,
live_db_signal,ic32_regime_v1,TONUSDT,SHORT,0.6723,2026-06-07T05:05:13.525761+00:00,2026-06-07 13:05:13,2026-06-07,13,,,
live_db_signal,ic32_regime_v1,TRXUSDT,FLAT,1.0,2026-06-07T05:05:15.913797+00:00,2026-06-07 13:05:15,2026-06-07,13,,,
live_db_signal,ic32_regime_v1,XRPUSDT,FLAT,1.0,2026-06-07T05:05:17.340919+00:00,2026-06-07 13:05:17,2026-06-07,13,,,
live_db_signal,ic32_regime_v1,ARBUSDT,FLAT,1.0,2026-06-07T05:05:18.797542+00:00,2026-06-07 13:05:18,2026-06-07,13,,,
live_db_signal,ic32_regime_v1,DOGEUSDT,FLAT,1.0,2026-06-07T05:05:20.221825+00:00,2026-06-07 13:05:20,2026-06-07,13,,,
live_db_signal,ic32_regime_v1,LINKUSDT,FLAT,1.0,2026-06-07T05:05:21.610925+00:00,2026-06-07 13:05:21,2026-06-07,13,,,
live_db_signal,ic32_regime_v1,SOLUSDT,FLAT,1.0,2026-06-07T05:05:23.058073+00:00,2026-06-07 13:05:23,2026-06-07,13,,,
live_db_signal,ic32_regime_v1,HBARUSDT,FLAT,1.0,2026-06-07T05:05:24.548145+00:00,2026-06-07 13:05:24,2026-06-07,13,,,
live_db_signal,ic32_regime_v1,ONDOUSDT,FLAT,1.0,2026-06-07T05:05:25.984649+00:00,2026-06-07 13:05:25,2026-06-07,13,,,
live_db_signal,ic32_regime_v1,ADAUSDT,FLAT,1.0,2026-06-07T05:05:27.440193+00:00,2026-06-07 13:05:27,2026-06-07,13,,,
live_db_signal,ic32_regime_v1,1000SHIBUSDT,FLAT,1.0,2026-06-07T05:05:28.911753+00:00,2026-06-07 13:05:28,2026-06-07,13,,,
live_db_signal,ic32_regime_v1,DOTUSDT,FLAT,1.0,2026-06-07T05:05:30.358395+00:00,2026-06-07 13:05:30,2026-06-07,13,,,
live_db_signal,ic32_regime_v1,TAOUSDT,FLAT,1.0,2026-06-07T05:05:31.780479+00:00,2026-06-07 13:05:31,2026-06-07,13,,,
live_db_signal,ic32_regime_v1,SUIUSDT,FLAT,1.0,2026-06-07T06:05:01.301673+00:00,2026-06-07 14:05:01,2026-06-07,14,,,
live_db_signal,ic32_regime_v1,AVAXUSDT,FLAT,1.0,2026-06-07T06:05:03.063461+00:00,2026-06-07 14:05:03,2026-06-07,14,,,
live_db_signal,ic32_regime_v1,NEARUSDT,SHORT,0.7131,2026-06-07T06:05:04.582550+00:00,2026-06-07 14:05:04,2026-06-07,14,,,
live_db_signal,ic32_regime_v1,POLUSDT,SHORT,0.6511,2026-06-07T06:05:06.265557+00:00,2026-06-07 14:05:06,2026-06-07,14,,,
live_db_signal,ic32_regime_v1,1000PEPEUSDT,FLAT,1.0,2026-06-07T06:05:07.961816+00:00,2026-06-07 14:05:07,2026-06-07,14,,,
live_db_signal,ic32_regime_v1,BNBUSDT,FLAT,1.0,2026-06-07T06:05:09.426579+00:00,2026-06-07 14:05:09,2026-06-07,14,,,
live_db_signal,ic32_regime_v1,ETHUSDT,FLAT,1.0,2026-06-07T06:05:10.940303+00:00,2026-06-07 14:05:10,2026-06-07,14,,,
live_db_signal,ic32_regime_v1,TONUSDT,FLAT,1.0,2026-06-07T06:05:13.695658+00:00,2026-06-07 14:05:13,2026-06-07,14,,,
live_db_signal,ic32_regime_v1,TRXUSDT,FLAT,1.0,2026-06-07T06:05:15.116252+00:00,2026-06-07 14:05:15,2026-06-07,14,,,
live_db_signal,ic32_regime_v1,XRPUSDT,FLAT,1.0,2026-06-07T06:05:16.552951+00:00,2026-06-07 14:05:16,2026-06-07,14,,,
live_db_signal,ic32_regime_v1,ARBUSDT,FLAT,1.0,2026-06-07T06:05:17.964758+00:00,2026-06-07 14:05:17,2026-06-07,14,,,
live_db_signal,ic32_regime_v1,DOGEUSDT,FLAT,1.0,2026-06-07T06:05:19.402683+00:00,2026-06-07 14:05:19,2026-06-07,14,,,
live_db_signal,ic32_regime_v1,LINKUSDT,FLAT,1.0,2026-06-07T06:05:20.820976+00:00,2026-06-07 14:05:20,2026-06-07,14,,,
live_db_signal,ic32_regime_v1,SOLUSDT,FLAT,1.0,2026-06-07T06:05:22.288360+00:00,2026-06-07 14:05:22,2026-06-07,14,,,
live_db_signal,ic32_regime_v1,HBARUSDT,FLAT,1.0,2026-06-07T06:05:23.664459+00:00,2026-06-07 14:05:23,2026-06-07,14,,,
live_db_signal,ic32_regime_v1,ONDOUSDT,FLAT,1.0,2026-06-07T06:05:25.191502+00:00,2026-06-07 14:05:25,2026-06-07,14,,,
live_db_signal,ic32_regime_v1,ADAUSDT,FLAT,1.0,2026-06-07T06:05:26.630934+00:00,2026-06-07 14:05:26,2026-06-07,14,,,
live_db_signal,ic32_regime_v1,1000SHIBUSDT,FLAT,1.0,2026-06-07T06:05:28.106745+00:00,2026-06-07 14:05:28,2026-06-07,14,,,
live_db_signal,ic32_regime_v1,DOTUSDT,FLAT,1.0,2026-06-07T06:05:29.986937+00:00,2026-06-07 14:05:29,2026-06-07,14,,,
live_db_signal,ic32_regime_v1,TAOUSDT,FLAT,1.0,2026-06-07T06:05:31.517412+00:00,2026-06-07 14:05:31,2026-06-07,14,,,
live_db_signal,ic32_regime_v1,SUIUSDT,FLAT,1.0,2026-06-07T07:05:02.269535+00:00,2026-06-07 15:05:02,2026-06-07,15,,,
live_db_signal,ic32_regime_v1,AVAXUSDT,FLAT,1.0,2026-06-07T07:05:05.095233+00:00,2026-06-07 15:05:05,2026-06-07,15,,,
live_db_signal,ic32_regime_v1,NEARUSDT,FLAT,1.0,2026-06-07T07:05:06.770054+00:00,2026-06-07 15:05:06,2026-06-07,15,,,
live_db_signal,ic32_regime_v1,POLUSDT,FLAT,1.0,2026-06-07T07:05:08.309715+00:00,2026-06-07 15:05:08,2026-06-07,15,,,
live_db_signal,ic32_regime_v1,1000PEPEUSDT,FLAT,1.0,2026-06-07T07:05:09.781251+00:00,2026-06-07 15:05:09,2026-06-07,15,,,
live_db_signal,ic32_regime_v1,BNBUSDT,FLAT,1.0,2026-06-07T07:05:11.218733+00:00,2026-06-07 15:05:11,2026-06-07,15,,,
live_db_signal,ic32_regime_v1,ETHUSDT,FLAT,1.0,2026-06-07T07:05:12.693931+00:00,2026-06-07 15:05:12,2026-06-07,15,,,
live_db_signal,ic32_regime_v1,TONUSDT,FLAT,1.0,2026-06-07T07:05:14.190062+00:00,2026-06-07 15:05:14,2026-06-07,15,,,
live_db_signal,ic32_regime_v1,TRXUSDT,FLAT,1.0,2026-06-07T07:05:15.631967+00:00,2026-06-07 15:05:15,2026-06-07,15,,,
live_db_signal,ic32_regime_v1,XRPUSDT,FLAT,1.0,2026-06-07T07:05:17.079377+00:00,2026-06-07 15:05:17,2026-06-07,15,,,
live_db_signal,ic32_regime_v1,ARBUSDT,FLAT,1.0,2026-06-07T07:05:18.610972+00:00,2026-06-07 15:05:18,2026-06-07,15,,,
live_db_signal,ic32_regime_v1,DOGEUSDT,FLAT,1.0,2026-06-07T07:05:20.094008+00:00,2026-06-07 15:05:20,2026-06-07,15,,,
live_db_signal,ic32_regime_v1,LINKUSDT,FLAT,1.0,2026-06-07T07:05:21.558966+00:00,2026-06-07 15:05:21,2026-06-07,15,,,
live_db_signal,ic32_regime_v1,SOLUSDT,FLAT,1.0,2026-06-07T07:05:23.053415+00:00,2026-06-07 15:05:23,2026-06-07,15,,,
live_db_signal,ic32_regime_v1,HBARUSDT,FLAT,1.0,2026-06-07T07:05:24.590637+00:00,2026-06-07 15:05:24,2026-06-07,15,,,
live_db_signal,ic32_regime_v1,ONDOUSDT,FLAT,1.0,2026-06-07T07:05:26.136054+00:00,2026-06-07 15:05:26,2026-06-07,15,,,
live_db_signal,ic32_regime_v1,ADAUSDT,FLAT,1.0,2026-06-07T07:05:27.577904+00:00,2026-06-07 15:05:27,2026-06-07,15,,,
live_db_signal,ic32_regime_v1,1000SHIBUSDT,FLAT,1.0,2026-06-07T07:05:29.071934+00:00,2026-06-07 15:05:29,2026-06-07,15,,,
live_db_signal,ic32_regime_v1,DOTUSDT,FLAT,1.0,2026-06-07T07:05:30.549068+00:00,2026-06-07 15:05:30,2026-06-07,15,,,
live_db_signal,ic32_regime_v1,TAOUSDT,FLAT,1.0,2026-06-07T07:05:32.037214+00:00,2026-06-07 15:05:32,2026-06-07,15,,,
live_db_signal,ic32_regime_v1,SUIUSDT,FLAT,1.0,2026-06-07T08:05:01.945388+00:00,2026-06-07 16:05:01,2026-06-07,16,,,
live_db_signal,ic32_regime_v1,AVAXUSDT,FLAT,1.0,2026-06-07T08:05:03.418936+00:00,2026-06-07 16:05:03,2026-06-07,16,,,
live_db_signal,ic32_regime_v1,NEARUSDT,FLAT,1.0,2026-06-07T08:05:04.883858+00:00,2026-06-07 16:05:04,2026-06-07,16,,,
live_db_signal,ic32_regime_v1,POLUSDT,FLAT,1.0,2026-06-07T08:05:06.354171+00:00,2026-06-07 16:05:06,2026-06-07,16,,,
live_db_signal,ic32_regime_v1,1000PEPEUSDT,FLAT,1.0,2026-06-07T08:05:07.836352+00:00,2026-06-07 16:05:07,2026-06-07,16,,,
live_db_signal,ic32_regime_v1,BNBUSDT,FLAT,1.0,2026-06-07T08:05:09.278150+00:00,2026-06-07 16:05:09,2026-06-07,16,,,
live_db_signal,ic32_regime_v1,ETHUSDT,FLAT,1.0,2026-06-07T08:05:10.730119+00:00,2026-06-07 16:05:10,2026-06-07,16,,,
live_db_signal,ic32_regime_v1,TONUSDT,FLAT,1.0,2026-06-07T08:05:12.270025+00:00,2026-06-07 16:05:12,2026-06-07,16,,,
live_db_signal,ic32_regime_v1,TRXUSDT,FLAT,1.0,2026-06-07T08:05:13.724173+00:00,2026-06-07 16:05:13,2026-06-07,16,,,
live_db_signal,ic32_regime_v1,XRPUSDT,FLAT,1.0,2026-06-07T08:05:15.145291+00:00,2026-06-07 16:05:15,2026-06-07,16,,,
live_db_signal,ic32_regime_v1,ARBUSDT,FLAT,1.0,2026-06-07T08:05:16.610806+00:00,2026-06-07 16:05:16,2026-06-07,16,,,
live_db_signal,ic32_regime_v1,DOGEUSDT,FLAT,1.0,2026-06-07T08:05:18.075342+00:00,2026-06-07 16:05:18,2026-06-07,16,,,
live_db_signal,ic32_regime_v1,LINKUSDT,FLAT,1.0,2026-06-07T08:05:19.654861+00:00,2026-06-07 16:05:19,2026-06-07,16,,,
live_db_signal,ic32_regime_v1,SOLUSDT,FLAT,1.0,2026-06-07T08:05:21.063076+00:00,2026-06-07 16:05:21,2026-06-07,16,,,
live_db_signal,ic32_regime_v1,HBARUSDT,FLAT,1.0,2026-06-07T08:05:22.547617+00:00,2026-06-07 16:05:22,2026-06-07,16,,,
live_db_signal,ic32_regime_v1,ONDOUSDT,FLAT,1.0,2026-06-07T08:05:23.991026+00:00,2026-06-07 16:05:23,2026-06-07,16,,,
live_db_signal,ic32_regime_v1,ADAUSDT,FLAT,1.0,2026-06-07T08:05:25.469454+00:00,2026-06-07 16:05:25,2026-06-07,16,,,
live_db_signal,ic32_regime_v1,1000SHIBUSDT,FLAT,1.0,2026-06-07T08:05:26.943076+00:00,2026-06-07 16:05:26,2026-06-07,16,,,
live_db_signal,ic32_regime_v1,DOTUSDT,FLAT,1.0,2026-06-07T08:05:28.461677+00:00,2026-06-07 16:05:28,2026-06-07,16,,,
live_db_signal,ic32_regime_v1,TAOUSDT,FLAT,1.0,2026-06-07T08:05:29.885396+00:00,2026-06-07 16:05:29,2026-06-07,16,,,
live_db_signal,ic32_regime_v1,SUIUSDT,FLAT,1.0,2026-06-07T09:05:01.361504+00:00,2026-06-07 17:05:01,2026-06-07,17,,,
live_db_signal,ic32_regime_v1,AVAXUSDT,FLAT,1.0,2026-06-07T09:05:02.912806+00:00,2026-06-07 17:05:02,2026-06-07,17,,,
live_db_signal,ic32_regime_v1,NEARUSDT,FLAT,1.0,2026-06-07T09:05:04.444157+00:00,2026-06-07 17:05:04,2026-06-07,17,,,
live_db_signal,ic32_regime_v1,POLUSDT,FLAT,1.0,2026-06-07T09:05:05.988656+00:00,2026-06-07 17:05:05,2026-06-07,17,,,
live_db_signal,ic32_regime_v1,1000PEPEUSDT,FLAT,1.0,2026-06-07T09:05:07.482321+00:00,2026-06-07 17:05:07,2026-06-07,17,,,
live_db_signal,ic32_regime_v1,BNBUSDT,FLAT,1.0,2026-06-07T09:05:09.226093+00:00,2026-06-07 17:05:09,2026-06-07,17,,,
live_db_signal,ic32_regime_v1,ETHUSDT,FLAT,1.0,2026-06-07T09:05:10.656884+00:00,2026-06-07 17:05:10,2026-06-07,17,,,
live_db_signal,ic32_regime_v1,TONUSDT,FLAT,1.0,2026-06-07T09:05:12.097685+00:00,2026-06-07 17:05:12,2026-06-07,17,,,
live_db_signal,ic32_regime_v1,TRXUSDT,FLAT,1.0,2026-06-07T09:05:13.507812+00:00,2026-06-07 17:05:13,2026-06-07,17,,,
live_db_signal,ic32_regime_v1,XRPUSDT,FLAT,1.0,2026-06-07T09:05:14.911045+00:00,2026-06-07 17:05:14,2026-06-07,17,,,
live_db_signal,ic32_regime_v1,ARBUSDT,FLAT,1.0,2026-06-07T09:05:16.343821+00:00,2026-06-07 17:05:16,2026-06-07,17,,,
live_db_signal,ic32_regime_v1,DOGEUSDT,FLAT,1.0,2026-06-07T09:05:17.773308+00:00,2026-06-07 17:05:17,2026-06-07,17,,,
live_db_signal,ic32_regime_v1,LINKUSDT,FLAT,1.0,2026-06-07T09:05:19.347140+00:00,2026-06-07 17:05:19,2026-06-07,17,,,
live_db_signal,ic32_regime_v1,SOLUSDT,FLAT,1.0,2026-06-07T09:05:20.771891+00:00,2026-06-07 17:05:20,2026-06-07,17,,,
live_db_signal,ic32_regime_v1,HBARUSDT,FLAT,1.0,2026-06-07T09:05:22.177074+00:00,2026-06-07 17:05:22,2026-06-07,17,,,
live_db_signal,ic32_regime_v1,ONDOUSDT,FLAT,1.0,2026-06-07T09:05:23.860726+00:00,2026-06-07 17:05:23,2026-06-07,17,,,
live_db_signal,ic32_regime_v1,ADAUSDT,FLAT,1.0,2026-06-07T09:05:25.411159+00:00,2026-06-07 17:05:25,2026-06-07,17,,,
live_db_signal,ic32_regime_v1,1000SHIBUSDT,FLAT,1.0,2026-06-07T09:05:26.945594+00:00,2026-06-07 17:05:26,2026-06-07,17,,,
live_db_signal,ic32_regime_v1,DOTUSDT,FLAT,1.0,2026-06-07T09:05:28.452737+00:00,2026-06-07 17:05:28,2026-06-07,17,,,
live_db_signal,ic32_regime_v1,TAOUSDT,FLAT,1.0,2026-06-07T09:05:29.957544+00:00,2026-06-07 17:05:29,2026-06-07,17,,,
live_db_signal,ic32_regime_v1,SUIUSDT,FLAT,1.0,2026-06-07T10:05:01.219231+00:00,2026-06-07 18:05:01,2026-06-07,18,,,
live_db_signal,ic32_regime_v1,AVAXUSDT,FLAT,1.0,2026-06-07T10:05:02.968255+00:00,2026-06-07 18:05:02,2026-06-07,18,,,
live_db_signal,ic32_regime_v1,NEARUSDT,FLAT,1.0,2026-06-07T10:05:04.651724+00:00,2026-06-07 18:05:04,2026-06-07,18,,,
live_db_signal,ic32_regime_v1,POLUSDT,FLAT,1.0,2026-06-07T10:05:06.194678+00:00,2026-06-07 18:05:06,2026-06-07,18,,,
live_db_signal,ic32_regime_v1,1000PEPEUSDT,FLAT,1.0,2026-06-07T10:05:08.059286+00:00,2026-06-07 18:05:08,2026-06-07,18,,,
live_db_signal,ic32_regime_v1,BNBUSDT,FLAT,1.0,2026-06-07T10:05:10.018109+00:00,2026-06-07 18:05:10,2026-06-07,18,,,
live_db_signal,ic32_regime_v1,ETHUSDT,FLAT,1.0,2026-06-07T10:05:11.897371+00:00,2026-06-07 18:05:11,2026-06-07,18,,,
live_db_signal,ic32_regime_v1,TONUSDT,FLAT,1.0,2026-06-07T10:05:13.793960+00:00,2026-06-07 18:05:13,2026-06-07,18,,,
live_db_signal,ic32_regime_v1,TRXUSDT,FLAT,1.0,2026-06-07T10:05:15.370617+00:00,2026-06-07 18:05:15,2026-06-07,18,,,
live_db_signal,ic32_regime_v1,XRPUSDT,FLAT,1.0,2026-06-07T10:05:17.120330+00:00,2026-06-07 18:05:17,2026-06-07,18,,,
live_db_signal,ic32_regime_v1,ARBUSDT,FLAT,1.0,2026-06-07T10:05:18.621928+00:00,2026-06-07 18:05:18,2026-06-07,18,,,
live_db_signal,ic32_regime_v1,DOGEUSDT,FLAT,1.0,2026-06-07T10:05:20.116329+00:00,2026-06-07 18:05:20,2026-06-07,18,,,
live_db_signal,ic32_regime_v1,LINKUSDT,FLAT,1.0,2026-06-07T10:05:21.694116+00:00,2026-06-07 18:05:21,2026-06-07,18,,,
live_db_signal,ic32_regime_v1,SOLUSDT,FLAT,1.0,2026-06-07T10:05:23.376414+00:00,2026-06-07 18:05:23,2026-06-07,18,,,
live_db_signal,ic32_regime_v1,HBARUSDT,FLAT,1.0,2026-06-07T10:05:24.969633+00:00,2026-06-07 18:05:24,2026-06-07,18,,,
live_db_signal,ic32_regime_v1,ONDOUSDT,FLAT,1.0,2026-06-07T10:05:26.566195+00:00,2026-06-07 18:05:26,2026-06-07,18,,,
live_db_signal,ic32_regime_v1,ADAUSDT,FLAT,1.0,2026-06-07T10:05:28.196511+00:00,2026-06-07 18:05:28,2026-06-07,18,,,
live_db_signal,ic32_regime_v1,1000SHIBUSDT,FLAT,1.0,2026-06-07T10:05:29.768894+00:00,2026-06-07 18:05:29,2026-06-07,18,,,
live_db_signal,ic32_regime_v1,DOTUSDT,FLAT,1.0,2026-06-07T10:05:31.268281+00:00,2026-06-07 18:05:31,2026-06-07,18,,,
live_db_signal,ic32_regime_v1,TAOUSDT,FLAT,1.0,2026-06-07T10:05:32.758565+00:00,2026-06-07 18:05:32,2026-06-07,18,,,
live_db_signal,ic32_regime_v1,SUIUSDT,FLAT,1.0,2026-06-07T11:05:01.368442+00:00,2026-06-07 19:05:01,2026-06-07,19,,,
live_db_signal,ic32_regime_v1,AVAXUSDT,FLAT,1.0,2026-06-07T11:05:05.204575+00:00,2026-06-07 19:05:05,2026-06-07,19,,,
live_db_signal,ic32_regime_v1,NEARUSDT,FLAT,0.6334,2026-06-07T11:05:06.763262+00:00,2026-06-07 19:05:06,2026-06-07,19,,,
live_db_signal,ic32_regime_v1,POLUSDT,FLAT,1.0,2026-06-07T11:05:08.217567+00:00,2026-06-07 19:05:08,2026-06-07,19,,,
live_db_signal,ic32_regime_v1,1000PEPEUSDT,FLAT,1.0,2026-06-07T11:05:09.766982+00:00,2026-06-07 19:05:09,2026-06-07,19,,,
live_db_signal,ic32_regime_v1,BNBUSDT,FLAT,1.0,2026-06-07T11:05:11.205729+00:00,2026-06-07 19:05:11,2026-06-07,19,,,
live_db_signal,ic32_regime_v1,ETHUSDT,FLAT,1.0,2026-06-07T11:05:12.735186+00:00,2026-06-07 19:05:12,2026-06-07,19,,,
live_db_signal,ic32_regime_v1,TONUSDT,FLAT,1.0,2026-06-07T11:05:14.199735+00:00,2026-06-07 19:05:14,2026-06-07,19,,,
live_db_signal,ic32_regime_v1,TRXUSDT,FLAT,1.0,2026-06-07T11:05:15.694131+00:00,2026-06-07 19:05:15,2026-06-07,19,,,
live_db_signal,ic32_regime_v1,XRPUSDT,FLAT,1.0,2026-06-07T11:05:17.178449+00:00,2026-06-07 19:05:17,2026-06-07,19,,,
live_db_signal,ic32_regime_v1,ARBUSDT,FLAT,1.0,2026-06-07T11:05:18.774826+00:00,2026-06-07 19:05:18,2026-06-07,19,,,
live_db_signal,ic32_regime_v1,DOGEUSDT,FLAT,1.0,2026-06-07T11:05:20.270392+00:00,2026-06-07 19:05:20,2026-06-07,19,,,
live_db_signal,ic32_regime_v1,LINKUSDT,FLAT,1.0,2026-06-07T11:05:21.732821+00:00,2026-06-07 19:05:21,2026-06-07,19,,,
live_db_signal,ic32_regime_v1,SOLUSDT,FLAT,1.0,2026-06-07T11:05:23.185480+00:00,2026-06-07 19:05:23,2026-06-07,19,,,
live_db_signal,ic32_regime_v1,HBARUSDT,FLAT,1.0,2026-06-07T11:05:24.675477+00:00,2026-06-07 19:05:24,2026-06-07,19,,,
live_db_signal,ic32_regime_v1,ONDOUSDT,FLAT,1.0,2026-06-07T11:05:26.124336+00:00,2026-06-07 19:05:26,2026-06-07,19,,,
live_db_signal,ic32_regime_v1,ADAUSDT,FLAT,1.0,2026-06-07T11:05:27.602172+00:00,2026-06-07 19:05:27,2026-06-07,19,,,
live_db_signal,ic32_regime_v1,1000SHIBUSDT,FLAT,1.0,2026-06-07T11:05:29.104331+00:00,2026-06-07 19:05:29,2026-06-07,19,,,
live_db_signal,ic32_regime_v1,DOTUSDT,FLAT,1.0,2026-06-07T11:05:30.716246+00:00,2026-06-07 19:05:30,2026-06-07,19,,,
live_db_signal,ic32_regime_v1,TAOUSDT,FLAT,1.0,2026-06-07T11:05:32.251084+00:00,2026-06-07 19:05:32,2026-06-07,19,,,
live_db_signal,ic32_regime_v1,SUIUSDT,FLAT,1.0,2026-06-07T12:05:01.219658+00:00,2026-06-07 20:05:01,2026-06-07,20,,,
live_db_signal,ic32_regime_v1,AVAXUSDT,FLAT,1.0,2026-06-07T12:05:02.864047+00:00,2026-06-07 20:05:02,2026-06-07,20,,,
live_db_signal,ic32_regime_v1,NEARUSDT,FLAT,1.0,2026-06-07T12:05:04.423589+00:00,2026-06-07 20:05:04,2026-06-07,20,,,
live_db_signal,ic32_regime_v1,POLUSDT,FLAT,1.0,2026-06-07T12:05:05.905194+00:00,2026-06-07 20:05:05,2026-06-07,20,,,
live_db_signal,ic32_regime_v1,1000PEPEUSDT,FLAT,1.0,2026-06-07T12:05:07.569101+00:00,2026-06-07 20:05:07,2026-06-07,20,,,
live_db_signal,ic32_regime_v1,BNBUSDT,FLAT,1.0,2026-06-07T12:05:09.048348+00:00,2026-06-07 20:05:09,2026-06-07,20,,,
live_db_signal,ic32_regime_v1,ETHUSDT,FLAT,1.0,2026-06-07T12:05:10.881389+00:00,2026-06-07 20:05:10,2026-06-07,20,,,
live_db_signal,ic32_regime_v1,TONUSDT,FLAT,1.0,2026-06-07T12:05:12.498414+00:00,2026-06-07 20:05:12,2026-06-07,20,,,
live_db_signal,ic32_regime_v1,TRXUSDT,FLAT,1.0,2026-06-07T12:05:14.053959+00:00,2026-06-07 20:05:14,2026-06-07,20,,,
live_db_signal,ic32_regime_v1,XRPUSDT,FLAT,1.0,2026-06-07T12:05:15.563650+00:00,2026-06-07 20:05:15,2026-06-07,20,,,
live_db_signal,ic32_regime_v1,ARBUSDT,FLAT,1.0,2026-06-07T12:05:17.078550+00:00,2026-06-07 20:05:17,2026-06-07,20,,,
live_db_signal,ic32_regime_v1,DOGEUSDT,FLAT,1.0,2026-06-07T12:05:18.596952+00:00,2026-06-07 20:05:18,2026-06-07,20,,,
live_db_signal,ic32_regime_v1,LINKUSDT,FLAT,1.0,2026-06-07T12:05:20.055755+00:00,2026-06-07 20:05:20,2026-06-07,20,,,
live_db_signal,ic32_regime_v1,SOLUSDT,FLAT,1.0,2026-06-07T12:05:21.518101+00:00,2026-06-07 20:05:21,2026-06-07,20,,,
live_db_signal,ic32_regime_v1,HBARUSDT,LONG,0.7483,2026-06-07T12:05:22.984512+00:00,2026-06-07 20:05:22,2026-06-07,20,,,
live_db_signal,ic32_regime_v1,ONDOUSDT,FLAT,1.0,2026-06-07T12:05:25.099642+00:00,2026-06-07 20:05:25,2026-06-07,20,,,
live_db_signal,ic32_regime_v1,ADAUSDT,FLAT,1.0,2026-06-07T12:05:26.586543+00:00,2026-06-07 20:05:26,2026-06-07,20,,,
live_db_signal,ic32_regime_v1,1000SHIBUSDT,FLAT,1.0,2026-06-07T12:05:28.140892+00:00,2026-06-07 20:05:28,2026-06-07,20,,,
live_db_signal,ic32_regime_v1,DOTUSDT,FLAT,1.0,2026-06-07T12:05:29.621999+00:00,2026-06-07 20:05:29,2026-06-07,20,,,
live_db_signal,ic32_regime_v1,TAOUSDT,LONG,0.7129,2026-06-07T12:05:31.170207+00:00,2026-06-07 20:05:31,2026-06-07,20,,,
live_db_signal,ic32_regime_v1,SUIUSDT,FLAT,1.0,2026-06-07T13:05:01.341600+00:00,2026-06-07 21:05:01,2026-06-07,21,,,
live_db_signal,ic32_regime_v1,AVAXUSDT,FLAT,1.0,2026-06-07T13:05:02.929777+00:00,2026-06-07 21:05:02,2026-06-07,21,,,
live_db_signal,ic32_regime_v1,NEARUSDT,FLAT,1.0,2026-06-07T13:05:04.759569+00:00,2026-06-07 21:05:04,2026-06-07,21,,,
live_db_signal,ic32_regime_v1,POLUSDT,FLAT,1.0,2026-06-07T13:05:06.285227+00:00,2026-06-07 21:05:06,2026-06-07,21,,,
live_db_signal,ic32_regime_v1,1000PEPEUSDT,FLAT,1.0,2026-06-07T13:05:07.846383+00:00,2026-06-07 21:05:07,2026-06-07,21,,,
live_db_signal,ic32_regime_v1,BNBUSDT,FLAT,1.0,2026-06-07T13:05:09.367856+00:00,2026-06-07 21:05:09,2026-06-07,21,,,
live_db_signal,ic32_regime_v1,ETHUSDT,FLAT,1.0,2026-06-07T13:05:10.909489+00:00,2026-06-07 21:05:10,2026-06-07,21,,,
live_db_signal,ic32_regime_v1,TONUSDT,FLAT,1.0,2026-06-07T13:05:12.412927+00:00,2026-06-07 21:05:12,2026-06-07,21,,,
live_db_signal,ic32_regime_v1,TRXUSDT,FLAT,1.0,2026-06-07T13:05:13.937136+00:00,2026-06-07 21:05:13,2026-06-07,21,,,
live_db_signal,ic32_regime_v1,XRPUSDT,FLAT,1.0,2026-06-07T13:05:15.556562+00:00,2026-06-07 21:05:15,2026-06-07,21,,,
live_db_signal,ic32_regime_v1,ARBUSDT,FLAT,1.0,2026-06-07T13:05:17.141597+00:00,2026-06-07 21:05:17,2026-06-07,21,,,
live_db_signal,ic32_regime_v1,DOGEUSDT,FLAT,1.0,2026-06-07T13:05:18.688868+00:00,2026-06-07 21:05:18,2026-06-07,21,,,
live_db_signal,ic32_regime_v1,LINKUSDT,FLAT,1.0,2026-06-07T13:05:20.270832+00:00,2026-06-07 21:05:20,2026-06-07,21,,,
live_db_signal,ic32_regime_v1,SOLUSDT,FLAT,1.0,2026-06-07T13:05:21.725708+00:00,2026-06-07 21:05:21,2026-06-07,21,,,
live_db_signal,ic32_regime_v1,HBARUSDT,FLAT,1.0,2026-06-07T13:05:23.235262+00:00,2026-06-07 21:05:23,2026-06-07,21,,,
live_db_signal,ic32_regime_v1,ONDOUSDT,FLAT,1.0,2026-06-07T13:05:24.727876+00:00,2026-06-07 21:05:24,2026-06-07,21,,,
live_db_signal,ic32_regime_v1,ADAUSDT,FLAT,1.0,2026-06-07T13:05:26.221804+00:00,2026-06-07 21:05:26,2026-06-07,21,,,
live_db_signal,ic32_regime_v1,1000SHIBUSDT,FLAT,1.0,2026-06-07T13:05:27.687651+00:00,2026-06-07 21:05:27,2026-06-07,21,,,
live_db_signal,ic32_regime_v1,DOTUSDT,FLAT,1.0,2026-06-07T13:05:29.191270+00:00,2026-06-07 21:05:29,2026-06-07,21,,,
live_db_signal,ic32_regime_v1,TAOUSDT,FLAT,1.0,2026-06-07T13:05:30.646351+00:00,2026-06-07 21:05:30,2026-06-07,21,,,
live_db_signal,ic32_regime_v1,SUIUSDT,FLAT,1.0,2026-06-07T14:05:01.677381+00:00,2026-06-07 22:05:01,2026-06-07,22,,,
live_db_signal,ic32_regime_v1,AVAXUSDT,FLAT,1.0,2026-06-07T14:05:03.267373+00:00,2026-06-07 22:05:03,2026-06-07,22,,,
live_db_signal,ic32_regime_v1,NEARUSDT,FLAT,1.0,2026-06-07T14:05:04.773085+00:00,2026-06-07 22:05:04,2026-06-07,22,,,
live_db_signal,ic32_regime_v1,POLUSDT,FLAT,1.0,2026-06-07T14:05:06.235814+00:00,2026-06-07 22:05:06,2026-06-07,22,,,
live_db_signal,ic32_regime_v1,1000PEPEUSDT,FLAT,1.0,2026-06-07T14:05:07.695106+00:00,2026-06-07 22:05:07,2026-06-07,22,,,
live_db_signal,ic32_regime_v1,BNBUSDT,FLAT,1.0,2026-06-07T14:05:09.193579+00:00,2026-06-07 22:05:09,2026-06-07,22,,,
live_db_signal,ic32_regime_v1,ETHUSDT,FLAT,1.0,2026-06-07T14:05:10.858438+00:00,2026-06-07 22:05:10,2026-06-07,22,,,
live_db_signal,ic32_regime_v1,TONUSDT,FLAT,1.0,2026-06-07T14:05:12.282346+00:00,2026-06-07 22:05:12,2026-06-07,22,,,
live_db_signal,ic32_regime_v1,TRXUSDT,FLAT,0.6136,2026-06-07T14:05:13.788155+00:00,2026-06-07 22:05:13,2026-06-07,22,,,
live_db_signal,ic32_regime_v1,XRPUSDT,FLAT,1.0,2026-06-07T14:05:15.285554+00:00,2026-06-07 22:05:15,2026-06-07,22,,,
live_db_signal,ic32_regime_v1,ARBUSDT,FLAT,1.0,2026-06-07T14:05:16.800236+00:00,2026-06-07 22:05:16,2026-06-07,22,,,
live_db_signal,ic32_regime_v1,DOGEUSDT,FLAT,1.0,2026-06-07T14:05:18.277307+00:00,2026-06-07 22:05:18,2026-06-07,22,,,
live_db_signal,ic32_regime_v1,LINKUSDT,FLAT,1.0,2026-06-07T14:05:19.735321+00:00,2026-06-07 22:05:19,2026-06-07,22,,,
live_db_signal,ic32_regime_v1,SOLUSDT,FLAT,1.0,2026-06-07T14:05:21.208325+00:00,2026-06-07 22:05:21,2026-06-07,22,,,
live_db_signal,ic32_regime_v1,HBARUSDT,FLAT,1.0,2026-06-07T14:05:22.690648+00:00,2026-06-07 22:05:22,2026-06-07,22,,,
live_db_signal,ic32_regime_v1,ONDOUSDT,FLAT,1.0,2026-06-07T14:05:24.194851+00:00,2026-06-07 22:05:24,2026-06-07,22,,,
live_db_signal,ic32_regime_v1,ADAUSDT,FLAT,1.0,2026-06-07T14:05:25.669188+00:00,2026-06-07 22:05:25,2026-06-07,22,,,
live_db_signal,ic32_regime_v1,1000SHIBUSDT,FLAT,1.0,2026-06-07T14:05:27.139327+00:00,2026-06-07 22:05:27,2026-06-07,22,,,
live_db_signal,ic32_regime_v1,DOTUSDT,FLAT,1.0,2026-06-07T14:05:28.602369+00:00,2026-06-07 22:05:28,2026-06-07,22,,,
live_db_signal,ic32_regime_v1,TAOUSDT,FLAT,1.0,2026-06-07T14:05:30.030281+00:00,2026-06-07 22:05:30,2026-06-07,22,,,
live_db_signal,ic32_regime_v1,SUIUSDT,FLAT,1.0,2026-06-07T15:05:01.285618+00:00,2026-06-07 23:05:01,2026-06-07,23,,,
live_db_signal,ic32_regime_v1,AVAXUSDT,FLAT,1.0,2026-06-07T15:05:03.415658+00:00,2026-06-07 23:05:03,2026-06-07,23,,,
live_db_signal,ic32_regime_v1,NEARUSDT,FLAT,1.0,2026-06-07T15:05:05.143365+00:00,2026-06-07 23:05:05,2026-06-07,23,,,
live_db_signal,ic32_regime_v1,POLUSDT,FLAT,1.0,2026-06-07T15:05:06.722464+00:00,2026-06-07 23:05:06,2026-06-07,23,,,
live_db_signal,ic32_regime_v1,1000PEPEUSDT,FLAT,1.0,2026-06-07T15:05:08.348689+00:00,2026-06-07 23:05:08,2026-06-07,23,,,
live_db_signal,ic32_regime_v1,BNBUSDT,FLAT,1.0,2026-06-07T15:05:10.117246+00:00,2026-06-07 23:05:10,2026-06-07,23,,,
live_db_signal,ic32_regime_v1,ETHUSDT,FLAT,1.0,2026-06-07T15:05:11.743876+00:00,2026-06-07 23:05:11,2026-06-07,23,,,
live_db_signal,ic32_regime_v1,TONUSDT,FLAT,1.0,2026-06-07T15:05:13.378597+00:00,2026-06-07 23:05:13,2026-06-07,23,,,
live_db_signal,ic32_regime_v1,TRXUSDT,FLAT,0.5495,2026-06-07T15:05:14.984689+00:00,2026-06-07 23:05:14,2026-06-07,23,,,
live_db_signal,ic32_regime_v1,XRPUSDT,FLAT,1.0,2026-06-07T15:05:16.580946+00:00,2026-06-07 23:05:16,2026-06-07,23,,,
live_db_signal,ic32_regime_v1,ARBUSDT,FLAT,1.0,2026-06-07T15:05:18.184390+00:00,2026-06-07 23:05:18,2026-06-07,23,,,
live_db_signal,ic32_regime_v1,DOGEUSDT,FLAT,1.0,2026-06-07T15:05:19.726222+00:00,2026-06-07 23:05:19,2026-06-07,23,,,
live_db_signal,ic32_regime_v1,LINKUSDT,FLAT,1.0,2026-06-07T15:05:21.347082+00:00,2026-06-07 23:05:21,2026-06-07,23,,,
live_db_signal,ic32_regime_v1,SOLUSDT,FLAT,1.0,2026-06-07T15:05:22.899064+00:00,2026-06-07 23:05:22,2026-06-07,23,,,
live_db_signal,ic32_regime_v1,HBARUSDT,FLAT,1.0,2026-06-07T15:05:24.447121+00:00,2026-06-07 23:05:24,2026-06-07,23,,,
live_db_signal,ic32_regime_v1,ONDOUSDT,FLAT,1.0,2026-06-07T15:05:25.992039+00:00,2026-06-07 23:05:25,2026-06-07,23,,,
live_db_signal,ic32_regime_v1,ADAUSDT,FLAT,1.0,2026-06-07T15:05:27.687371+00:00,2026-06-07 23:05:27,2026-06-07,23,,,
live_db_signal,ic32_regime_v1,1000SHIBUSDT,FLAT,1.0,2026-06-07T15:05:29.305558+00:00,2026-06-07 23:05:29,2026-06-07,23,,,
live_db_signal,ic32_regime_v1,DOTUSDT,FLAT,1.0,2026-06-07T15:05:30.940505+00:00,2026-06-07 23:05:30,2026-06-07,23,,,
live_db_signal,ic32_regime_v1,TAOUSDT,FLAT,1.0,2026-06-07T15:05:32.493544+00:00,2026-06-07 23:05:32,2026-06-07,23,,,
live_db_signal,ic32_regime_v1,SUIUSDT,FLAT,1.0,2026-06-07T16:05:01.210426+00:00,2026-06-08 00:05:01,2026-06-08,0,,,
live_db_signal,ic32_regime_v1,AVAXUSDT,FLAT,1.0,2026-06-07T16:05:04.652788+00:00,2026-06-08 00:05:04,2026-06-08,0,,,
live_db_signal,ic32_regime_v1,NEARUSDT,FLAT,1.0,2026-06-07T16:05:06.114407+00:00,2026-06-08 00:05:06,2026-06-08,0,,,
live_db_signal,ic32_regime_v1,POLUSDT,FLAT,1.0,2026-06-07T16:05:07.578444+00:00,2026-06-08 00:05:07,2026-06-08,0,,,
live_db_signal,ic32_regime_v1,1000PEPEUSDT,FLAT,1.0,2026-06-07T16:05:09.132134+00:00,2026-06-08 00:05:09,2026-06-08,0,,,
live_db_signal,ic32_regime_v1,BNBUSDT,FLAT,1.0,2026-06-07T16:05:10.845516+00:00,2026-06-08 00:05:10,2026-06-08,0,,,
live_db_signal,ic32_regime_v1,ETHUSDT,FLAT,1.0,2026-06-07T16:05:12.465021+00:00,2026-06-08 00:05:12,2026-06-08,0,,,
live_db_signal,ic32_regime_v1,TONUSDT,FLAT,1.0,2026-06-07T16:05:14.031097+00:00,2026-06-08 00:05:14,2026-06-08,0,,,
live_db_signal,ic32_regime_v1,TRXUSDT,FLAT,1.0,2026-06-07T16:05:15.579728+00:00,2026-06-08 00:05:15,2026-06-08,0,,,
live_db_signal,ic32_regime_v1,XRPUSDT,FLAT,1.0,2026-06-07T16:05:17.188200+00:00,2026-06-08 00:05:17,2026-06-08,0,,,
live_db_signal,ic32_regime_v1,ARBUSDT,FLAT,1.0,2026-06-07T16:05:18.757075+00:00,2026-06-08 00:05:18,2026-06-08,0,,,
live_db_signal,ic32_regime_v1,DOGEUSDT,FLAT,1.0,2026-06-07T16:05:20.355624+00:00,2026-06-08 00:05:20,2026-06-08,0,,,
live_db_signal,ic32_regime_v1,LINKUSDT,LONG,0.7043,2026-06-07T16:05:21.900567+00:00,2026-06-08 00:05:21,2026-06-08,0,,,
live_db_signal,ic32_regime_v1,SOLUSDT,FLAT,1.0,2026-06-07T16:05:23.917671+00:00,2026-06-08 00:05:23,2026-06-08,0,,,
live_db_signal,ic32_regime_v1,HBARUSDT,FLAT,1.0,2026-06-07T16:05:25.373574+00:00,2026-06-08 00:05:25,2026-06-08,0,,,
live_db_signal,ic32_regime_v1,ONDOUSDT,FLAT,1.0,2026-06-07T16:05:26.883737+00:00,2026-06-08 00:05:26,2026-06-08,0,,,
live_db_signal,ic32_regime_v1,ADAUSDT,FLAT,1.0,2026-06-07T16:05:28.505128+00:00,2026-06-08 00:05:28,2026-06-08,0,,,
live_db_signal,ic32_regime_v1,1000SHIBUSDT,FLAT,1.0,2026-06-07T16:05:30.162756+00:00,2026-06-08 00:05:30,2026-06-08,0,,,
live_db_signal,ic32_regime_v1,DOTUSDT,FLAT,1.0,2026-06-07T16:05:31.773417+00:00,2026-06-08 00:05:31,2026-06-08,0,,,
live_db_signal,ic32_regime_v1,TAOUSDT,FLAT,1.0,2026-06-07T16:05:33.412272+00:00,2026-06-08 00:05:33,2026-06-08,0,,,
live_db_signal,ic32_regime_v1,SUIUSDT,FLAT,1.0,2026-06-07T17:05:01.822711+00:00,2026-06-08 01:05:01,2026-06-08,1,,,
live_db_signal,ic32_regime_v1,AVAXUSDT,FLAT,1.0,2026-06-07T17:05:05.477861+00:00,2026-06-08 01:05:05,2026-06-08,1,,,
live_db_signal,ic32_regime_v1,NEARUSDT,FLAT,1.0,2026-06-07T17:05:07.365043+00:00,2026-06-08 01:05:07,2026-06-08,1,,,
live_db_signal,ic32_regime_v1,POLUSDT,FLAT,1.0,2026-06-07T17:05:08.959013+00:00,2026-06-08 01:05:08,2026-06-08,1,,,
live_db_signal,ic32_regime_v1,1000PEPEUSDT,FLAT,1.0,2026-06-07T17:05:10.685575+00:00,2026-06-08 01:05:10,2026-06-08,1,,,
live_db_signal,ic32_regime_v1,BNBUSDT,FLAT,1.0,2026-06-07T17:05:12.288081+00:00,2026-06-08 01:05:12,2026-06-08,1,,,
live_db_signal,ic32_regime_v1,ETHUSDT,FLAT,1.0,2026-06-07T17:05:13.804757+00:00,2026-06-08 01:05:13,2026-06-08,1,,,
live_db_signal,ic32_regime_v1,TONUSDT,SHORT,0.691,2026-06-07T17:05:15.392458+00:00,2026-06-08 01:05:15,2026-06-08,1,,,
live_db_signal,ic32_regime_v1,TRXUSDT,FLAT,1.0,2026-06-07T17:05:17.464095+00:00,2026-06-08 01:05:17,2026-06-08,1,,,
live_db_signal,ic32_regime_v1,XRPUSDT,FLAT,1.0,2026-06-07T17:05:19.116185+00:00,2026-06-08 01:05:19,2026-06-08,1,,,
live_db_signal,ic32_regime_v1,ARBUSDT,FLAT,1.0,2026-06-07T17:05:20.715516+00:00,2026-06-08 01:05:20,2026-06-08,1,,,
live_db_signal,ic32_regime_v1,DOGEUSDT,FLAT,1.0,2026-06-07T17:05:22.259461+00:00,2026-06-08 01:05:22,2026-06-08,1,,,
live_db_signal,ic32_regime_v1,LINKUSDT,FLAT,1.0,2026-06-07T17:05:23.804762+00:00,2026-06-08 01:05:23,2026-06-08,1,,,
live_db_signal,ic32_regime_v1,SOLUSDT,FLAT,1.0,2026-06-07T17:05:25.324133+00:00,2026-06-08 01:05:25,2026-06-08,1,,,
live_db_signal,ic32_regime_v1,HBARUSDT,FLAT,1.0,2026-06-07T17:05:26.806157+00:00,2026-06-08 01:05:26,2026-06-08,1,,,
live_db_signal,ic32_regime_v1,ONDOUSDT,FLAT,1.0,2026-06-07T17:05:28.282235+00:00,2026-06-08 01:05:28,2026-06-08,1,,,
live_db_signal,ic32_regime_v1,ADAUSDT,FLAT,1.0,2026-06-07T17:05:29.761232+00:00,2026-06-08 01:05:29,2026-06-08,1,,,
live_db_signal,ic32_regime_v1,1000SHIBUSDT,FLAT,1.0,2026-06-07T17:05:31.362328+00:00,2026-06-08 01:05:31,2026-06-08,1,,,
live_db_signal,ic32_regime_v1,DOTUSDT,FLAT,1.0,2026-06-07T17:05:32.886784+00:00,2026-06-08 01:05:32,2026-06-08,1,,,
live_db_signal,ic32_regime_v1,TAOUSDT,FLAT,1.0,2026-06-07T17:05:34.476793+00:00,2026-06-08 01:05:34,2026-06-08,1,,,
live_db_signal,ic32_regime_v1,SUIUSDT,FLAT,1.0,2026-06-07T18:05:02.795274+00:00,2026-06-08 02:05:02,2026-06-08,2,,,
live_db_signal,ic32_regime_v1,AVAXUSDT,FLAT,1.0,2026-06-07T18:05:04.418167+00:00,2026-06-08 02:05:04,2026-06-08,2,,,
live_db_signal,ic32_regime_v1,NEARUSDT,FLAT,1.0,2026-06-07T18:05:05.905291+00:00,2026-06-08 02:05:05,2026-06-08,2,,,
live_db_signal,ic32_regime_v1,POLUSDT,FLAT,1.0,2026-06-07T18:05:07.649546+00:00,2026-06-08 02:05:07,2026-06-08,2,,,
live_db_signal,ic32_regime_v1,1000PEPEUSDT,FLAT,1.0,2026-06-07T18:05:09.128937+00:00,2026-06-08 02:05:09,2026-06-08,2,,,
live_db_signal,ic32_regime_v1,BNBUSDT,FLAT,1.0,2026-06-07T18:05:10.677012+00:00,2026-06-08 02:05:10,2026-06-08,2,,,
live_db_signal,ic32_regime_v1,ETHUSDT,FLAT,1.0,2026-06-07T18:05:12.174753+00:00,2026-06-08 02:05:12,2026-06-08,2,,,
live_db_signal,ic32_regime_v1,TONUSDT,FLAT,1.0,2026-06-07T18:05:13.701029+00:00,2026-06-08 02:05:13,2026-06-08,2,,,
live_db_signal,ic32_regime_v1,TRXUSDT,FLAT,1.0,2026-06-07T18:05:15.380280+00:00,2026-06-08 02:05:15,2026-06-08,2,,,
live_db_signal,ic32_regime_v1,XRPUSDT,LONG,0.7101,2026-06-07T18:05:16.988771+00:00,2026-06-08 02:05:16,2026-06-08,2,,,
live_db_signal,ic32_regime_v1,ARBUSDT,FLAT,1.0,2026-06-07T18:05:19.094000+00:00,2026-06-08 02:05:19,2026-06-08,2,,,
live_db_signal,ic32_regime_v1,DOGEUSDT,SHORT,0.6491,2026-06-07T18:05:20.632456+00:00,2026-06-08 02:05:20,2026-06-08,2,,,
live_db_signal,ic32_regime_v1,LINKUSDT,FLAT,1.0,2026-06-07T18:05:22.733219+00:00,2026-06-08 02:05:22,2026-06-08,2,,,
live_db_signal,ic32_regime_v1,SOLUSDT,FLAT,1.0,2026-06-07T18:05:24.273543+00:00,2026-06-08 02:05:24,2026-06-08,2,,,
live_db_signal,ic32_regime_v1,HBARUSDT,FLAT,1.0,2026-06-07T18:05:25.757826+00:00,2026-06-08 02:05:25,2026-06-08,2,,,
live_db_signal,ic32_regime_v1,ONDOUSDT,FLAT,1.0,2026-06-07T18:05:27.301642+00:00,2026-06-08 02:05:27,2026-06-08,2,,,
live_db_signal,ic32_regime_v1,ADAUSDT,FLAT,1.0,2026-06-07T18:05:28.846330+00:00,2026-06-08 02:05:28,2026-06-08,2,,,
live_db_signal,ic32_regime_v1,1000SHIBUSDT,SHORT,0.7473,2026-06-07T18:05:30.330469+00:00,2026-06-08 02:05:30,2026-06-08,2,,,
live_db_signal,ic32_regime_v1,DOTUSDT,FLAT,1.0,2026-06-07T18:05:32.281099+00:00,2026-06-08 02:05:32,2026-06-08,2,,,
live_db_signal,ic32_regime_v1,TAOUSDT,FLAT,1.0,2026-06-07T18:05:33.834327+00:00,2026-06-08 02:05:33,2026-06-08,2,,,
live_db_signal,ic32_regime_v1,SUIUSDT,LONG,0.8709,2026-06-07T19:05:01.368081+00:00,2026-06-08 03:05:01,2026-06-08,3,,,
live_db_signal,ic32_regime_v1,AVAXUSDT,FLAT,1.0,2026-06-07T19:05:03.863159+00:00,2026-06-08 03:05:03,2026-06-08,3,,,
live_db_signal,ic32_regime_v1,NEARUSDT,FLAT,1.0,2026-06-07T19:05:05.383217+00:00,2026-06-08 03:05:05,2026-06-08,3,,,
live_db_signal,ic32_regime_v1,POLUSDT,FLAT,1.0,2026-06-07T19:05:06.904776+00:00,2026-06-08 03:05:06,2026-06-08,3,,,
live_db_signal,ic32_regime_v1,1000PEPEUSDT,FLAT,1.0,2026-06-07T19:05:08.518354+00:00,2026-06-08 03:05:08,2026-06-08,3,,,
live_db_signal,ic32_regime_v1,BNBUSDT,FLAT,1.0,2026-06-07T19:05:10.017820+00:00,2026-06-08 03:05:10,2026-06-08,3,,,
live_db_signal,ic32_regime_v1,ETHUSDT,FLAT,1.0,2026-06-07T19:05:11.501451+00:00,2026-06-08 03:05:11,2026-06-08,3,,,
live_db_signal,ic32_regime_v1,TONUSDT,FLAT,1.0,2026-06-07T19:05:13.075610+00:00,2026-06-08 03:05:13,2026-06-08,3,,,
live_db_signal,ic32_regime_v1,TRXUSDT,FLAT,1.0,2026-06-07T19:05:14.506704+00:00,2026-06-08 03:05:14,2026-06-08,3,,,
live_db_signal,ic32_regime_v1,XRPUSDT,FLAT,0.6454,2026-06-07T19:05:16.019478+00:00,2026-06-08 03:05:16,2026-06-08,3,,,
live_db_signal,ic32_regime_v1,ARBUSDT,FLAT,1.0,2026-06-07T19:05:17.471017+00:00,2026-06-08 03:05:17,2026-06-08,3,,,
live_db_signal,ic32_regime_v1,DOGEUSDT,LONG,0.8031,2026-06-07T19:05:18.947820+00:00,2026-06-08 03:05:18,2026-06-08,3,,,
live_db_signal,ic32_regime_v1,LINKUSDT,FLAT,1.0,2026-06-07T19:05:20.921107+00:00,2026-06-08 03:05:20,2026-06-08,3,,,
live_db_signal,ic32_regime_v1,SOLUSDT,FLAT,1.0,2026-06-07T19:05:22.419830+00:00,2026-06-08 03:05:22,2026-06-08,3,,,
live_db_signal,ic32_regime_v1,HBARUSDT,FLAT,1.0,2026-06-07T19:05:23.897154+00:00,2026-06-08 03:05:23,2026-06-08,3,,,
live_db_signal,ic32_regime_v1,ONDOUSDT,FLAT,1.0,2026-06-07T19:05:25.430413+00:00,2026-06-08 03:05:25,2026-06-08,3,,,
live_db_signal,ic32_regime_v1,ADAUSDT,FLAT,1.0,2026-06-07T19:05:26.991785+00:00,2026-06-08 03:05:26,2026-06-08,3,,,
live_db_signal,ic32_regime_v1,1000SHIBUSDT,FLAT,1.0,2026-06-07T19:05:28.530550+00:00,2026-06-08 03:05:28,2026-06-08,3,,,
live_db_signal,ic32_regime_v1,DOTUSDT,FLAT,1.0,2026-06-07T19:05:30.089256+00:00,2026-06-08 03:05:30,2026-06-08,3,,,
live_db_signal,ic32_regime_v1,TAOUSDT,FLAT,1.0,2026-06-07T19:05:31.621732+00:00,2026-06-08 03:05:31,2026-06-08,3,,,
live_db_signal,ic32_regime_v1,SUIUSDT,FLAT,1.0,2026-06-07T20:05:01.247835+00:00,2026-06-08 04:05:01,2026-06-08,4,,,
live_db_signal,ic32_regime_v1,AVAXUSDT,FLAT,1.0,2026-06-07T20:05:02.748888+00:00,2026-06-08 04:05:02,2026-06-08,4,,,
live_db_signal,ic32_regime_v1,NEARUSDT,FLAT,1.0,2026-06-07T20:05:04.286137+00:00,2026-06-08 04:05:04,2026-06-08,4,,,
live_db_signal,ic32_regime_v1,POLUSDT,FLAT,1.0,2026-06-07T20:05:05.776134+00:00,2026-06-08 04:05:05,2026-06-08,4,,,
live_db_signal,ic32_regime_v1,1000PEPEUSDT,FLAT,1.0,2026-06-07T20:05:07.292125+00:00,2026-06-08 04:05:07,2026-06-08,4,,,
live_db_signal,ic32_regime_v1,BNBUSDT,LONG,0.6964,2026-06-07T20:05:08.830126+00:00,2026-06-08 04:05:08,2026-06-08,4,,,
live_db_signal,ic32_regime_v1,ETHUSDT,FLAT,1.0,2026-06-07T20:05:11.292996+00:00,2026-06-08 04:05:11,2026-06-08,4,,,
live_db_signal,ic32_regime_v1,TONUSDT,FLAT,1.0,2026-06-07T20:05:12.817083+00:00,2026-06-08 04:05:12,2026-06-08,4,,,
live_db_signal,ic32_regime_v1,TRXUSDT,FLAT,1.0,2026-06-07T20:05:14.283867+00:00,2026-06-08 04:05:14,2026-06-08,4,,,
live_db_signal,ic32_regime_v1,XRPUSDT,FLAT,1.0,2026-06-07T20:05:15.857427+00:00,2026-06-08 04:05:15,2026-06-08,4,,,
live_db_signal,ic32_regime_v1,ARBUSDT,FLAT,1.0,2026-06-07T20:05:17.355746+00:00,2026-06-08 04:05:17,2026-06-08,4,,,
live_db_signal,ic32_regime_v1,DOGEUSDT,LONG,0.7507,2026-06-07T20:05:18.925851+00:00,2026-06-08 04:05:18,2026-06-08,4,,,
live_db_signal,ic32_regime_v1,LINKUSDT,FLAT,1.0,2026-06-07T20:05:20.625267+00:00,2026-06-08 04:05:20,2026-06-08,4,,,
live_db_signal,ic32_regime_v1,SOLUSDT,FLAT,1.0,2026-06-07T20:05:22.157073+00:00,2026-06-08 04:05:22,2026-06-08,4,,,
live_db_signal,ic32_regime_v1,HBARUSDT,FLAT,1.0,2026-06-07T20:05:23.667767+00:00,2026-06-08 04:05:23,2026-06-08,4,,,
live_db_signal,ic32_regime_v1,ONDOUSDT,FLAT,1.0,2026-06-07T20:05:25.139908+00:00,2026-06-08 04:05:25,2026-06-08,4,,,
live_db_signal,ic32_regime_v1,ADAUSDT,FLAT,1.0,2026-06-07T20:05:26.610179+00:00,2026-06-08 04:05:26,2026-06-08,4,,,
live_db_signal,ic32_regime_v1,1000SHIBUSDT,FLAT,1.0,2026-06-07T20:05:28.183349+00:00,2026-06-08 04:05:28,2026-06-08,4,,,
live_db_signal,ic32_regime_v1,DOTUSDT,FLAT,1.0,2026-06-07T20:05:29.643626+00:00,2026-06-08 04:05:29,2026-06-08,4,,,
live_db_signal,ic32_regime_v1,TAOUSDT,FLAT,1.0,2026-06-07T20:05:31.108055+00:00,2026-06-08 04:05:31,2026-06-08,4,,,
live_db_signal,ic32_regime_v1,SUIUSDT,FLAT,1.0,2026-06-07T21:05:01.338831+00:00,2026-06-08 05:05:01,2026-06-08,5,,,
live_db_signal,ic32_regime_v1,AVAXUSDT,FLAT,1.0,2026-06-07T21:05:03.142326+00:00,2026-06-08 05:05:03,2026-06-08,5,,,
live_db_signal,ic32_regime_v1,NEARUSDT,FLAT,1.0,2026-06-07T21:05:04.803013+00:00,2026-06-08 05:05:04,2026-06-08,5,,,
live_db_signal,ic32_regime_v1,POLUSDT,FLAT,1.0,2026-06-07T21:05:06.290777+00:00,2026-06-08 05:05:06,2026-06-08,5,,,
live_db_signal,ic32_regime_v1,1000PEPEUSDT,FLAT,1.0,2026-06-07T21:05:07.892314+00:00,2026-06-08 05:05:07,2026-06-08,5,,,
live_db_signal,ic32_regime_v1,BNBUSDT,FLAT,1.0,2026-06-07T21:05:09.536396+00:00,2026-06-08 05:05:09,2026-06-08,5,,,
live_db_signal,ic32_regime_v1,ETHUSDT,FLAT,1.0,2026-06-07T21:05:10.996852+00:00,2026-06-08 05:05:10,2026-06-08,5,,,
live_db_signal,ic32_regime_v1,TONUSDT,FLAT,1.0,2026-06-07T21:05:12.715609+00:00,2026-06-08 05:05:12,2026-06-08,5,,,
live_db_signal,ic32_regime_v1,TRXUSDT,FLAT,1.0,2026-06-07T21:05:14.193821+00:00,2026-06-08 05:05:14,2026-06-08,5,,,
live_db_signal,ic32_regime_v1,XRPUSDT,FLAT,1.0,2026-06-07T21:05:15.660523+00:00,2026-06-08 05:05:15,2026-06-08,5,,,
live_db_signal,ic32_regime_v1,ARBUSDT,FLAT,1.0,2026-06-07T21:05:17.108150+00:00,2026-06-08 05:05:17,2026-06-08,5,,,
live_db_signal,ic32_regime_v1,DOGEUSDT,LONG,0.7615,2026-06-07T21:05:18.627742+00:00,2026-06-08 05:05:18,2026-06-08,5,,,
live_db_signal,ic32_regime_v1,LINKUSDT,FLAT,1.0,2026-06-07T21:05:20.679751+00:00,2026-06-08 05:05:20,2026-06-08,5,,,
live_db_signal,ic32_regime_v1,SOLUSDT,FLAT,1.0,2026-06-07T21:05:22.113645+00:00,2026-06-08 05:05:22,2026-06-08,5,,,
live_db_signal,ic32_regime_v1,HBARUSDT,FLAT,1.0,2026-06-07T21:05:23.533860+00:00,2026-06-08 05:05:23,2026-06-08,5,,,
live_db_signal,ic32_regime_v1,ONDOUSDT,FLAT,1.0,2026-06-07T21:05:25.037615+00:00,2026-06-08 05:05:25,2026-06-08,5,,,
live_db_signal,ic32_regime_v1,ADAUSDT,FLAT,1.0,2026-06-07T21:05:26.469031+00:00,2026-06-08 05:05:26,2026-06-08,5,,,
live_db_signal,ic32_regime_v1,1000SHIBUSDT,FLAT,1.0,2026-06-07T21:05:27.948119+00:00,2026-06-08 05:05:27,2026-06-08,5,,,
live_db_signal,ic32_regime_v1,DOTUSDT,FLAT,1.0,2026-06-07T21:05:29.374663+00:00,2026-06-08 05:05:29,2026-06-08,5,,,
live_db_signal,ic32_regime_v1,TAOUSDT,FLAT,1.0,2026-06-07T21:05:30.821124+00:00,2026-06-08 05:05:30,2026-06-08,5,,,
live_db_signal,ic32_regime_v1,SUIUSDT,FLAT,1.0,2026-06-07T22:05:01.186712+00:00,2026-06-08 06:05:01,2026-06-08,6,,,
live_db_signal,ic32_regime_v1,AVAXUSDT,FLAT,1.0,2026-06-07T22:05:02.776146+00:00,2026-06-08 06:05:02,2026-06-08,6,,,
live_db_signal,ic32_regime_v1,NEARUSDT,FLAT,1.0,2026-06-07T22:05:04.261426+00:00,2026-06-08 06:05:04,2026-06-08,6,,,
live_db_signal,ic32_regime_v1,POLUSDT,FLAT,1.0,2026-06-07T22:05:05.858797+00:00,2026-06-08 06:05:05,2026-06-08,6,,,
live_db_signal,ic32_regime_v1,1000PEPEUSDT,LONG,0.7815,2026-06-07T22:05:07.541349+00:00,2026-06-08 06:05:07,2026-06-08,6,,,
live_db_signal,ic32_regime_v1,BNBUSDT,FLAT,1.0,2026-06-07T22:05:09.521240+00:00,2026-06-08 06:05:09,2026-06-08,6,,,
live_db_signal,ic32_regime_v1,ETHUSDT,FLAT,1.0,2026-06-07T22:05:11.183444+00:00,2026-06-08 06:05:11,2026-06-08,6,,,
live_db_signal,ic32_regime_v1,TONUSDT,FLAT,1.0,2026-06-07T22:05:12.764107+00:00,2026-06-08 06:05:12,2026-06-08,6,,,
live_db_signal,ic32_regime_v1,TRXUSDT,FLAT,1.0,2026-06-07T22:05:14.441167+00:00,2026-06-08 06:05:14,2026-06-08,6,,,
live_db_signal,ic32_regime_v1,XRPUSDT,FLAT,1.0,2026-06-07T22:05:15.988657+00:00,2026-06-08 06:05:15,2026-06-08,6,,,
live_db_signal,ic32_regime_v1,ARBUSDT,FLAT,1.0,2026-06-07T22:05:17.483962+00:00,2026-06-08 06:05:17,2026-06-08,6,,,
live_db_signal,ic32_regime_v1,DOGEUSDT,LONG,0.9147,2026-06-07T22:05:19.040257+00:00,2026-06-08 06:05:19,2026-06-08,6,,,
live_db_signal,ic32_regime_v1,LINKUSDT,LONG,0.7333,2026-06-07T22:05:21.196931+00:00,2026-06-08 06:05:21,2026-06-08,6,,,
live_db_signal,ic32_regime_v1,SOLUSDT,FLAT,1.0,2026-06-07T22:05:23.255291+00:00,2026-06-08 06:05:23,2026-06-08,6,,,
live_db_signal,ic32_regime_v1,HBARUSDT,FLAT,1.0,2026-06-07T22:05:24.752760+00:00,2026-06-08 06:05:24,2026-06-08,6,,,
live_db_signal,ic32_regime_v1,ONDOUSDT,FLAT,1.0,2026-06-07T22:05:26.266194+00:00,2026-06-08 06:05:26,2026-06-08,6,,,
live_db_signal,ic32_regime_v1,ADAUSDT,FLAT,1.0,2026-06-07T22:05:27.812702+00:00,2026-06-08 06:05:27,2026-06-08,6,,,
live_db_signal,ic32_regime_v1,1000SHIBUSDT,FLAT,1.0,2026-06-07T22:05:29.351585+00:00,2026-06-08 06:05:29,2026-06-08,6,,,
live_db_signal,ic32_regime_v1,DOTUSDT,FLAT,1.0,2026-06-07T22:05:30.953993+00:00,2026-06-08 06:05:30,2026-06-08,6,,,
live_db_signal,ic32_regime_v1,TAOUSDT,FLAT,1.0,2026-06-07T22:05:32.496917+00:00,2026-06-08 06:05:32,2026-06-08,6,,,
live_db_signal,ic32_regime_v1,SUIUSDT,FLAT,1.0,2026-06-07T23:05:01.263281+00:00,2026-06-08 07:05:01,2026-06-08,7,,,
live_db_signal,ic32_regime_v1,AVAXUSDT,FLAT,1.0,2026-06-07T23:05:02.844897+00:00,2026-06-08 07:05:02,2026-06-08,7,,,
live_db_signal,ic32_regime_v1,NEARUSDT,LONG,0.6994,2026-06-07T23:05:04.369442+00:00,2026-06-08 07:05:04,2026-06-08,7,,,
live_db_signal,ic32_regime_v1,POLUSDT,FLAT,1.0,2026-06-07T23:05:06.381892+00:00,2026-06-08 07:05:06,2026-06-08,7,,,
live_db_signal,ic32_regime_v1,1000PEPEUSDT,FLAT,1.0,2026-06-07T23:05:08.090755+00:00,2026-06-08 07:05:08,2026-06-08,7,,,
live_db_signal,ic32_regime_v1,BNBUSDT,FLAT,1.0,2026-06-07T23:05:09.521521+00:00,2026-06-08 07:05:09,2026-06-08,7,,,
live_db_signal,ic32_regime_v1,ETHUSDT,FLAT,1.0,2026-06-07T23:05:10.997826+00:00,2026-06-08 07:05:10,2026-06-08,7,,,
live_db_signal,ic32_regime_v1,TONUSDT,FLAT,1.0,2026-06-07T23:05:12.654319+00:00,2026-06-08 07:05:12,2026-06-08,7,,,
live_db_signal,ic32_regime_v1,TRXUSDT,FLAT,1.0,2026-06-07T23:05:14.235238+00:00,2026-06-08 07:05:14,2026-06-08,7,,,
live_db_signal,ic32_regime_v1,XRPUSDT,FLAT,1.0,2026-06-07T23:05:15.783605+00:00,2026-06-08 07:05:15,2026-06-08,7,,,
live_db_signal,ic32_regime_v1,ARBUSDT,FLAT,1.0,2026-06-07T23:05:17.329753+00:00,2026-06-08 07:05:17,2026-06-08,7,,,
live_db_signal,ic32_regime_v1,DOGEUSDT,FLAT,1.0,2026-06-07T23:05:18.776927+00:00,2026-06-08 07:05:18,2026-06-08,7,,,
live_db_signal,ic32_regime_v1,LINKUSDT,FLAT,1.0,2026-06-07T23:05:20.207089+00:00,2026-06-08 07:05:20,2026-06-08,7,,,
live_db_signal,ic32_regime_v1,SOLUSDT,FLAT,1.0,2026-06-07T23:05:21.669429+00:00,2026-06-08 07:05:21,2026-06-08,7,,,
live_db_signal,ic32_regime_v1,HBARUSDT,FLAT,1.0,2026-06-07T23:05:23.128436+00:00,2026-06-08 07:05:23,2026-06-08,7,,,
live_db_signal,ic32_regime_v1,ONDOUSDT,FLAT,1.0,2026-06-07T23:05:24.678604+00:00,2026-06-08 07:05:24,2026-06-08,7,,,
live_db_signal,ic32_regime_v1,ADAUSDT,FLAT,1.0,2026-06-07T23:05:26.141630+00:00,2026-06-08 07:05:26,2026-06-08,7,,,
live_db_signal,ic32_regime_v1,1000SHIBUSDT,FLAT,1.0,2026-06-07T23:05:27.555269+00:00,2026-06-08 07:05:27,2026-06-08,7,,,
live_db_signal,ic32_regime_v1,DOTUSDT,FLAT,1.0,2026-06-07T23:05:29.063758+00:00,2026-06-08 07:05:29,2026-06-08,7,,,
live_db_signal,ic32_regime_v1,TAOUSDT,FLAT,1.0,2026-06-07T23:05:30.553936+00:00,2026-06-08 07:05:30,2026-06-08,7,,,
live_db_signal,ic32_regime_v1,SUIUSDT,FLAT,1.0,2026-06-08T00:05:01.499985+00:00,2026-06-08 08:05:01,2026-06-08,8,,,
live_db_signal,ic32_regime_v1,AVAXUSDT,FLAT,1.0,2026-06-08T00:05:03.279807+00:00,2026-06-08 08:05:03,2026-06-08,8,,,
live_db_signal,ic32_regime_v1,NEARUSDT,FLAT,1.0,2026-06-08T00:05:04.953810+00:00,2026-06-08 08:05:04,2026-06-08,8,,,
live_db_signal,ic32_regime_v1,POLUSDT,FLAT,1.0,2026-06-08T00:05:06.593895+00:00,2026-06-08 08:05:06,2026-06-08,8,,,
live_db_signal,ic32_regime_v1,1000PEPEUSDT,FLAT,1.0,2026-06-08T00:05:08.297979+00:00,2026-06-08 08:05:08,2026-06-08,8,,,
live_db_signal,ic32_regime_v1,BNBUSDT,FLAT,1.0,2026-06-08T00:05:09.809962+00:00,2026-06-08 08:05:09,2026-06-08,8,,,
live_db_signal,ic32_regime_v1,ETHUSDT,FLAT,1.0,2026-06-08T00:05:11.334545+00:00,2026-06-08 08:05:11,2026-06-08,8,,,
live_db_signal,ic32_regime_v1,TONUSDT,SHORT,0.7052,2026-06-08T00:05:12.977174+00:00,2026-06-08 08:05:12,2026-06-08,8,,,
live_db_signal,ic32_regime_v1,TRXUSDT,FLAT,1.0,2026-06-08T00:05:15.017660+00:00,2026-06-08 08:05:15,2026-06-08,8,,,
live_db_signal,ic32_regime_v1,XRPUSDT,FLAT,1.0,2026-06-08T00:05:16.516840+00:00,2026-06-08 08:05:16,2026-06-08,8,,,
live_db_signal,ic32_regime_v1,ARBUSDT,FLAT,1.0,2026-06-08T00:05:17.959923+00:00,2026-06-08 08:05:17,2026-06-08,8,,,
live_db_signal,ic32_regime_v1,DOGEUSDT,FLAT,1.0,2026-06-08T00:05:19.419336+00:00,2026-06-08 08:05:19,2026-06-08,8,,,
live_db_signal,ic32_regime_v1,LINKUSDT,FLAT,1.0,2026-06-08T00:05:20.852771+00:00,2026-06-08 08:05:20,2026-06-08,8,,,
live_db_signal,ic32_regime_v1,SOLUSDT,FLAT,1.0,2026-06-08T00:05:22.293637+00:00,2026-06-08 08:05:22,2026-06-08,8,,,
live_db_signal,ic32_regime_v1,HBARUSDT,FLAT,1.0,2026-06-08T00:05:23.753601+00:00,2026-06-08 08:05:23,2026-06-08,8,,,
live_db_signal,ic32_regime_v1,ONDOUSDT,FLAT,1.0,2026-06-08T00:05:25.256140+00:00,2026-06-08 08:05:25,2026-06-08,8,,,
live_db_signal,ic32_regime_v1,ADAUSDT,FLAT,1.0,2026-06-08T00:05:26.756256+00:00,2026-06-08 08:05:26,2026-06-08,8,,,
live_db_signal,ic32_regime_v1,1000SHIBUSDT,FLAT,1.0,2026-06-08T00:05:28.283983+00:00,2026-06-08 08:05:28,2026-06-08,8,,,
live_db_signal,ic32_regime_v1,DOTUSDT,FLAT,1.0,2026-06-08T00:05:29.751391+00:00,2026-06-08 08:05:29,2026-06-08,8,,,
live_db_signal,ic32_regime_v1,TAOUSDT,FLAT,1.0,2026-06-08T00:05:31.205608+00:00,2026-06-08 08:05:31,2026-06-08,8,,,
live_db_signal,ic32_regime_v1,SUIUSDT,FLAT,1.0,2026-06-08T01:05:01.345515+00:00,2026-06-08 09:05:01,2026-06-08,9,,,
live_db_signal,ic32_regime_v1,AVAXUSDT,FLAT,1.0,2026-06-08T01:05:03.036759+00:00,2026-06-08 09:05:03,2026-06-08,9,,,
live_db_signal,ic32_regime_v1,NEARUSDT,FLAT,1.0,2026-06-08T01:05:04.546432+00:00,2026-06-08 09:05:04,2026-06-08,9,,,
live_db_signal,ic32_regime_v1,POLUSDT,FLAT,1.0,2026-06-08T01:05:06.063510+00:00,2026-06-08 09:05:06,2026-06-08,9,,,
live_db_signal,ic32_regime_v1,1000PEPEUSDT,FLAT,1.0,2026-06-08T01:05:07.568376+00:00,2026-06-08 09:05:07,2026-06-08,9,,,
live_db_signal,ic32_regime_v1,BNBUSDT,FLAT,1.0,2026-06-08T01:05:09.032051+00:00,2026-06-08 09:05:09,2026-06-08,9,,,
live_db_signal,ic32_regime_v1,ETHUSDT,FLAT,1.0,2026-06-08T01:05:10.608473+00:00,2026-06-08 09:05:10,2026-06-08,9,,,
live_db_signal,ic32_regime_v1,TONUSDT,FLAT,1.0,2026-06-08T01:05:12.335348+00:00,2026-06-08 09:05:12,2026-06-08,9,,,
live_db_signal,ic32_regime_v1,TRXUSDT,FLAT,1.0,2026-06-08T01:05:13.888684+00:00,2026-06-08 09:05:13,2026-06-08,9,,,
live_db_signal,ic32_regime_v1,XRPUSDT,FLAT,1.0,2026-06-08T01:05:15.456236+00:00,2026-06-08 09:05:15,2026-06-08,9,,,
live_db_signal,ic32_regime_v1,ARBUSDT,FLAT,1.0,2026-06-08T01:05:16.991674+00:00,2026-06-08 09:05:16,2026-06-08,9,,,
live_db_signal,ic32_regime_v1,DOGEUSDT,FLAT,1.0,2026-06-08T01:05:18.508158+00:00,2026-06-08 09:05:18,2026-06-08,9,,,
live_db_signal,ic32_regime_v1,LINKUSDT,FLAT,1.0,2026-06-08T01:05:19.993305+00:00,2026-06-08 09:05:19,2026-06-08,9,,,
live_db_signal,ic32_regime_v1,SOLUSDT,FLAT,1.0,2026-06-08T01:05:21.544420+00:00,2026-06-08 09:05:21,2026-06-08,9,,,
live_db_signal,ic32_regime_v1,HBARUSDT,FLAT,1.0,2026-06-08T01:05:23.019146+00:00,2026-06-08 09:05:23,2026-06-08,9,,,
live_db_signal,ic32_regime_v1,ONDOUSDT,FLAT,1.0,2026-06-08T01:05:24.512155+00:00,2026-06-08 09:05:24,2026-06-08,9,,,
live_db_signal,ic32_regime_v1,ADAUSDT,FLAT,1.0,2026-06-08T01:05:26.001008+00:00,2026-06-08 09:05:26,2026-06-08,9,,,
live_db_signal,ic32_regime_v1,1000SHIBUSDT,SHORT,0.6713,2026-06-08T01:05:27.497198+00:00,2026-06-08 09:05:27,2026-06-08,9,,,
live_db_signal,ic32_regime_v1,DOTUSDT,FLAT,1.0,2026-06-08T01:05:29.571156+00:00,2026-06-08 09:05:29,2026-06-08,9,,,
live_db_signal,ic32_regime_v1,TAOUSDT,FLAT,1.0,2026-06-08T01:05:31.149970+00:00,2026-06-08 09:05:31,2026-06-08,9,,,
live_db_signal,ic32_regime_v1,SUIUSDT,FLAT,1.0,2026-06-08T02:05:01.331421+00:00,2026-06-08 10:05:01,2026-06-08,10,,,
live_db_signal,ic32_regime_v1,AVAXUSDT,SHORT,0.6954,2026-06-08T02:05:03.010665+00:00,2026-06-08 10:05:03,2026-06-08,10,,,
live_db_signal,ic32_regime_v1,NEARUSDT,FLAT,1.0,2026-06-08T02:05:06.159548+00:00,2026-06-08 10:05:06,2026-06-08,10,,,
live_db_signal,ic32_regime_v1,POLUSDT,SHORT,0.7313,2026-06-08T02:05:07.730771+00:00,2026-06-08 10:05:07,2026-06-08,10,,,
live_db_signal,ic32_regime_v1,1000PEPEUSDT,FLAT,1.0,2026-06-08T02:05:09.823386+00:00,2026-06-08 10:05:09,2026-06-08,10,,,
live_db_signal,ic32_regime_v1,BNBUSDT,FLAT,1.0,2026-06-08T02:05:11.333143+00:00,2026-06-08 10:05:11,2026-06-08,10,,,
live_db_signal,ic32_regime_v1,ETHUSDT,FLAT,1.0,2026-06-08T02:05:13.204986+00:00,2026-06-08 10:05:13,2026-06-08,10,,,
live_db_signal,ic32_regime_v1,TONUSDT,SHORT,0.6803,2026-06-08T02:05:14.737695+00:00,2026-06-08 10:05:14,2026-06-08,10,,,
live_db_signal,ic32_regime_v1,TRXUSDT,FLAT,1.0,2026-06-08T02:05:16.765744+00:00,2026-06-08 10:05:16,2026-06-08,10,,,
live_db_signal,ic32_regime_v1,XRPUSDT,FLAT,1.0,2026-06-08T02:05:18.315392+00:00,2026-06-08 10:05:18,2026-06-08,10,,,
live_db_signal,ic32_regime_v1,ARBUSDT,FLAT,1.0,2026-06-08T02:05:19.945190+00:00,2026-06-08 10:05:19,2026-06-08,10,,,
live_db_signal,ic32_regime_v1,DOGEUSDT,FLAT,1.0,2026-06-08T02:05:21.526837+00:00,2026-06-08 10:05:21,2026-06-08,10,,,
live_db_signal,ic32_regime_v1,LINKUSDT,FLAT,1.0,2026-06-08T02:05:23.152576+00:00,2026-06-08 10:05:23,2026-06-08,10,,,
live_db_signal,ic32_regime_v1,SOLUSDT,FLAT,1.0,2026-06-08T02:05:24.776855+00:00,2026-06-08 10:05:24,2026-06-08,10,,,
live_db_signal,ic32_regime_v1,HBARUSDT,SHORT,0.6688,2026-06-08T02:05:26.312274+00:00,2026-06-08 10:05:26,2026-06-08,10,,,
live_db_signal,ic32_regime_v1,ONDOUSDT,FLAT,1.0,2026-06-08T02:05:28.492807+00:00,2026-06-08 10:05:28,2026-06-08,10,,,
live_db_signal,ic32_regime_v1,ADAUSDT,FLAT,1.0,2026-06-08T02:05:30.004595+00:00,2026-06-08 10:05:30,2026-06-08,10,,,
live_db_signal,ic32_regime_v1,1000SHIBUSDT,FLAT,1.0,2026-06-08T02:05:31.640849+00:00,2026-06-08 10:05:31,2026-06-08,10,,,
live_db_signal,ic32_regime_v1,DOTUSDT,SHORT,0.7865,2026-06-08T02:05:33.265654+00:00,2026-06-08 10:05:33,2026-06-08,10,,,
live_db_signal,ic32_regime_v1,TAOUSDT,FLAT,1.0,2026-06-08T02:05:35.270715+00:00,2026-06-08 10:05:35,2026-06-08,10,,,
live_db_signal,ic32_regime_v1,SUIUSDT,FLAT,1.0,2026-06-08T03:05:01.353509+00:00,2026-06-08 11:05:01,2026-06-08,11,,,
live_db_signal,ic32_regime_v1,AVAXUSDT,FLAT,1.0,2026-06-08T03:05:03.253035+00:00,2026-06-08 11:05:03,2026-06-08,11,,,
live_db_signal,ic32_regime_v1,NEARUSDT,FLAT,1.0,2026-06-08T03:05:04.766056+00:00,2026-06-08 11:05:04,2026-06-08,11,,,
live_db_signal,ic32_regime_v1,POLUSDT,SHORT,0.7515,2026-06-08T03:05:06.373899+00:00,2026-06-08 11:05:06,2026-06-08,11,,,
live_db_signal,ic32_regime_v1,1000PEPEUSDT,FLAT,1.0,2026-06-08T03:05:08.447592+00:00,2026-06-08 11:05:08,2026-06-08,11,,,
live_db_signal,ic32_regime_v1,BNBUSDT,FLAT,1.0,2026-06-08T03:05:09.901829+00:00,2026-06-08 11:05:09,2026-06-08,11,,,
live_db_signal,ic32_regime_v1,ETHUSDT,FLAT,1.0,2026-06-08T03:05:11.394076+00:00,2026-06-08 11:05:11,2026-06-08,11,,,
live_db_signal,ic32_regime_v1,TONUSDT,SHORT,0.5975,2026-06-08T03:05:12.829383+00:00,2026-06-08 11:05:12,2026-06-08,11,,,
live_db_signal,ic32_regime_v1,TRXUSDT,FLAT,1.0,2026-06-08T03:05:14.743257+00:00,2026-06-08 11:05:14,2026-06-08,11,,,
live_db_signal,ic32_regime_v1,XRPUSDT,FLAT,1.0,2026-06-08T03:05:16.193309+00:00,2026-06-08 11:05:16,2026-06-08,11,,,
live_db_signal,ic32_regime_v1,ARBUSDT,FLAT,1.0,2026-06-08T03:05:17.661071+00:00,2026-06-08 11:05:17,2026-06-08,11,,,
live_db_signal,ic32_regime_v1,DOGEUSDT,FLAT,1.0,2026-06-08T03:05:19.090024+00:00,2026-06-08 11:05:19,2026-06-08,11,,,
live_db_signal,ic32_regime_v1,LINKUSDT,FLAT,1.0,2026-06-08T03:05:20.613717+00:00,2026-06-08 11:05:20,2026-06-08,11,,,
live_db_signal,ic32_regime_v1,SOLUSDT,FLAT,1.0,2026-06-08T03:05:22.109975+00:00,2026-06-08 11:05:22,2026-06-08,11,,,
live_db_signal,ic32_regime_v1,HBARUSDT,FLAT,1.0,2026-06-08T03:05:23.574077+00:00,2026-06-08 11:05:23,2026-06-08,11,,,
live_db_signal,ic32_regime_v1,ONDOUSDT,FLAT,1.0,2026-06-08T03:05:25.020625+00:00,2026-06-08 11:05:25,2026-06-08,11,,,
live_db_signal,ic32_regime_v1,ADAUSDT,FLAT,1.0,2026-06-08T03:05:26.512004+00:00,2026-06-08 11:05:26,2026-06-08,11,,,
live_db_signal,ic32_regime_v1,1000SHIBUSDT,FLAT,1.0,2026-06-08T03:05:28.065521+00:00,2026-06-08 11:05:28,2026-06-08,11,,,
live_db_signal,ic32_regime_v1,DOTUSDT,SHORT,0.714,2026-06-08T03:05:29.569349+00:00,2026-06-08 11:05:29,2026-06-08,11,,,
live_db_signal,ic32_regime_v1,TAOUSDT,FLAT,1.0,2026-06-08T03:05:31.656240+00:00,2026-06-08 11:05:31,2026-06-08,11,,,
live_db_signal,ic32_regime_v1,SUIUSDT,FLAT,1.0,2026-06-08T04:05:01.291971+00:00,2026-06-08 12:05:01,2026-06-08,12,,,
live_db_signal,ic32_regime_v1,AVAXUSDT,FLAT,1.0,2026-06-08T04:05:03.013470+00:00,2026-06-08 12:05:03,2026-06-08,12,,,
live_db_signal,ic32_regime_v1,NEARUSDT,FLAT,1.0,2026-06-08T04:05:04.634152+00:00,2026-06-08 12:05:04,2026-06-08,12,,,
live_db_signal,ic32_regime_v1,POLUSDT,SHORT,0.7902,2026-06-08T04:05:06.230465+00:00,2026-06-08 12:05:06,2026-06-08,12,,,
live_db_signal,ic32_regime_v1,1000PEPEUSDT,FLAT,1.0,2026-06-08T04:05:08.313994+00:00,2026-06-08 12:05:08,2026-06-08,12,,,
live_db_signal,ic32_regime_v1,BNBUSDT,FLAT,1.0,2026-06-08T04:05:09.790106+00:00,2026-06-08 12:05:09,2026-06-08,12,,,
live_db_signal,ic32_regime_v1,ETHUSDT,FLAT,1.0,2026-06-08T04:05:11.259231+00:00,2026-06-08 12:05:11,2026-06-08,12,,,
live_db_signal,ic32_regime_v1,TONUSDT,FLAT,1.0,2026-06-08T04:05:12.725298+00:00,2026-06-08 12:05:12,2026-06-08,12,,,
live_db_signal,ic32_regime_v1,TRXUSDT,FLAT,1.0,2026-06-08T04:05:14.190775+00:00,2026-06-08 12:05:14,2026-06-08,12,,,
live_db_signal,ic32_regime_v1,XRPUSDT,SHORT,0.7288,2026-06-08T04:05:15.642651+00:00,2026-06-08 12:05:15,2026-06-08,12,,,
live_db_signal,ic32_regime_v1,ARBUSDT,FLAT,1.0,2026-06-08T04:05:17.582236+00:00,2026-06-08 12:05:17,2026-06-08,12,,,
live_db_signal,ic32_regime_v1,DOGEUSDT,SHORT,0.6373,2026-06-08T04:05:19.105402+00:00,2026-06-08 12:05:19,2026-06-08,12,,,
live_db_signal,ic32_regime_v1,LINKUSDT,FLAT,1.0,2026-06-08T04:05:21.112312+00:00,2026-06-08 12:05:21,2026-06-08,12,,,
live_db_signal,ic32_regime_v1,SOLUSDT,LONG,0.7215,2026-06-08T04:05:22.924781+00:00,2026-06-08 12:05:22,2026-06-08,12,,,
live_db_signal,ic32_regime_v1,HBARUSDT,FLAT,1.0,2026-06-08T04:05:25.048374+00:00,2026-06-08 12:05:25,2026-06-08,12,,,
live_db_signal,ic32_regime_v1,ONDOUSDT,FLAT,1.0,2026-06-08T04:05:26.601057+00:00,2026-06-08 12:05:26,2026-06-08,12,,,
live_db_signal,ic32_regime_v1,ADAUSDT,FLAT,1.0,2026-06-08T04:05:28.231498+00:00,2026-06-08 12:05:28,2026-06-08,12,,,
live_db_signal,ic32_regime_v1,1000SHIBUSDT,FLAT,1.0,2026-06-08T04:05:29.728346+00:00,2026-06-08 12:05:29,2026-06-08,12,,,
live_db_signal,ic32_regime_v1,DOTUSDT,FLAT,1.0,2026-06-08T04:05:31.245601+00:00,2026-06-08 12:05:31,2026-06-08,12,,,
live_db_signal,ic32_regime_v1,TAOUSDT,LONG,0.7395,2026-06-08T04:05:32.701632+00:00,2026-06-08 12:05:32,2026-06-08,12,,,
live_db_signal,ic32_regime_v1,SUIUSDT,FLAT,1.0,2026-06-08T05:05:01.632544+00:00,2026-06-08 13:05:01,2026-06-08,13,,,
live_db_signal,ic32_regime_v1,AVAXUSDT,FLAT,1.0,2026-06-08T05:05:03.569170+00:00,2026-06-08 13:05:03,2026-06-08,13,,,
live_db_signal,ic32_regime_v1,NEARUSDT,FLAT,1.0,2026-06-08T05:05:05.360038+00:00,2026-06-08 13:05:05,2026-06-08,13,,,
live_db_signal,ic32_regime_v1,POLUSDT,FLAT,1.0,2026-06-08T05:05:06.980037+00:00,2026-06-08 13:05:06,2026-06-08,13,,,
live_db_signal,ic32_regime_v1,1000PEPEUSDT,FLAT,1.0,2026-06-08T05:05:08.921788+00:00,2026-06-08 13:05:08,2026-06-08,13,,,
live_db_signal,ic32_regime_v1,BNBUSDT,FLAT,1.0,2026-06-08T05:05:11.256368+00:00,2026-06-08 13:05:11,2026-06-08,13,,,
live_db_signal,ic32_regime_v1,ETHUSDT,FLAT,1.0,2026-06-08T05:05:12.868408+00:00,2026-06-08 13:05:12,2026-06-08,13,,,
live_db_signal,ic32_regime_v1,TONUSDT,FLAT,1.0,2026-06-08T05:05:14.618330+00:00,2026-06-08 13:05:14,2026-06-08,13,,,
live_db_signal,ic32_regime_v1,TRXUSDT,FLAT,1.0,2026-06-08T05:05:16.241333+00:00,2026-06-08 13:05:16,2026-06-08,13,,,
live_db_signal,ic32_regime_v1,XRPUSDT,FLAT,1.0,2026-06-08T05:05:17.925290+00:00,2026-06-08 13:05:17,2026-06-08,13,,,
live_db_signal,ic32_regime_v1,ARBUSDT,FLAT,1.0,2026-06-08T05:05:19.668248+00:00,2026-06-08 13:05:19,2026-06-08,13,,,
live_db_signal,ic32_regime_v1,DOGEUSDT,SHORT,0.6731,2026-06-08T05:05:21.294549+00:00,2026-06-08 13:05:21,2026-06-08,13,,,
live_db_signal,ic32_regime_v1,LINKUSDT,FLAT,1.0,2026-06-08T05:05:23.601308+00:00,2026-06-08 13:05:23,2026-06-08,13,,,
live_db_signal,ic32_regime_v1,SOLUSDT,FLAT,1.0,2026-06-08T05:05:25.179368+00:00,2026-06-08 13:05:25,2026-06-08,13,,,
live_db_signal,ic32_regime_v1,HBARUSDT,SHORT,0.6922,2026-06-08T05:05:26.789925+00:00,2026-06-08 13:05:26,2026-06-08,13,,,
live_db_signal,ic32_regime_v1,ONDOUSDT,FLAT,1.0,2026-06-08T05:05:29.222880+00:00,2026-06-08 13:05:29,2026-06-08,13,,,
live_db_signal,ic32_regime_v1,ADAUSDT,FLAT,1.0,2026-06-08T05:05:30.905235+00:00,2026-06-08 13:05:30,2026-06-08,13,,,
live_db_signal,ic32_regime_v1,1000SHIBUSDT,FLAT,1.0,2026-06-08T05:05:32.488102+00:00,2026-06-08 13:05:32,2026-06-08,13,,,
live_db_signal,ic32_regime_v1,DOTUSDT,FLAT,1.0,2026-06-08T05:05:34.079606+00:00,2026-06-08 13:05:34,2026-06-08,13,,,
live_db_signal,ic32_regime_v1,TAOUSDT,FLAT,1.0,2026-06-08T05:05:35.677843+00:00,2026-06-08 13:05:35,2026-06-08,13,,,
live_db_signal,ic32_regime_v1,SUIUSDT,FLAT,1.0,2026-06-08T06:05:01.463692+00:00,2026-06-08 14:05:01,2026-06-08,14,,,
live_db_signal,ic32_regime_v1,AVAXUSDT,FLAT,1.0,2026-06-08T06:05:03.080022+00:00,2026-06-08 14:05:03,2026-06-08,14,,,
live_db_signal,ic32_regime_v1,NEARUSDT,FLAT,1.0,2026-06-08T06:05:04.710313+00:00,2026-06-08 14:05:04,2026-06-08,14,,,
live_db_signal,ic32_regime_v1,POLUSDT,FLAT,1.0,2026-06-08T06:05:06.103527+00:00,2026-06-08 14:05:06,2026-06-08,14,,,
live_db_signal,ic32_regime_v1,1000PEPEUSDT,LONG,0.864,2026-06-08T06:05:07.556931+00:00,2026-06-08 14:05:07,2026-06-08,14,,,
live_db_signal,ic32_regime_v1,BNBUSDT,FLAT,1.0,2026-06-08T06:05:09.464586+00:00,2026-06-08 14:05:09,2026-06-08,14,,,
live_db_signal,ic32_regime_v1,ETHUSDT,FLAT,1.0,2026-06-08T06:05:10.952703+00:00,2026-06-08 14:05:10,2026-06-08,14,,,
live_db_signal,ic32_regime_v1,TONUSDT,FLAT,1.0,2026-06-08T06:05:12.446734+00:00,2026-06-08 14:05:12,2026-06-08,14,,,
live_db_signal,ic32_regime_v1,TRXUSDT,FLAT,1.0,2026-06-08T06:05:13.899523+00:00,2026-06-08 14:05:13,2026-06-08,14,,,
live_db_signal,ic32_regime_v1,XRPUSDT,FLAT,1.0,2026-06-08T06:05:15.374553+00:00,2026-06-08 14:05:15,2026-06-08,14,,,
live_db_signal,ic32_regime_v1,ARBUSDT,FLAT,1.0,2026-06-08T06:05:16.911908+00:00,2026-06-08 14:05:16,2026-06-08,14,,,
live_db_signal,ic32_regime_v1,DOGEUSDT,LONG,0.7948,2026-06-08T06:05:18.408464+00:00,2026-06-08 14:05:18,2026-06-08,14,,,
live_db_signal,ic32_regime_v1,LINKUSDT,FLAT,1.0,2026-06-08T06:05:20.491590+00:00,2026-06-08 14:05:20,2026-06-08,14,,,
live_db_signal,ic32_regime_v1,SOLUSDT,FLAT,1.0,2026-06-08T06:05:22.031281+00:00,2026-06-08 14:05:22,2026-06-08,14,,,
live_db_signal,ic32_regime_v1,HBARUSDT,LONG,0.8142,2026-06-08T06:05:23.602788+00:00,2026-06-08 14:05:23,2026-06-08,14,,,
live_db_signal,ic32_regime_v1,ONDOUSDT,FLAT,1.0,2026-06-08T06:05:25.611165+00:00,2026-06-08 14:05:25,2026-06-08,14,,,
live_db_signal,ic32_regime_v1,ADAUSDT,FLAT,1.0,2026-06-08T06:05:27.218021+00:00,2026-06-08 14:05:27,2026-06-08,14,,,
live_db_signal,ic32_regime_v1,1000SHIBUSDT,FLAT,1.0,2026-06-08T06:05:28.810223+00:00,2026-06-08 14:05:28,2026-06-08,14,,,
live_db_signal,ic32_regime_v1,DOTUSDT,FLAT,1.0,2026-06-08T06:05:30.492421+00:00,2026-06-08 14:05:30,2026-06-08,14,,,
live_db_signal,ic32_regime_v1,TAOUSDT,FLAT,1.0,2026-06-08T06:05:32.106209+00:00,2026-06-08 14:05:32,2026-06-08,14,,,
live_db_signal,ic32_regime_v1,SUIUSDT,FLAT,1.0,2026-06-08T07:05:01.407449+00:00,2026-06-08 15:05:01,2026-06-08,15,,,
live_db_signal,ic32_regime_v1,AVAXUSDT,FLAT,1.0,2026-06-08T07:05:03.149109+00:00,2026-06-08 15:05:03,2026-06-08,15,,,
live_db_signal,ic32_regime_v1,NEARUSDT,FLAT,1.0,2026-06-08T07:05:04.775271+00:00,2026-06-08 15:05:04,2026-06-08,15,,,
live_db_signal,ic32_regime_v1,POLUSDT,FLAT,1.0,2026-06-08T07:05:06.283388+00:00,2026-06-08 15:05:06,2026-06-08,15,,,
live_db_signal,ic32_regime_v1,1000PEPEUSDT,FLAT,1.0,2026-06-08T07:05:07.868814+00:00,2026-06-08 15:05:07,2026-06-08,15,,,
live_db_signal,ic32_regime_v1,BNBUSDT,FLAT,1.0,2026-06-08T07:05:09.356335+00:00,2026-06-08 15:05:09,2026-06-08,15,,,
live_db_signal,ic32_regime_v1,ETHUSDT,FLAT,1.0,2026-06-08T07:05:10.867657+00:00,2026-06-08 15:05:10,2026-06-08,15,,,
live_db_signal,ic32_regime_v1,TONUSDT,FLAT,1.0,2026-06-08T07:05:12.303778+00:00,2026-06-08 15:05:12,2026-06-08,15,,,
live_db_signal,ic32_regime_v1,TRXUSDT,FLAT,1.0,2026-06-08T07:05:13.798062+00:00,2026-06-08 15:05:13,2026-06-08,15,,,
live_db_signal,ic32_regime_v1,XRPUSDT,FLAT,1.0,2026-06-08T07:05:15.265304+00:00,2026-06-08 15:05:15,2026-06-08,15,,,
live_db_signal,ic32_regime_v1,ARBUSDT,FLAT,1.0,2026-06-08T07:05:16.753711+00:00,2026-06-08 15:05:16,2026-06-08,15,,,
live_db_signal,ic32_regime_v1,DOGEUSDT,LONG,0.8315,2026-06-08T07:05:18.222797+00:00,2026-06-08 15:05:18,2026-06-08,15,,,
live_db_signal,ic32_regime_v1,LINKUSDT,FLAT,1.0,2026-06-08T07:05:20.224150+00:00,2026-06-08 15:05:20,2026-06-08,15,,,
live_db_signal,ic32_regime_v1,SOLUSDT,FLAT,1.0,2026-06-08T07:05:21.720929+00:00,2026-06-08 15:05:21,2026-06-08,15,,,
live_db_signal,ic32_regime_v1,HBARUSDT,LONG,0.8486,2026-06-08T07:05:23.290753+00:00,2026-06-08 15:05:23,2026-06-08,15,,,
live_db_signal,ic32_regime_v1,ONDOUSDT,FLAT,1.0,2026-06-08T07:05:25.463142+00:00,2026-06-08 15:05:25,2026-06-08,15,,,
live_db_signal,ic32_regime_v1,ADAUSDT,FLAT,1.0,2026-06-08T07:05:26.967839+00:00,2026-06-08 15:05:26,2026-06-08,15,,,
live_db_signal,ic32_regime_v1,1000SHIBUSDT,FLAT,1.0,2026-06-08T07:05:28.544131+00:00,2026-06-08 15:05:28,2026-06-08,15,,,
live_db_signal,ic32_regime_v1,DOTUSDT,FLAT,1.0,2026-06-08T07:05:30.020017+00:00,2026-06-08 15:05:30,2026-06-08,15,,,
live_db_signal,ic32_regime_v1,TAOUSDT,SHORT,0.7253,2026-06-08T07:05:31.513044+00:00,2026-06-08 15:05:31,2026-06-08,15,,,
live_db_signal,ic32_regime_v1,SUIUSDT,FLAT,1.0,2026-06-08T08:05:01.670437+00:00,2026-06-08 16:05:01,2026-06-08,16,,,
live_db_signal,ic32_regime_v1,AVAXUSDT,SHORT,0.5902,2026-06-08T08:05:03.404915+00:00,2026-06-08 16:05:03,2026-06-08,16,,,
live_db_signal,ic32_regime_v1,NEARUSDT,FLAT,1.0,2026-06-08T08:05:06.403342+00:00,2026-06-08 16:05:06,2026-06-08,16,,,
live_db_signal,ic32_regime_v1,POLUSDT,FLAT,1.0,2026-06-08T08:05:07.986756+00:00,2026-06-08 16:05:07,2026-06-08,16,,,
live_db_signal,ic32_regime_v1,1000PEPEUSDT,FLAT,1.0,2026-06-08T08:05:09.638603+00:00,2026-06-08 16:05:09,2026-06-08,16,,,
live_db_signal,ic32_regime_v1,BNBUSDT,FLAT,1.0,2026-06-08T08:05:11.184726+00:00,2026-06-08 16:05:11,2026-06-08,16,,,
live_db_signal,ic32_regime_v1,ETHUSDT,FLAT,1.0,2026-06-08T08:05:12.733371+00:00,2026-06-08 16:05:12,2026-06-08,16,,,
live_db_signal,ic32_regime_v1,TONUSDT,FLAT,1.0,2026-06-08T08:05:14.257058+00:00,2026-06-08 16:05:14,2026-06-08,16,,,
live_db_signal,ic32_regime_v1,TRXUSDT,FLAT,1.0,2026-06-08T08:05:15.662461+00:00,2026-06-08 16:05:15,2026-06-08,16,,,
live_db_signal,ic32_regime_v1,XRPUSDT,LONG,0.7593,2026-06-08T08:05:17.200264+00:00,2026-06-08 16:05:17,2026-06-08,16,,,
live_db_signal,ic32_regime_v1,ARBUSDT,FLAT,1.0,2026-06-08T08:05:20.158830+00:00,2026-06-08 16:05:20,2026-06-08,16,,,
live_db_signal,ic32_regime_v1,DOGEUSDT,FLAT,1.0,2026-06-08T08:05:21.694403+00:00,2026-06-08 16:05:21,2026-06-08,16,,,
live_db_signal,ic32_regime_v1,LINKUSDT,FLAT,1.0,2026-06-08T08:05:23.305848+00:00,2026-06-08 16:05:23,2026-06-08,16,,,
live_db_signal,ic32_regime_v1,SOLUSDT,FLAT,1.0,2026-06-08T08:05:24.784136+00:00,2026-06-08 16:05:24,2026-06-08,16,,,
live_db_signal,ic32_regime_v1,HBARUSDT,FLAT,1.0,2026-06-08T08:05:26.270142+00:00,2026-06-08 16:05:26,2026-06-08,16,,,
live_db_signal,ic32_regime_v1,ONDOUSDT,FLAT,1.0,2026-06-08T08:05:27.794315+00:00,2026-06-08 16:05:27,2026-06-08,16,,,
live_db_signal,ic32_regime_v1,ADAUSDT,FLAT,1.0,2026-06-08T08:05:29.431241+00:00,2026-06-08 16:05:29,2026-06-08,16,,,
live_db_signal,ic32_regime_v1,1000SHIBUSDT,FLAT,1.0,2026-06-08T08:05:31.080852+00:00,2026-06-08 16:05:31,2026-06-08,16,,,
live_db_signal,ic32_regime_v1,DOTUSDT,FLAT,1.0,2026-06-08T08:05:32.605157+00:00,2026-06-08 16:05:32,2026-06-08,16,,,
live_db_signal,ic32_regime_v1,TAOUSDT,FLAT,1.0,2026-06-08T08:05:34.290694+00:00,2026-06-08 16:05:34,2026-06-08,16,,,
live_db_signal,ic32_regime_v1,SUIUSDT,FLAT,1.0,2026-06-08T09:05:01.327275+00:00,2026-06-08 17:05:01,2026-06-08,17,,,
live_db_signal,ic32_regime_v1,AVAXUSDT,FLAT,1.0,2026-06-08T09:05:03.032929+00:00,2026-06-08 17:05:03,2026-06-08,17,,,
live_db_signal,ic32_regime_v1,NEARUSDT,FLAT,1.0,2026-06-08T09:05:04.632646+00:00,2026-06-08 17:05:04,2026-06-08,17,,,
live_db_signal,ic32_regime_v1,POLUSDT,FLAT,1.0,2026-06-08T09:05:06.237374+00:00,2026-06-08 17:05:06,2026-06-08,17,,,
live_db_signal,ic32_regime_v1,1000PEPEUSDT,LONG,0.7408,2026-06-08T09:05:07.730876+00:00,2026-06-08 17:05:07,2026-06-08,17,,,
live_db_signal,ic32_regime_v1,BNBUSDT,FLAT,1.0,2026-06-08T09:05:10.875684+00:00,2026-06-08 17:05:10,2026-06-08,17,,,
live_db_signal,ic32_regime_v1,ETHUSDT,FLAT,1.0,2026-06-08T09:05:12.492929+00:00,2026-06-08 17:05:12,2026-06-08,17,,,
live_db_signal,ic32_regime_v1,TONUSDT,FLAT,1.0,2026-06-08T09:05:13.997796+00:00,2026-06-08 17:05:13,2026-06-08,17,,,
live_db_signal,ic32_regime_v1,TRXUSDT,FLAT,1.0,2026-06-08T09:05:15.583471+00:00,2026-06-08 17:05:15,2026-06-08,17,,,
live_db_signal,ic32_regime_v1,XRPUSDT,FLAT,1.0,2026-06-08T09:05:17.319177+00:00,2026-06-08 17:05:17,2026-06-08,17,,,
live_db_signal,ic32_regime_v1,ARBUSDT,FLAT,1.0,2026-06-08T09:05:18.886361+00:00,2026-06-08 17:05:18,2026-06-08,17,,,
live_db_signal,ic32_regime_v1,DOGEUSDT,FLAT,1.0,2026-06-08T09:05:20.555260+00:00,2026-06-08 17:05:20,2026-06-08,17,,,
live_db_signal,ic32_regime_v1,LINKUSDT,FLAT,1.0,2026-06-08T09:05:22.163979+00:00,2026-06-08 17:05:22,2026-06-08,17,,,
live_db_signal,ic32_regime_v1,SOLUSDT,FLAT,1.0,2026-06-08T09:05:23.713337+00:00,2026-06-08 17:05:23,2026-06-08,17,,,
live_db_signal,ic32_regime_v1,HBARUSDT,LONG,0.7995,2026-06-08T09:05:25.257212+00:00,2026-06-08 17:05:25,2026-06-08,17,,,
live_db_signal,ic32_regime_v1,ONDOUSDT,FLAT,1.0,2026-06-08T09:05:28.335356+00:00,2026-06-08 17:05:28,2026-06-08,17,,,
live_db_signal,ic32_regime_v1,ADAUSDT,FLAT,1.0,2026-06-08T09:05:29.892854+00:00,2026-06-08 17:05:29,2026-06-08,17,,,
live_db_signal,ic32_regime_v1,1000SHIBUSDT,FLAT,1.0,2026-06-08T09:05:31.442536+00:00,2026-06-08 17:05:31,2026-06-08,17,,,
live_db_signal,ic32_regime_v1,DOTUSDT,FLAT,1.0,2026-06-08T09:05:33.069434+00:00,2026-06-08 17:05:33,2026-06-08,17,,,
live_db_signal,ic32_regime_v1,TAOUSDT,FLAT,1.0,2026-06-08T09:05:34.596498+00:00,2026-06-08 17:05:34,2026-06-08,17,,,
live_db_signal,ic32_regime_v1,SUIUSDT,FLAT,1.0,2026-06-08T10:05:01.350281+00:00,2026-06-08 18:05:01,2026-06-08,18,,,
live_db_signal,ic32_regime_v1,AVAXUSDT,FLAT,1.0,2026-06-08T10:05:02.980732+00:00,2026-06-08 18:05:02,2026-06-08,18,,,
live_db_signal,ic32_regime_v1,NEARUSDT,FLAT,1.0,2026-06-08T10:05:04.483302+00:00,2026-06-08 18:05:04,2026-06-08,18,,,
live_db_signal,ic32_regime_v1,POLUSDT,FLAT,1.0,2026-06-08T10:05:05.946009+00:00,2026-06-08 18:05:05,2026-06-08,18,,,
live_db_signal,ic32_regime_v1,1000PEPEUSDT,FLAT,1.0,2026-06-08T10:05:07.424806+00:00,2026-06-08 18:05:07,2026-06-08,18,,,
live_db_signal,ic32_regime_v1,BNBUSDT,FLAT,1.0,2026-06-08T10:05:08.929881+00:00,2026-06-08 18:05:08,2026-06-08,18,,,
live_db_signal,ic32_regime_v1,ETHUSDT,FLAT,1.0,2026-06-08T10:05:10.406128+00:00,2026-06-08 18:05:10,2026-06-08,18,,,
live_db_signal,ic32_regime_v1,TONUSDT,FLAT,1.0,2026-06-08T10:05:11.935008+00:00,2026-06-08 18:05:11,2026-06-08,18,,,
live_db_signal,ic32_regime_v1,TRXUSDT,FLAT,1.0,2026-06-08T10:05:13.449534+00:00,2026-06-08 18:05:13,2026-06-08,18,,,
live_db_signal,ic32_regime_v1,XRPUSDT,FLAT,1.0,2026-06-08T10:05:14.949449+00:00,2026-06-08 18:05:14,2026-06-08,18,,,
live_db_signal,ic32_regime_v1,ARBUSDT,FLAT,1.0,2026-06-08T10:05:16.433700+00:00,2026-06-08 18:05:16,2026-06-08,18,,,
live_db_signal,ic32_regime_v1,DOGEUSDT,FLAT,1.0,2026-06-08T10:05:17.910563+00:00,2026-06-08 18:05:17,2026-06-08,18,,,
live_db_signal,ic32_regime_v1,LINKUSDT,FLAT,1.0,2026-06-08T10:05:19.409912+00:00,2026-06-08 18:05:19,2026-06-08,18,,,
live_db_signal,ic32_regime_v1,SOLUSDT,FLAT,1.0,2026-06-08T10:05:20.924440+00:00,2026-06-08 18:05:20,2026-06-08,18,,,
live_db_signal,ic32_regime_v1,HBARUSDT,FLAT,1.0,2026-06-08T10:05:22.490446+00:00,2026-06-08 18:05:22,2026-06-08,18,,,
live_db_signal,ic32_regime_v1,ONDOUSDT,FLAT,1.0,2026-06-08T10:05:23.937359+00:00,2026-06-08 18:05:23,2026-06-08,18,,,
live_db_signal,ic32_regime_v1,ADAUSDT,FLAT,1.0,2026-06-08T10:05:25.408705+00:00,2026-06-08 18:05:25,2026-06-08,18,,,
live_db_signal,ic32_regime_v1,1000SHIBUSDT,FLAT,1.0,2026-06-08T10:05:26.887342+00:00,2026-06-08 18:05:26,2026-06-08,18,,,
live_db_signal,ic32_regime_v1,DOTUSDT,FLAT,1.0,2026-06-08T10:05:28.352194+00:00,2026-06-08 18:05:28,2026-06-08,18,,,
live_db_signal,ic32_regime_v1,TAOUSDT,LONG,0.6934,2026-06-08T10:05:29.803641+00:00,2026-06-08 18:05:29,2026-06-08,18,,,
live_db_signal,ic32_regime_v1,SUIUSDT,FLAT,1.0,2026-06-08T11:05:01.427683+00:00,2026-06-08 19:05:01,2026-06-08,19,,,
live_db_signal,ic32_regime_v1,AVAXUSDT,FLAT,1.0,2026-06-08T11:05:02.994387+00:00,2026-06-08 19:05:02,2026-06-08,19,,,
live_db_signal,ic32_regime_v1,NEARUSDT,FLAT,1.0,2026-06-08T11:05:04.619635+00:00,2026-06-08 19:05:04,2026-06-08,19,,,
live_db_signal,ic32_regime_v1,POLUSDT,FLAT,1.0,2026-06-08T11:05:06.189032+00:00,2026-06-08 19:05:06,2026-06-08,19,,,
live_db_signal,ic32_regime_v1,1000PEPEUSDT,FLAT,1.0,2026-06-08T11:05:07.696189+00:00,2026-06-08 19:05:07,2026-06-08,19,,,
live_db_signal,ic32_regime_v1,BNBUSDT,FLAT,1.0,2026-06-08T11:05:09.406254+00:00,2026-06-08 19:05:09,2026-06-08,19,,,
live_db_signal,ic32_regime_v1,ETHUSDT,FLAT,1.0,2026-06-08T11:05:10.918867+00:00,2026-06-08 19:05:10,2026-06-08,19,,,
live_db_signal,ic32_regime_v1,TONUSDT,FLAT,1.0,2026-06-08T11:05:12.517313+00:00,2026-06-08 19:05:12,2026-06-08,19,,,
live_db_signal,ic32_regime_v1,TRXUSDT,FLAT,1.0,2026-06-08T11:05:14.022065+00:00,2026-06-08 19:05:14,2026-06-08,19,,,
live_db_signal,ic32_regime_v1,XRPUSDT,FLAT,1.0,2026-06-08T11:05:15.549669+00:00,2026-06-08 19:05:15,2026-06-08,19,,,
live_db_signal,ic32_regime_v1,ARBUSDT,FLAT,1.0,2026-06-08T11:05:17.037962+00:00,2026-06-08 19:05:17,2026-06-08,19,,,
live_db_signal,ic32_regime_v1,DOGEUSDT,FLAT,0.6264,2026-06-08T11:05:18.612784+00:00,2026-06-08 19:05:18,2026-06-08,19,,,
live_db_signal,ic32_regime_v1,LINKUSDT,FLAT,1.0,2026-06-08T11:05:20.133973+00:00,2026-06-08 19:05:20,2026-06-08,19,,,
live_db_signal,ic32_regime_v1,SOLUSDT,FLAT,1.0,2026-06-08T11:05:21.748498+00:00,2026-06-08 19:05:21,2026-06-08,19,,,
live_db_signal,ic32_regime_v1,HBARUSDT,FLAT,1.0,2026-06-08T11:05:23.446088+00:00,2026-06-08 19:05:23,2026-06-08,19,,,
live_db_signal,ic32_regime_v1,ONDOUSDT,FLAT,1.0,2026-06-08T11:05:25.111807+00:00,2026-06-08 19:05:25,2026-06-08,19,,,
live_db_signal,ic32_regime_v1,ADAUSDT,FLAT,1.0,2026-06-08T11:05:26.666128+00:00,2026-06-08 19:05:26,2026-06-08,19,,,
live_db_signal,ic32_regime_v1,1000SHIBUSDT,FLAT,1.0,2026-06-08T11:05:28.219115+00:00,2026-06-08 19:05:28,2026-06-08,19,,,
live_db_signal,ic32_regime_v1,DOTUSDT,FLAT,1.0,2026-06-08T11:05:29.746058+00:00,2026-06-08 19:05:29,2026-06-08,19,,,
live_db_signal,ic32_regime_v1,TAOUSDT,FLAT,1.0,2026-06-08T11:05:31.307381+00:00,2026-06-08 19:05:31,2026-06-08,19,,,
live_db_signal,ic32_regime_v1,SUIUSDT,FLAT,1.0,2026-06-08T12:05:01.313677+00:00,2026-06-08 20:05:01,2026-06-08,20,,,
live_db_signal,ic32_regime_v1,AVAXUSDT,FLAT,1.0,2026-06-08T12:05:03.919184+00:00,2026-06-08 20:05:03,2026-06-08,20,,,
live_db_signal,ic32_regime_v1,NEARUSDT,SHORT,0.802,2026-06-08T12:05:05.504508+00:00,2026-06-08 20:05:05,2026-06-08,20,,,
live_db_signal,ic32_regime_v1,POLUSDT,FLAT,1.0,2026-06-08T12:05:08.420977+00:00,2026-06-08 20:05:08,2026-06-08,20,,,
live_db_signal,ic32_regime_v1,1000PEPEUSDT,FLAT,1.0,2026-06-08T12:05:09.948786+00:00,2026-06-08 20:05:09,2026-06-08,20,,,
live_db_signal,ic32_regime_v1,BNBUSDT,FLAT,1.0,2026-06-08T12:05:11.393525+00:00,2026-06-08 20:05:11,2026-06-08,20,,,
live_db_signal,ic32_regime_v1,ETHUSDT,FLAT,1.0,2026-06-08T12:05:12.841122+00:00,2026-06-08 20:05:12,2026-06-08,20,,,
live_db_signal,ic32_regime_v1,TONUSDT,FLAT,1.0,2026-06-08T12:05:14.293245+00:00,2026-06-08 20:05:14,2026-06-08,20,,,
live_db_signal,ic32_regime_v1,TRXUSDT,FLAT,1.0,2026-06-08T12:05:15.752970+00:00,2026-06-08 20:05:15,2026-06-08,20,,,
live_db_signal,ic32_regime_v1,XRPUSDT,FLAT,1.0,2026-06-08T12:05:17.227575+00:00,2026-06-08 20:05:17,2026-06-08,20,,,
live_db_signal,ic32_regime_v1,ARBUSDT,FLAT,1.0,2026-06-08T12:05:18.633942+00:00,2026-06-08 20:05:18,2026-06-08,20,,,
live_db_signal,ic32_regime_v1,DOGEUSDT,FLAT,1.0,2026-06-08T12:05:20.102984+00:00,2026-06-08 20:05:20,2026-06-08,20,,,
live_db_signal,ic32_regime_v1,LINKUSDT,FLAT,1.0,2026-06-08T12:05:21.563944+00:00,2026-06-08 20:05:21,2026-06-08,20,,,
live_db_signal,ic32_regime_v1,SOLUSDT,FLAT,1.0,2026-06-08T12:05:23.037398+00:00,2026-06-08 20:05:23,2026-06-08,20,,,
live_db_signal,ic32_regime_v1,HBARUSDT,FLAT,1.0,2026-06-08T12:05:24.503347+00:00,2026-06-08 20:05:24,2026-06-08,20,,,
live_db_signal,ic32_regime_v1,ONDOUSDT,FLAT,1.0,2026-06-08T12:05:26.025507+00:00,2026-06-08 20:05:26,2026-06-08,20,,,
live_db_signal,ic32_regime_v1,ADAUSDT,FLAT,1.0,2026-06-08T12:05:27.482546+00:00,2026-06-08 20:05:27,2026-06-08,20,,,
live_db_signal,ic32_regime_v1,1000SHIBUSDT,FLAT,1.0,2026-06-08T12:05:28.963026+00:00,2026-06-08 20:05:28,2026-06-08,20,,,
live_db_signal,ic32_regime_v1,DOTUSDT,FLAT,1.0,2026-06-08T12:05:30.503200+00:00,2026-06-08 20:05:30,2026-06-08,20,,,
live_db_signal,ic32_regime_v1,TAOUSDT,LONG,0.7148,2026-06-08T12:05:32.079064+00:00,2026-06-08 20:05:32,2026-06-08,20,,,
live_db_signal,ic32_regime_v1,SUIUSDT,FLAT,1.0,2026-06-08T13:05:01.331196+00:00,2026-06-08 21:05:01,2026-06-08,21,,,
live_db_signal,ic32_regime_v1,AVAXUSDT,FLAT,1.0,2026-06-08T13:05:03.230040+00:00,2026-06-08 21:05:03,2026-06-08,21,,,
live_db_signal,ic32_regime_v1,NEARUSDT,FLAT,1.0,2026-06-08T13:05:04.730679+00:00,2026-06-08 21:05:04,2026-06-08,21,,,
live_db_signal,ic32_regime_v1,POLUSDT,FLAT,1.0,2026-06-08T13:05:06.273349+00:00,2026-06-08 21:05:06,2026-06-08,21,,,
live_db_signal,ic32_regime_v1,1000PEPEUSDT,FLAT,1.0,2026-06-08T13:05:07.773957+00:00,2026-06-08 21:05:07,2026-06-08,21,,,
live_db_signal,ic32_regime_v1,BNBUSDT,FLAT,1.0,2026-06-08T13:05:09.321174+00:00,2026-06-08 21:05:09,2026-06-08,21,,,
live_db_signal,ic32_regime_v1,ETHUSDT,FLAT,1.0,2026-06-08T13:05:10.907426+00:00,2026-06-08 21:05:10,2026-06-08,21,,,
live_db_signal,ic32_regime_v1,TONUSDT,FLAT,1.0,2026-06-08T13:05:12.349677+00:00,2026-06-08 21:05:12,2026-06-08,21,,,
live_db_signal,ic32_regime_v1,TRXUSDT,FLAT,1.0,2026-06-08T13:05:13.788129+00:00,2026-06-08 21:05:13,2026-06-08,21,,,
live_db_signal,ic32_regime_v1,XRPUSDT,FLAT,1.0,2026-06-08T13:05:15.228955+00:00,2026-06-08 21:05:15,2026-06-08,21,,,
live_db_signal,ic32_regime_v1,ARBUSDT,FLAT,1.0,2026-06-08T13:05:16.681581+00:00,2026-06-08 21:05:16,2026-06-08,21,,,
live_db_signal,ic32_regime_v1,DOGEUSDT,FLAT,1.0,2026-06-08T13:05:18.153753+00:00,2026-06-08 21:05:18,2026-06-08,21,,,
live_db_signal,ic32_regime_v1,LINKUSDT,FLAT,1.0,2026-06-08T13:05:19.601380+00:00,2026-06-08 21:05:19,2026-06-08,21,,,
live_db_signal,ic32_regime_v1,SOLUSDT,FLAT,1.0,2026-06-08T13:05:21.040801+00:00,2026-06-08 21:05:21,2026-06-08,21,,,
live_db_signal,ic32_regime_v1,HBARUSDT,FLAT,1.0,2026-06-08T13:05:22.492087+00:00,2026-06-08 21:05:22,2026-06-08,21,,,
live_db_signal,ic32_regime_v1,ONDOUSDT,FLAT,1.0,2026-06-08T13:05:23.928133+00:00,2026-06-08 21:05:23,2026-06-08,21,,,
live_db_signal,ic32_regime_v1,ADAUSDT,FLAT,1.0,2026-06-08T13:05:25.376946+00:00,2026-06-08 21:05:25,2026-06-08,21,,,
live_db_signal,ic32_regime_v1,1000SHIBUSDT,FLAT,1.0,2026-06-08T13:05:26.918615+00:00,2026-06-08 21:05:26,2026-06-08,21,,,
live_db_signal,ic32_regime_v1,DOTUSDT,FLAT,1.0,2026-06-08T13:05:28.339505+00:00,2026-06-08 21:05:28,2026-06-08,21,,,
live_db_signal,ic32_regime_v1,TAOUSDT,FLAT,1.0,2026-06-08T13:05:29.826259+00:00,2026-06-08 21:05:29,2026-06-08,21,,,
live_db_signal,ic32_regime_v1,SUIUSDT,FLAT,1.0,2026-06-08T14:05:02.378054+00:00,2026-06-08 22:05:02,2026-06-08,22,,,
live_db_signal,ic32_regime_v1,AVAXUSDT,FLAT,1.0,2026-06-08T14:05:06.468076+00:00,2026-06-08 22:05:06,2026-06-08,22,,,
live_db_signal,ic32_regime_v1,NEARUSDT,FLAT,1.0,2026-06-08T14:05:07.945543+00:00,2026-06-08 22:05:07,2026-06-08,22,,,
live_db_signal,ic32_regime_v1,POLUSDT,FLAT,1.0,2026-06-08T14:05:09.467758+00:00,2026-06-08 22:05:09,2026-06-08,22,,,
live_db_signal,ic32_regime_v1,1000PEPEUSDT,FLAT,1.0,2026-06-08T14:05:10.928287+00:00,2026-06-08 22:05:10,2026-06-08,22,,,
live_db_signal,ic32_regime_v1,BNBUSDT,FLAT,1.0,2026-06-08T14:05:12.377074+00:00,2026-06-08 22:05:12,2026-06-08,22,,,
live_db_signal,ic32_regime_v1,ETHUSDT,FLAT,1.0,2026-06-08T14:05:13.831225+00:00,2026-06-08 22:05:13,2026-06-08,22,,,
live_db_signal,ic32_regime_v1,TONUSDT,FLAT,1.0,2026-06-08T14:05:15.305300+00:00,2026-06-08 22:05:15,2026-06-08,22,,,
live_db_signal,ic32_regime_v1,TRXUSDT,FLAT,1.0,2026-06-08T14:05:16.742738+00:00,2026-06-08 22:05:16,2026-06-08,22,,,
live_db_signal,ic32_regime_v1,XRPUSDT,FLAT,1.0,2026-06-08T14:05:18.184134+00:00,2026-06-08 22:05:18,2026-06-08,22,,,
live_db_signal,ic32_regime_v1,ARBUSDT,FLAT,1.0,2026-06-08T14:05:19.660419+00:00,2026-06-08 22:05:19,2026-06-08,22,,,
live_db_signal,ic32_regime_v1,DOGEUSDT,FLAT,1.0,2026-06-08T14:05:21.095008+00:00,2026-06-08 22:05:21,2026-06-08,22,,,
live_db_signal,ic32_regime_v1,LINKUSDT,FLAT,1.0,2026-06-08T14:05:22.521395+00:00,2026-06-08 22:05:22,2026-06-08,22,,,
live_db_signal,ic32_regime_v1,SOLUSDT,FLAT,1.0,2026-06-08T14:05:24.021124+00:00,2026-06-08 22:05:24,2026-06-08,22,,,
live_db_signal,ic32_regime_v1,HBARUSDT,FLAT,1.0,2026-06-08T14:05:25.514942+00:00,2026-06-08 22:05:25,2026-06-08,22,,,
live_db_signal,ic32_regime_v1,ONDOUSDT,FLAT,1.0,2026-06-08T14:05:26.988687+00:00,2026-06-08 22:05:26,2026-06-08,22,,,
live_db_signal,ic32_regime_v1,ADAUSDT,FLAT,1.0,2026-06-08T14:05:28.431301+00:00,2026-06-08 22:05:28,2026-06-08,22,,,
live_db_signal,ic32_regime_v1,1000SHIBUSDT,FLAT,1.0,2026-06-08T14:05:29.868757+00:00,2026-06-08 22:05:29,2026-06-08,22,,,
live_db_signal,ic32_regime_v1,DOTUSDT,FLAT,1.0,2026-06-08T14:05:31.560090+00:00,2026-06-08 22:05:31,2026-06-08,22,,,
live_db_signal,ic32_regime_v1,TAOUSDT,FLAT,1.0,2026-06-08T14:05:33.051053+00:00,2026-06-08 22:05:33,2026-06-08,22,,,
live_db_signal,ic32_regime_v1,SUIUSDT,FLAT,1.0,2026-06-08T15:05:01.380630+00:00,2026-06-08 23:05:01,2026-06-08,23,,,
live_db_signal,ic32_regime_v1,AVAXUSDT,FLAT,1.0,2026-06-08T15:05:02.918172+00:00,2026-06-08 23:05:02,2026-06-08,23,,,
live_db_signal,ic32_regime_v1,NEARUSDT,FLAT,1.0,2026-06-08T15:05:04.405274+00:00,2026-06-08 23:05:04,2026-06-08,23,,,
live_db_signal,ic32_regime_v1,POLUSDT,FLAT,1.0,2026-06-08T15:05:05.833123+00:00,2026-06-08 23:05:05,2026-06-08,23,,,
live_db_signal,ic32_regime_v1,1000PEPEUSDT,FLAT,1.0,2026-06-08T15:05:07.249281+00:00,2026-06-08 23:05:07,2026-06-08,23,,,
live_db_signal,ic32_regime_v1,BNBUSDT,FLAT,1.0,2026-06-08T15:05:08.671687+00:00,2026-06-08 23:05:08,2026-06-08,23,,,
live_db_signal,ic32_regime_v1,ETHUSDT,FLAT,1.0,2026-06-08T15:05:10.098589+00:00,2026-06-08 23:05:10,2026-06-08,23,,,
live_db_signal,ic32_regime_v1,TONUSDT,FLAT,1.0,2026-06-08T15:05:11.502048+00:00,2026-06-08 23:05:11,2026-06-08,23,,,
live_db_signal,ic32_regime_v1,TRXUSDT,FLAT,1.0,2026-06-08T15:05:13.045094+00:00,2026-06-08 23:05:13,2026-06-08,23,,,
live_db_signal,ic32_regime_v1,XRPUSDT,FLAT,1.0,2026-06-08T15:05:14.568477+00:00,2026-06-08 23:05:14,2026-06-08,23,,,
live_db_signal,ic32_regime_v1,ARBUSDT,FLAT,1.0,2026-06-08T15:05:16.007968+00:00,2026-06-08 23:05:16,2026-06-08,23,,,
live_db_signal,ic32_regime_v1,DOGEUSDT,FLAT,1.0,2026-06-08T15:05:17.496617+00:00,2026-06-08 23:05:17,2026-06-08,23,,,
live_db_signal,ic32_regime_v1,LINKUSDT,FLAT,1.0,2026-06-08T15:05:18.970338+00:00,2026-06-08 23:05:18,2026-06-08,23,,,
live_db_signal,ic32_regime_v1,SOLUSDT,FLAT,1.0,2026-06-08T15:05:20.470132+00:00,2026-06-08 23:05:20,2026-06-08,23,,,
live_db_signal,ic32_regime_v1,HBARUSDT,FLAT,1.0,2026-06-08T15:05:22.076437+00:00,2026-06-08 23:05:22,2026-06-08,23,,,
live_db_signal,ic32_regime_v1,ONDOUSDT,FLAT,1.0,2026-06-08T15:05:23.614340+00:00,2026-06-08 23:05:23,2026-06-08,23,,,
live_db_signal,ic32_regime_v1,ADAUSDT,FLAT,1.0,2026-06-08T15:05:25.204615+00:00,2026-06-08 23:05:25,2026-06-08,23,,,
live_db_signal,ic32_regime_v1,1000SHIBUSDT,FLAT,1.0,2026-06-08T15:05:26.674733+00:00,2026-06-08 23:05:26,2026-06-08,23,,,
live_db_signal,ic32_regime_v1,DOTUSDT,FLAT,1.0,2026-06-08T15:05:28.213205+00:00,2026-06-08 23:05:28,2026-06-08,23,,,
live_db_signal,ic32_regime_v1,TAOUSDT,FLAT,1.0,2026-06-08T15:05:29.647543+00:00,2026-06-08 23:05:29,2026-06-08,23,,,
live_db_signal,ic32_regime_v1,SUIUSDT,FLAT,1.0,2026-06-08T16:05:05.147418+00:00,2026-06-09 00:05:05,2026-06-09,0,,,
live_db_signal,ic32_regime_v1,AVAXUSDT,SHORT,0.7068,2026-06-08T16:05:06.724111+00:00,2026-06-09 00:05:06,2026-06-09,0,,,
live_db_signal,ic32_regime_v1,NEARUSDT,FLAT,1.0,2026-06-08T16:05:10.217930+00:00,2026-06-09 00:05:10,2026-06-09,0,,,
live_db_signal,ic32_regime_v1,POLUSDT,FLAT,1.0,2026-06-08T16:05:11.751931+00:00,2026-06-09 00:05:11,2026-06-09,0,,,
live_db_signal,ic32_regime_v1,1000PEPEUSDT,FLAT,1.0,2026-06-08T16:05:13.632839+00:00,2026-06-09 00:05:13,2026-06-09,0,,,
live_db_signal,ic32_regime_v1,BNBUSDT,FLAT,1.0,2026-06-08T16:05:15.478268+00:00,2026-06-09 00:05:15,2026-06-09,0,,,
live_db_signal,ic32_regime_v1,ETHUSDT,FLAT,1.0,2026-06-08T16:05:17.248710+00:00,2026-06-09 00:05:17,2026-06-09,0,,,
live_db_signal,ic32_regime_v1,TONUSDT,FLAT,1.0,2026-06-08T16:05:18.903283+00:00,2026-06-09 00:05:18,2026-06-09,0,,,
live_db_signal,ic32_regime_v1,TRXUSDT,FLAT,1.0,2026-06-08T16:05:20.748765+00:00,2026-06-09 00:05:20,2026-06-09,0,,,
live_db_signal,ic32_regime_v1,XRPUSDT,FLAT,1.0,2026-06-08T16:05:22.274876+00:00,2026-06-09 00:05:22,2026-06-09,0,,,
live_db_signal,ic32_regime_v1,ARBUSDT,FLAT,1.0,2026-06-08T16:05:23.779957+00:00,2026-06-09 00:05:23,2026-06-09,0,,,
live_db_signal,ic32_regime_v1,DOGEUSDT,FLAT,1.0,2026-06-08T16:05:25.255550+00:00,2026-06-09 00:05:25,2026-06-09,0,,,
live_db_signal,ic32_regime_v1,LINKUSDT,FLAT,1.0,2026-06-08T16:05:26.817204+00:00,2026-06-09 00:05:26,2026-06-09,0,,,
live_db_signal,ic32_regime_v1,SOLUSDT,FLAT,1.0,2026-06-08T16:05:28.397310+00:00,2026-06-09 00:05:28,2026-06-09,0,,,
live_db_signal,ic32_regime_v1,HBARUSDT,FLAT,1.0,2026-06-08T16:05:30.105619+00:00,2026-06-09 00:05:30,2026-06-09,0,,,
live_db_signal,ic32_regime_v1,ONDOUSDT,FLAT,1.0,2026-06-08T16:05:31.580083+00:00,2026-06-09 00:05:31,2026-06-09,0,,,
live_db_signal,ic32_regime_v1,ADAUSDT,FLAT,1.0,2026-06-08T16:05:33.086371+00:00,2026-06-09 00:05:33,2026-06-09,0,,,
live_db_signal,ic32_regime_v1,1000SHIBUSDT,FLAT,1.0,2026-06-08T16:05:34.690700+00:00,2026-06-09 00:05:34,2026-06-09,0,,,
live_db_signal,ic32_regime_v1,DOTUSDT,FLAT,1.0,2026-06-08T16:05:36.333119+00:00,2026-06-09 00:05:36,2026-06-09,0,,,
live_db_signal,ic32_regime_v1,TAOUSDT,FLAT,1.0,2026-06-08T16:05:37.902252+00:00,2026-06-09 00:05:37,2026-06-09,0,,,
live_db_signal,ic32_regime_v1,SUIUSDT,FLAT,1.0,2026-06-08T17:05:01.333441+00:00,2026-06-09 01:05:01,2026-06-09,1,,,
live_db_signal,ic32_regime_v1,AVAXUSDT,FLAT,0.5038,2026-06-08T17:05:02.963632+00:00,2026-06-09 01:05:02,2026-06-09,1,,,
live_db_signal,ic32_regime_v1,NEARUSDT,FLAT,1.0,2026-06-08T17:05:04.500560+00:00,2026-06-09 01:05:04,2026-06-09,1,,,
live_db_signal,ic32_regime_v1,POLUSDT,LONG,0.7764,2026-06-08T17:05:06.121860+00:00,2026-06-09 01:05:06,2026-06-09,1,,,
live_db_signal,ic32_regime_v1,1000PEPEUSDT,FLAT,1.0,2026-06-08T17:05:09.053290+00:00,2026-06-09 01:05:09,2026-06-09,1,,,
live_db_signal,ic32_regime_v1,BNBUSDT,FLAT,1.0,2026-06-08T17:05:10.562314+00:00,2026-06-09 01:05:10,2026-06-09,1,,,
live_db_signal,ic32_regime_v1,ETHUSDT,FLAT,1.0,2026-06-08T17:05:12.087136+00:00,2026-06-09 01:05:12,2026-06-09,1,,,
live_db_signal,ic32_regime_v1,TONUSDT,FLAT,1.0,2026-06-08T17:05:13.556870+00:00,2026-06-09 01:05:13,2026-06-09,1,,,
live_db_signal,ic32_regime_v1,TRXUSDT,FLAT,1.0,2026-06-08T17:05:15.020409+00:00,2026-06-09 01:05:15,2026-06-09,1,,,
live_db_signal,ic32_regime_v1,XRPUSDT,FLAT,1.0,2026-06-08T17:05:16.520425+00:00,2026-06-09 01:05:16,2026-06-09,1,,,
live_db_signal,ic32_regime_v1,ARBUSDT,FLAT,1.0,2026-06-08T17:05:17.967235+00:00,2026-06-09 01:05:17,2026-06-09,1,,,
live_db_signal,ic32_regime_v1,DOGEUSDT,FLAT,1.0,2026-06-08T17:05:19.409750+00:00,2026-06-09 01:05:19,2026-06-09,1,,,
live_db_signal,ic32_regime_v1,LINKUSDT,FLAT,1.0,2026-06-08T17:05:20.827456+00:00,2026-06-09 01:05:20,2026-06-09,1,,,
live_db_signal,ic32_regime_v1,SOLUSDT,FLAT,1.0,2026-06-08T17:05:22.332080+00:00,2026-06-09 01:05:22,2026-06-09,1,,,
live_db_signal,ic32_regime_v1,HBARUSDT,FLAT,1.0,2026-06-08T17:05:23.740341+00:00,2026-06-09 01:05:23,2026-06-09,1,,,
live_db_signal,ic32_regime_v1,ONDOUSDT,FLAT,1.0,2026-06-08T17:05:25.207112+00:00,2026-06-09 01:05:25,2026-06-09,1,,,
live_db_signal,ic32_regime_v1,ADAUSDT,FLAT,1.0,2026-06-08T17:05:26.982310+00:00,2026-06-09 01:05:26,2026-06-09,1,,,
live_db_signal,ic32_regime_v1,1000SHIBUSDT,FLAT,1.0,2026-06-08T17:05:28.426509+00:00,2026-06-09 01:05:28,2026-06-09,1,,,
live_db_signal,ic32_regime_v1,DOTUSDT,FLAT,1.0,2026-06-08T17:05:29.815820+00:00,2026-06-09 01:05:29,2026-06-09,1,,,
live_db_signal,ic32_regime_v1,TAOUSDT,FLAT,1.0,2026-06-08T17:05:31.251635+00:00,2026-06-09 01:05:31,2026-06-09,1,,,
live_db_signal,ic32_regime_v1,SUIUSDT,FLAT,1.0,2026-06-08T18:05:01.280388+00:00,2026-06-09 02:05:01,2026-06-09,2,,,
live_db_signal,ic32_regime_v1,AVAXUSDT,FLAT,1.0,2026-06-08T18:05:02.914621+00:00,2026-06-09 02:05:02,2026-06-09,2,,,
live_db_signal,ic32_regime_v1,NEARUSDT,FLAT,1.0,2026-06-08T18:05:04.513136+00:00,2026-06-09 02:05:04,2026-06-09,2,,,
live_db_signal,ic32_regime_v1,POLUSDT,FLAT,1.0,2026-06-08T18:05:06.028384+00:00,2026-06-09 02:05:06,2026-06-09,2,,,
live_db_signal,ic32_regime_v1,1000PEPEUSDT,FLAT,1.0,2026-06-08T18:05:07.543900+00:00,2026-06-09 02:05:07,2026-06-09,2,,,
live_db_signal,ic32_regime_v1,BNBUSDT,FLAT,1.0,2026-06-08T18:05:09.005036+00:00,2026-06-09 02:05:09,2026-06-09,2,,,
live_db_signal,ic32_regime_v1,ETHUSDT,FLAT,1.0,2026-06-08T18:05:10.554329+00:00,2026-06-09 02:05:10,2026-06-09,2,,,
live_db_signal,ic32_regime_v1,TONUSDT,FLAT,1.0,2026-06-08T18:05:12.019587+00:00,2026-06-09 02:05:12,2026-06-09,2,,,
live_db_signal,ic32_regime_v1,TRXUSDT,FLAT,1.0,2026-06-08T18:05:13.530116+00:00,2026-06-09 02:05:13,2026-06-09,2,,,
live_db_signal,ic32_regime_v1,XRPUSDT,FLAT,1.0,2026-06-08T18:05:14.977620+00:00,2026-06-09 02:05:14,2026-06-09,2,,,
live_db_signal,ic32_regime_v1,ARBUSDT,FLAT,1.0,2026-06-08T18:05:16.464862+00:00,2026-06-09 02:05:16,2026-06-09,2,,,
live_db_signal,ic32_regime_v1,DOGEUSDT,FLAT,1.0,2026-06-08T18:05:17.943222+00:00,2026-06-09 02:05:17,2026-06-09,2,,,
live_db_signal,ic32_regime_v1,LINKUSDT,FLAT,1.0,2026-06-08T18:05:19.408456+00:00,2026-06-09 02:05:19,2026-06-09,2,,,
live_db_signal,ic32_regime_v1,SOLUSDT,FLAT,1.0,2026-06-08T18:05:20.870025+00:00,2026-06-09 02:05:20,2026-06-09,2,,,
live_db_signal,ic32_regime_v1,HBARUSDT,FLAT,1.0,2026-06-08T18:05:22.367824+00:00,2026-06-09 02:05:22,2026-06-09,2,,,
live_db_signal,ic32_regime_v1,ONDOUSDT,FLAT,1.0,2026-06-08T18:05:23.824886+00:00,2026-06-09 02:05:23,2026-06-09,2,,,
live_db_signal,ic32_regime_v1,ADAUSDT,FLAT,1.0,2026-06-08T18:05:25.316059+00:00,2026-06-09 02:05:25,2026-06-09,2,,,
live_db_signal,ic32_regime_v1,1000SHIBUSDT,FLAT,1.0,2026-06-08T18:05:26.782354+00:00,2026-06-09 02:05:26,2026-06-09,2,,,
live_db_signal,ic32_regime_v1,DOTUSDT,FLAT,1.0,2026-06-08T18:05:28.323633+00:00,2026-06-09 02:05:28,2026-06-09,2,,,
live_db_signal,ic32_regime_v1,TAOUSDT,FLAT,1.0,2026-06-08T18:05:29.817295+00:00,2026-06-09 02:05:29,2026-06-09,2,,,
live_db_signal,ic32_regime_v1,SUIUSDT,FLAT,1.0,2026-06-08T19:05:02.185012+00:00,2026-06-09 03:05:02,2026-06-09,3,,,
live_db_signal,ic32_regime_v1,AVAXUSDT,FLAT,1.0,2026-06-08T19:05:03.713136+00:00,2026-06-09 03:05:03,2026-06-09,3,,,
live_db_signal,ic32_regime_v1,NEARUSDT,FLAT,1.0,2026-06-08T19:05:05.177973+00:00,2026-06-09 03:05:05,2026-06-09,3,,,
live_db_signal,ic32_regime_v1,POLUSDT,FLAT,1.0,2026-06-08T19:05:06.691899+00:00,2026-06-09 03:05:06,2026-06-09,3,,,
live_db_signal,ic32_regime_v1,1000PEPEUSDT,FLAT,1.0,2026-06-08T19:05:08.326607+00:00,2026-06-09 03:05:08,2026-06-09,3,,,
live_db_signal,ic32_regime_v1,BNBUSDT,FLAT,1.0,2026-06-08T19:05:09.826775+00:00,2026-06-09 03:05:09,2026-06-09,3,,,
live_db_signal,ic32_regime_v1,ETHUSDT,FLAT,1.0,2026-06-08T19:05:11.443949+00:00,2026-06-09 03:05:11,2026-06-09,3,,,
live_db_signal,ic32_regime_v1,TONUSDT,FLAT,1.0,2026-06-08T19:05:12.878853+00:00,2026-06-09 03:05:12,2026-06-09,3,,,
live_db_signal,ic32_regime_v1,TRXUSDT,FLAT,1.0,2026-06-08T19:05:14.330219+00:00,2026-06-09 03:05:14,2026-06-09,3,,,
live_db_signal,ic32_regime_v1,XRPUSDT,FLAT,1.0,2026-06-08T19:05:15.792050+00:00,2026-06-09 03:05:15,2026-06-09,3,,,
live_db_signal,ic32_regime_v1,ARBUSDT,FLAT,1.0,2026-06-08T19:05:17.271779+00:00,2026-06-09 03:05:17,2026-06-09,3,,,
live_db_signal,ic32_regime_v1,DOGEUSDT,FLAT,1.0,2026-06-08T19:05:18.705367+00:00,2026-06-09 03:05:18,2026-06-09,3,,,
live_db_signal,ic32_regime_v1,LINKUSDT,FLAT,1.0,2026-06-08T19:05:20.187458+00:00,2026-06-09 03:05:20,2026-06-09,3,,,
live_db_signal,ic32_regime_v1,SOLUSDT,FLAT,1.0,2026-06-08T19:05:21.630248+00:00,2026-06-09 03:05:21,2026-06-09,3,,,
live_db_signal,ic32_regime_v1,HBARUSDT,FLAT,1.0,2026-06-08T19:05:23.096138+00:00,2026-06-09 03:05:23,2026-06-09,3,,,
live_db_signal,ic32_regime_v1,ONDOUSDT,FLAT,1.0,2026-06-08T19:05:24.529090+00:00,2026-06-09 03:05:24,2026-06-09,3,,,
live_db_signal,ic32_regime_v1,ADAUSDT,FLAT,1.0,2026-06-08T19:05:26.041550+00:00,2026-06-09 03:05:26,2026-06-09,3,,,
live_db_signal,ic32_regime_v1,1000SHIBUSDT,FLAT,1.0,2026-06-08T19:05:27.495518+00:00,2026-06-09 03:05:27,2026-06-09,3,,,
live_db_signal,ic32_regime_v1,DOTUSDT,FLAT,1.0,2026-06-08T19:05:29.102049+00:00,2026-06-09 03:05:29,2026-06-09,3,,,
live_db_signal,ic32_regime_v1,TAOUSDT,FLAT,1.0,2026-06-08T19:05:30.527923+00:00,2026-06-09 03:05:30,2026-06-09,3,,,
live_db_signal,ic32_regime_v1,SUIUSDT,FLAT,1.0,2026-06-08T20:05:01.362553+00:00,2026-06-09 04:05:01,2026-06-09,4,,,
live_db_signal,ic32_regime_v1,AVAXUSDT,FLAT,1.0,2026-06-08T20:05:02.981445+00:00,2026-06-09 04:05:02,2026-06-09,4,,,
live_db_signal,ic32_regime_v1,NEARUSDT,SHORT,0.6767,2026-06-08T20:05:04.538319+00:00,2026-06-09 04:05:04,2026-06-09,4,,,
live_db_signal,ic32_regime_v1,POLUSDT,FLAT,1.0,2026-06-08T20:05:07.496618+00:00,2026-06-09 04:05:07,2026-06-09,4,,,
live_db_signal,ic32_regime_v1,1000PEPEUSDT,FLAT,1.0,2026-06-08T20:05:08.961972+00:00,2026-06-09 04:05:08,2026-06-09,4,,,
live_db_signal,ic32_regime_v1,BNBUSDT,FLAT,1.0,2026-06-08T20:05:10.400432+00:00,2026-06-09 04:05:10,2026-06-09,4,,,
live_db_signal,ic32_regime_v1,ETHUSDT,LONG,0.74,2026-06-08T20:05:11.988134+00:00,2026-06-09 04:05:11,2026-06-09,4,,,
live_db_signal,ic32_regime_v1,TONUSDT,FLAT,1.0,2026-06-08T20:05:14.893694+00:00,2026-06-09 04:05:14,2026-06-09,4,,,
live_db_signal,ic32_regime_v1,TRXUSDT,FLAT,1.0,2026-06-08T20:05:16.294745+00:00,2026-06-09 04:05:16,2026-06-09,4,,,
live_db_signal,ic32_regime_v1,XRPUSDT,FLAT,1.0,2026-06-08T20:05:17.729374+00:00,2026-06-09 04:05:17,2026-06-09,4,,,
live_db_signal,ic32_regime_v1,ARBUSDT,FLAT,1.0,2026-06-08T20:05:19.186806+00:00,2026-06-09 04:05:19,2026-06-09,4,,,
live_db_signal,ic32_regime_v1,DOGEUSDT,FLAT,1.0,2026-06-08T20:05:20.573110+00:00,2026-06-09 04:05:20,2026-06-09,4,,,
live_db_signal,ic32_regime_v1,LINKUSDT,FLAT,1.0,2026-06-08T20:05:22.198050+00:00,2026-06-09 04:05:22,2026-06-09,4,,,
live_db_signal,ic32_regime_v1,SOLUSDT,FLAT,1.0,2026-06-08T20:05:23.615507+00:00,2026-06-09 04:05:23,2026-06-09,4,,,
live_db_signal,ic32_regime_v1,HBARUSDT,FLAT,1.0,2026-06-08T20:05:25.020569+00:00,2026-06-09 04:05:25,2026-06-09,4,,,
live_db_signal,ic32_regime_v1,ONDOUSDT,FLAT,1.0,2026-06-08T20:05:26.421613+00:00,2026-06-09 04:05:26,2026-06-09,4,,,
live_db_signal,ic32_regime_v1,ADAUSDT,FLAT,1.0,2026-06-08T20:05:27.840295+00:00,2026-06-09 04:05:27,2026-06-09,4,,,
live_db_signal,ic32_regime_v1,1000SHIBUSDT,FLAT,1.0,2026-06-08T20:05:29.230781+00:00,2026-06-09 04:05:29,2026-06-09,4,,,
live_db_signal,ic32_regime_v1,DOTUSDT,FLAT,1.0,2026-06-08T20:05:30.626068+00:00,2026-06-09 04:05:30,2026-06-09,4,,,
live_db_signal,ic32_regime_v1,TAOUSDT,FLAT,1.0,2026-06-08T20:05:32.082831+00:00,2026-06-09 04:05:32,2026-06-09,4,,,
live_db_signal,ic32_regime_v1,SUIUSDT,FLAT,1.0,2026-06-08T21:05:01.448218+00:00,2026-06-09 05:05:01,2026-06-09,5,,,
live_db_signal,ic32_regime_v1,AVAXUSDT,FLAT,1.0,2026-06-08T21:05:02.973953+00:00,2026-06-09 05:05:02,2026-06-09,5,,,
live_db_signal,ic32_regime_v1,NEARUSDT,FLAT,1.0,2026-06-08T21:05:04.459688+00:00,2026-06-09 05:05:04,2026-06-09,5,,,
live_db_signal,ic32_regime_v1,POLUSDT,FLAT,1.0,2026-06-08T21:05:05.894348+00:00,2026-06-09 05:05:05,2026-06-09,5,,,
live_db_signal,ic32_regime_v1,1000PEPEUSDT,FLAT,1.0,2026-06-08T21:05:07.318919+00:00,2026-06-09 05:05:07,2026-06-09,5,,,
live_db_signal,ic32_regime_v1,BNBUSDT,FLAT,1.0,2026-06-08T21:05:08.772840+00:00,2026-06-09 05:05:08,2026-06-09,5,,,
live_db_signal,ic32_regime_v1,ETHUSDT,FLAT,1.0,2026-06-08T21:05:10.206146+00:00,2026-06-09 05:05:10,2026-06-09,5,,,
live_db_signal,ic32_regime_v1,TONUSDT,FLAT,1.0,2026-06-08T21:05:11.651584+00:00,2026-06-09 05:05:11,2026-06-09,5,,,
live_db_signal,ic32_regime_v1,TRXUSDT,FLAT,1.0,2026-06-08T21:05:13.102397+00:00,2026-06-09 05:05:13,2026-06-09,5,,,
live_db_signal,ic32_regime_v1,XRPUSDT,FLAT,1.0,2026-06-08T21:05:14.547307+00:00,2026-06-09 05:05:14,2026-06-09,5,,,
live_db_signal,ic32_regime_v1,ARBUSDT,LONG,0.7565,2026-06-08T21:05:16.067083+00:00,2026-06-09 05:05:16,2026-06-09,5,,,
live_db_signal,ic32_regime_v1,DOGEUSDT,FLAT,1.0,2026-06-08T21:05:18.827444+00:00,2026-06-09 05:05:18,2026-06-09,5,,,
live_db_signal,ic32_regime_v1,LINKUSDT,FLAT,1.0,2026-06-08T21:05:20.262895+00:00,2026-06-09 05:05:20,2026-06-09,5,,,
live_db_signal,ic32_regime_v1,SOLUSDT,FLAT,1.0,2026-06-08T21:05:21.690406+00:00,2026-06-09 05:05:21,2026-06-09,5,,,
live_db_signal,ic32_regime_v1,HBARUSDT,FLAT,1.0,2026-06-08T21:05:23.162220+00:00,2026-06-09 05:05:23,2026-06-09,5,,,
live_db_signal,ic32_regime_v1,ONDOUSDT,FLAT,1.0,2026-06-08T21:05:24.619790+00:00,2026-06-09 05:05:24,2026-06-09,5,,,
live_db_signal,ic32_regime_v1,ADAUSDT,FLAT,1.0,2026-06-08T21:05:26.107738+00:00,2026-06-09 05:05:26,2026-06-09,5,,,
live_db_signal,ic32_regime_v1,1000SHIBUSDT,FLAT,1.0,2026-06-08T21:05:27.748766+00:00,2026-06-09 05:05:27,2026-06-09,5,,,
live_db_signal,ic32_regime_v1,DOTUSDT,FLAT,1.0,2026-06-08T21:05:29.235588+00:00,2026-06-09 05:05:29,2026-06-09,5,,,
live_db_signal,ic32_regime_v1,TAOUSDT,FLAT,1.0,2026-06-08T21:05:30.694263+00:00,2026-06-09 05:05:30,2026-06-09,5,,,
live_db_signal,ic32_regime_v1,SUIUSDT,FLAT,1.0,2026-06-08T22:05:01.500777+00:00,2026-06-09 06:05:01,2026-06-09,6,,,
live_db_signal,ic32_regime_v1,AVAXUSDT,FLAT,1.0,2026-06-08T22:05:03.210367+00:00,2026-06-09 06:05:03,2026-06-09,6,,,
live_db_signal,ic32_regime_v1,NEARUSDT,FLAT,1.0,2026-06-08T22:05:04.909382+00:00,2026-06-09 06:05:04,2026-06-09,6,,,
live_db_signal,ic32_regime_v1,POLUSDT,FLAT,1.0,2026-06-08T22:05:06.422875+00:00,2026-06-09 06:05:06,2026-06-09,6,,,
live_db_signal,ic32_regime_v1,1000PEPEUSDT,FLAT,1.0,2026-06-08T22:05:07.942697+00:00,2026-06-09 06:05:07,2026-06-09,6,,,
live_db_signal,ic32_regime_v1,BNBUSDT,FLAT,1.0,2026-06-08T22:05:09.562693+00:00,2026-06-09 06:05:09,2026-06-09,6,,,
live_db_signal,ic32_regime_v1,ETHUSDT,FLAT,1.0,2026-06-08T22:05:11.142254+00:00,2026-06-09 06:05:11,2026-06-09,6,,,
live_db_signal,ic32_regime_v1,TONUSDT,FLAT,1.0,2026-06-08T22:05:12.632220+00:00,2026-06-09 06:05:12,2026-06-09,6,,,
live_db_signal,ic32_regime_v1,TRXUSDT,FLAT,1.0,2026-06-08T22:05:14.131351+00:00,2026-06-09 06:05:14,2026-06-09,6,,,
live_db_signal,ic32_regime_v1,XRPUSDT,FLAT,1.0,2026-06-08T22:05:15.636583+00:00,2026-06-09 06:05:15,2026-06-09,6,,,
live_db_signal,ic32_regime_v1,ARBUSDT,FLAT,1.0,2026-06-08T22:05:17.227169+00:00,2026-06-09 06:05:17,2026-06-09,6,,,
live_db_signal,ic32_regime_v1,DOGEUSDT,FLAT,1.0,2026-06-08T22:05:18.688101+00:00,2026-06-09 06:05:18,2026-06-09,6,,,
live_db_signal,ic32_regime_v1,LINKUSDT,FLAT,1.0,2026-06-08T22:05:20.243918+00:00,2026-06-09 06:05:20,2026-06-09,6,,,
live_db_signal,ic32_regime_v1,SOLUSDT,FLAT,1.0,2026-06-08T22:05:21.719411+00:00,2026-06-09 06:05:21,2026-06-09,6,,,
live_db_signal,ic32_regime_v1,HBARUSDT,FLAT,1.0,2026-06-08T22:05:23.236706+00:00,2026-06-09 06:05:23,2026-06-09,6,,,
live_db_signal,ic32_regime_v1,ONDOUSDT,FLAT,1.0,2026-06-08T22:05:24.763339+00:00,2026-06-09 06:05:24,2026-06-09,6,,,
live_db_signal,ic32_regime_v1,ADAUSDT,FLAT,1.0,2026-06-08T22:05:26.236677+00:00,2026-06-09 06:05:26,2026-06-09,6,,,
live_db_signal,ic32_regime_v1,1000SHIBUSDT,FLAT,1.0,2026-06-08T22:05:27.707136+00:00,2026-06-09 06:05:27,2026-06-09,6,,,
live_db_signal,ic32_regime_v1,DOTUSDT,FLAT,1.0,2026-06-08T22:05:29.190355+00:00,2026-06-09 06:05:29,2026-06-09,6,,,
live_db_signal,ic32_regime_v1,TAOUSDT,SHORT,0.6302,2026-06-08T22:05:30.670934+00:00,2026-06-09 06:05:30,2026-06-09,6,,,
live_db_signal,ic32_regime_v1,SUIUSDT,FLAT,1.0,2026-06-08T23:05:01.280077+00:00,2026-06-09 07:05:01,2026-06-09,7,,,
live_db_signal,ic32_regime_v1,AVAXUSDT,FLAT,1.0,2026-06-08T23:05:03.636136+00:00,2026-06-09 07:05:03,2026-06-09,7,,,
live_db_signal,ic32_regime_v1,NEARUSDT,FLAT,1.0,2026-06-08T23:05:05.109525+00:00,2026-06-09 07:05:05,2026-06-09,7,,,
live_db_signal,ic32_regime_v1,POLUSDT,FLAT,1.0,2026-06-08T23:05:06.582866+00:00,2026-06-09 07:05:06,2026-06-09,7,,,
live_db_signal,ic32_regime_v1,1000PEPEUSDT,FLAT,1.0,2026-06-08T23:05:08.133263+00:00,2026-06-09 07:05:08,2026-06-09,7,,,
live_db_signal,ic32_regime_v1,BNBUSDT,FLAT,1.0,2026-06-08T23:05:09.564919+00:00,2026-06-09 07:05:09,2026-06-09,7,,,
live_db_signal,ic32_regime_v1,ETHUSDT,FLAT,1.0,2026-06-08T23:05:11.057732+00:00,2026-06-09 07:05:11,2026-06-09,7,,,
live_db_signal,ic32_regime_v1,TONUSDT,FLAT,1.0,2026-06-08T23:05:12.567131+00:00,2026-06-09 07:05:12,2026-06-09,7,,,
live_db_signal,ic32_regime_v1,TRXUSDT,FLAT,1.0,2026-06-08T23:05:14.014396+00:00,2026-06-09 07:05:14,2026-06-09,7,,,
live_db_signal,ic32_regime_v1,XRPUSDT,FLAT,1.0,2026-06-08T23:05:15.440413+00:00,2026-06-09 07:05:15,2026-06-09,7,,,
live_db_signal,ic32_regime_v1,ARBUSDT,FLAT,1.0,2026-06-08T23:05:16.881651+00:00,2026-06-09 07:05:16,2026-06-09,7,,,
live_db_signal,ic32_regime_v1,DOGEUSDT,FLAT,1.0,2026-06-08T23:05:18.342844+00:00,2026-06-09 07:05:18,2026-06-09,7,,,
live_db_signal,ic32_regime_v1,LINKUSDT,FLAT,1.0,2026-06-08T23:05:19.807593+00:00,2026-06-09 07:05:19,2026-06-09,7,,,
live_db_signal,ic32_regime_v1,SOLUSDT,FLAT,1.0,2026-06-08T23:05:21.235360+00:00,2026-06-09 07:05:21,2026-06-09,7,,,
live_db_signal,ic32_regime_v1,HBARUSDT,FLAT,1.0,2026-06-08T23:05:22.688004+00:00,2026-06-09 07:05:22,2026-06-09,7,,,
live_db_signal,ic32_regime_v1,ONDOUSDT,FLAT,1.0,2026-06-08T23:05:24.241849+00:00,2026-06-09 07:05:24,2026-06-09,7,,,
live_db_signal,ic32_regime_v1,ADAUSDT,FLAT,1.0,2026-06-08T23:05:25.888471+00:00,2026-06-09 07:05:25,2026-06-09,7,,,
live_db_signal,ic32_regime_v1,1000SHIBUSDT,FLAT,1.0,2026-06-08T23:05:27.382226+00:00,2026-06-09 07:05:27,2026-06-09,7,,,
live_db_signal,ic32_regime_v1,DOTUSDT,FLAT,1.0,2026-06-08T23:05:28.894418+00:00,2026-06-09 07:05:28,2026-06-09,7,,,
live_db_signal,ic32_regime_v1,TAOUSDT,FLAT,1.0,2026-06-08T23:05:30.499677+00:00,2026-06-09 07:05:30,2026-06-09,7,,,
live_db_signal,ic32_regime_v1,SUIUSDT,FLAT,1.0,2026-06-09T00:05:01.295906+00:00,2026-06-09 08:05:01,2026-06-09,8,,,
live_db_signal,ic32_regime_v1,AVAXUSDT,FLAT,1.0,2026-06-09T00:05:03.232009+00:00,2026-06-09 08:05:03,2026-06-09,8,,,
live_db_signal,ic32_regime_v1,NEARUSDT,FLAT,1.0,2026-06-09T00:05:04.760065+00:00,2026-06-09 08:05:04,2026-06-09,8,,,
live_db_signal,ic32_regime_v1,POLUSDT,FLAT,1.0,2026-06-09T00:05:06.195817+00:00,2026-06-09 08:05:06,2026-06-09,8,,,
live_db_signal,ic32_regime_v1,1000PEPEUSDT,FLAT,1.0,2026-06-09T00:05:07.647868+00:00,2026-06-09 08:05:07,2026-06-09,8,,,
live_db_signal,ic32_regime_v1,BNBUSDT,FLAT,1.0,2026-06-09T00:05:09.098850+00:00,2026-06-09 08:05:09,2026-06-09,8,,,
live_db_signal,ic32_regime_v1,ETHUSDT,FLAT,1.0,2026-06-09T00:05:10.814363+00:00,2026-06-09 08:05:10,2026-06-09,8,,,
live_db_signal,ic32_regime_v1,TONUSDT,FLAT,1.0,2026-06-09T00:05:12.309735+00:00,2026-06-09 08:05:12,2026-06-09,8,,,
live_db_signal,ic32_regime_v1,TRXUSDT,FLAT,1.0,2026-06-09T00:05:13.884458+00:00,2026-06-09 08:05:13,2026-06-09,8,,,
live_db_signal,ic32_regime_v1,XRPUSDT,FLAT,1.0,2026-06-09T00:05:15.418970+00:00,2026-06-09 08:05:15,2026-06-09,8,,,
live_db_signal,ic32_regime_v1,ARBUSDT,FLAT,1.0,2026-06-09T00:05:17.302770+00:00,2026-06-09 08:05:17,2026-06-09,8,,,
live_db_signal,ic32_regime_v1,DOGEUSDT,FLAT,1.0,2026-06-09T00:05:18.781286+00:00,2026-06-09 08:05:18,2026-06-09,8,,,
live_db_signal,ic32_regime_v1,LINKUSDT,FLAT,1.0,2026-06-09T00:05:20.266371+00:00,2026-06-09 08:05:20,2026-06-09,8,,,
live_db_signal,ic32_regime_v1,SOLUSDT,FLAT,1.0,2026-06-09T00:05:21.721334+00:00,2026-06-09 08:05:21,2026-06-09,8,,,
live_db_signal,ic32_regime_v1,HBARUSDT,FLAT,1.0,2026-06-09T00:05:23.292898+00:00,2026-06-09 08:05:23,2026-06-09,8,,,
live_db_signal,ic32_regime_v1,ONDOUSDT,FLAT,1.0,2026-06-09T00:05:24.907885+00:00,2026-06-09 08:05:24,2026-06-09,8,,,
live_db_signal,ic32_regime_v1,ADAUSDT,FLAT,1.0,2026-06-09T00:05:26.409845+00:00,2026-06-09 08:05:26,2026-06-09,8,,,
live_db_signal,ic32_regime_v1,1000SHIBUSDT,FLAT,1.0,2026-06-09T00:05:27.897343+00:00,2026-06-09 08:05:27,2026-06-09,8,,,
live_db_signal,ic32_regime_v1,DOTUSDT,FLAT,1.0,2026-06-09T00:05:29.401092+00:00,2026-06-09 08:05:29,2026-06-09,8,,,
live_db_signal,ic32_regime_v1,TAOUSDT,FLAT,1.0,2026-06-09T00:05:30.944463+00:00,2026-06-09 08:05:30,2026-06-09,8,,,
live_db_signal,ic32_regime_v1,SUIUSDT,FLAT,1.0,2026-06-09T01:05:01.413962+00:00,2026-06-09 09:05:01,2026-06-09,9,,,
live_db_signal,ic32_regime_v1,AVAXUSDT,FLAT,1.0,2026-06-09T01:05:03.053349+00:00,2026-06-09 09:05:03,2026-06-09,9,,,
live_db_signal,ic32_regime_v1,NEARUSDT,FLAT,1.0,2026-06-09T01:05:04.693148+00:00,2026-06-09 09:05:04,2026-06-09,9,,,
live_db_signal,ic32_regime_v1,POLUSDT,FLAT,1.0,2026-06-09T01:05:06.264670+00:00,2026-06-09 09:05:06,2026-06-09,9,,,
live_db_signal,ic32_regime_v1,1000PEPEUSDT,FLAT,1.0,2026-06-09T01:05:07.897393+00:00,2026-06-09 09:05:07,2026-06-09,9,,,
live_db_signal,ic32_regime_v1,BNBUSDT,FLAT,1.0,2026-06-09T01:05:09.433728+00:00,2026-06-09 09:05:09,2026-06-09,9,,,
live_db_signal,ic32_regime_v1,ETHUSDT,FLAT,1.0,2026-06-09T01:05:10.949714+00:00,2026-06-09 09:05:10,2026-06-09,9,,,
live_db_signal,ic32_regime_v1,TONUSDT,FLAT,1.0,2026-06-09T01:05:12.498230+00:00,2026-06-09 09:05:12,2026-06-09,9,,,
live_db_signal,ic32_regime_v1,TRXUSDT,FLAT,1.0,2026-06-09T01:05:14.004874+00:00,2026-06-09 09:05:14,2026-06-09,9,,,
live_db_signal,ic32_regime_v1,XRPUSDT,FLAT,1.0,2026-06-09T01:05:15.559485+00:00,2026-06-09 09:05:15,2026-06-09,9,,,
live_db_signal,ic32_regime_v1,ARBUSDT,FLAT,1.0,2026-06-09T01:05:17.127149+00:00,2026-06-09 09:05:17,2026-06-09,9,,,
live_db_signal,ic32_regime_v1,DOGEUSDT,FLAT,1.0,2026-06-09T01:05:19.011912+00:00,2026-06-09 09:05:19,2026-06-09,9,,,
live_db_signal,ic32_regime_v1,LINKUSDT,FLAT,1.0,2026-06-09T01:05:20.487921+00:00,2026-06-09 09:05:20,2026-06-09,9,,,
live_db_signal,ic32_regime_v1,SOLUSDT,FLAT,1.0,2026-06-09T01:05:22.105814+00:00,2026-06-09 09:05:22,2026-06-09,9,,,
live_db_signal,ic32_regime_v1,HBARUSDT,FLAT,1.0,2026-06-09T01:05:23.717016+00:00,2026-06-09 09:05:23,2026-06-09,9,,,
live_db_signal,ic32_regime_v1,ONDOUSDT,FLAT,1.0,2026-06-09T01:05:25.357582+00:00,2026-06-09 09:05:25,2026-06-09,9,,,
live_db_signal,ic32_regime_v1,ADAUSDT,FLAT,1.0,2026-06-09T01:05:26.892719+00:00,2026-06-09 09:05:26,2026-06-09,9,,,
live_db_signal,ic32_regime_v1,1000SHIBUSDT,FLAT,1.0,2026-06-09T01:05:28.474782+00:00,2026-06-09 09:05:28,2026-06-09,9,,,
live_db_signal,ic32_regime_v1,DOTUSDT,FLAT,1.0,2026-06-09T01:05:30.061671+00:00,2026-06-09 09:05:30,2026-06-09,9,,,
live_db_signal,ic32_regime_v1,TAOUSDT,FLAT,1.0,2026-06-09T01:05:31.522775+00:00,2026-06-09 09:05:31,2026-06-09,9,,,
live_db_signal,ic32_regime_v1,SUIUSDT,FLAT,1.0,2026-06-09T02:05:01.575101+00:00,2026-06-09 10:05:01,2026-06-09,10,,,
live_db_signal,ic32_regime_v1,AVAXUSDT,FLAT,1.0,2026-06-09T02:05:03.591278+00:00,2026-06-09 10:05:03,2026-06-09,10,,,
live_db_signal,ic32_regime_v1,NEARUSDT,FLAT,1.0,2026-06-09T02:05:05.377018+00:00,2026-06-09 10:05:05,2026-06-09,10,,,
live_db_signal,ic32_regime_v1,POLUSDT,FLAT,1.0,2026-06-09T02:05:07.002872+00:00,2026-06-09 10:05:07,2026-06-09,10,,,
live_db_signal,ic32_regime_v1,1000PEPEUSDT,FLAT,1.0,2026-06-09T02:05:08.741204+00:00,2026-06-09 10:05:08,2026-06-09,10,,,
live_db_signal,ic32_regime_v1,BNBUSDT,FLAT,1.0,2026-06-09T02:05:10.213746+00:00,2026-06-09 10:05:10,2026-06-09,10,,,
live_db_signal,ic32_regime_v1,ETHUSDT,FLAT,1.0,2026-06-09T02:05:11.731351+00:00,2026-06-09 10:05:11,2026-06-09,10,,,
live_db_signal,ic32_regime_v1,TONUSDT,FLAT,1.0,2026-06-09T02:05:13.189938+00:00,2026-06-09 10:05:13,2026-06-09,10,,,
live_db_signal,ic32_regime_v1,TRXUSDT,FLAT,1.0,2026-06-09T02:05:14.642852+00:00,2026-06-09 10:05:14,2026-06-09,10,,,
live_db_signal,ic32_regime_v1,XRPUSDT,FLAT,1.0,2026-06-09T02:05:16.089588+00:00,2026-06-09 10:05:16,2026-06-09,10,,,
live_db_signal,ic32_regime_v1,ARBUSDT,FLAT,1.0,2026-06-09T02:05:17.607656+00:00,2026-06-09 10:05:17,2026-06-09,10,,,
live_db_signal,ic32_regime_v1,DOGEUSDT,FLAT,1.0,2026-06-09T02:05:19.075824+00:00,2026-06-09 10:05:19,2026-06-09,10,,,
live_db_signal,ic32_regime_v1,LINKUSDT,FLAT,1.0,2026-06-09T02:05:20.570012+00:00,2026-06-09 10:05:20,2026-06-09,10,,,
live_db_signal,ic32_regime_v1,SOLUSDT,FLAT,1.0,2026-06-09T02:05:21.991604+00:00,2026-06-09 10:05:21,2026-06-09,10,,,
live_db_signal,ic32_regime_v1,HBARUSDT,FLAT,1.0,2026-06-09T02:05:23.777130+00:00,2026-06-09 10:05:23,2026-06-09,10,,,
live_db_signal,ic32_regime_v1,ONDOUSDT,FLAT,1.0,2026-06-09T02:05:25.322455+00:00,2026-06-09 10:05:25,2026-06-09,10,,,
live_db_signal,ic32_regime_v1,ADAUSDT,FLAT,1.0,2026-06-09T02:05:26.867944+00:00,2026-06-09 10:05:26,2026-06-09,10,,,
live_db_signal,ic32_regime_v1,1000SHIBUSDT,FLAT,1.0,2026-06-09T02:05:28.390207+00:00,2026-06-09 10:05:28,2026-06-09,10,,,
live_db_signal,ic32_regime_v1,DOTUSDT,FLAT,1.0,2026-06-09T02:05:29.888303+00:00,2026-06-09 10:05:29,2026-06-09,10,,,
live_db_signal,ic32_regime_v1,TAOUSDT,FLAT,1.0,2026-06-09T02:05:31.356516+00:00,2026-06-09 10:05:31,2026-06-09,10,,,
live_db_signal,ic32_regime_v1,SUIUSDT,FLAT,0.4427,2026-06-09T03:05:01.344130+00:00,2026-06-09 11:05:01,2026-06-09,11,,,
live_db_signal,ic32_regime_v1,AVAXUSDT,FLAT,1.0,2026-06-09T03:05:04.138008+00:00,2026-06-09 11:05:04,2026-06-09,11,,,
live_db_signal,ic32_regime_v1,NEARUSDT,FLAT,1.0,2026-06-09T03:05:05.830192+00:00,2026-06-09 11:05:05,2026-06-09,11,,,
live_db_signal,ic32_regime_v1,POLUSDT,FLAT,1.0,2026-06-09T03:05:07.345457+00:00,2026-06-09 11:05:07,2026-06-09,11,,,
live_db_signal,ic32_regime_v1,1000PEPEUSDT,FLAT,1.0,2026-06-09T03:05:09.012948+00:00,2026-06-09 11:05:09,2026-06-09,11,,,
live_db_signal,ic32_regime_v1,BNBUSDT,FLAT,1.0,2026-06-09T03:05:10.487734+00:00,2026-06-09 11:05:10,2026-06-09,11,,,
live_db_signal,ic32_regime_v1,ETHUSDT,FLAT,1.0,2026-06-09T03:05:11.980722+00:00,2026-06-09 11:05:11,2026-06-09,11,,,
live_db_signal,ic32_regime_v1,TONUSDT,FLAT,1.0,2026-06-09T03:05:13.446298+00:00,2026-06-09 11:05:13,2026-06-09,11,,,
live_db_signal,ic32_regime_v1,TRXUSDT,FLAT,1.0,2026-06-09T03:05:14.955986+00:00,2026-06-09 11:05:14,2026-06-09,11,,,
live_db_signal,ic32_regime_v1,XRPUSDT,FLAT,1.0,2026-06-09T03:05:16.505575+00:00,2026-06-09 11:05:16,2026-06-09,11,,,
live_db_signal,ic32_regime_v1,ARBUSDT,FLAT,1.0,2026-06-09T03:05:18.021194+00:00,2026-06-09 11:05:18,2026-06-09,11,,,
live_db_signal,ic32_regime_v1,DOGEUSDT,FLAT,1.0,2026-06-09T03:05:19.500824+00:00,2026-06-09 11:05:19,2026-06-09,11,,,
live_db_signal,ic32_regime_v1,LINKUSDT,FLAT,1.0,2026-06-09T03:05:20.987716+00:00,2026-06-09 11:05:20,2026-06-09,11,,,
live_db_signal,ic32_regime_v1,SOLUSDT,FLAT,1.0,2026-06-09T03:05:22.505311+00:00,2026-06-09 11:05:22,2026-06-09,11,,,
live_db_signal,ic32_regime_v1,HBARUSDT,FLAT,1.0,2026-06-09T03:05:24.013442+00:00,2026-06-09 11:05:24,2026-06-09,11,,,
live_db_signal,ic32_regime_v1,ONDOUSDT,FLAT,1.0,2026-06-09T03:05:25.516780+00:00,2026-06-09 11:05:25,2026-06-09,11,,,
live_db_signal,ic32_regime_v1,ADAUSDT,FLAT,1.0,2026-06-09T03:05:27.018060+00:00,2026-06-09 11:05:27,2026-06-09,11,,,
live_db_signal,ic32_regime_v1,1000SHIBUSDT,FLAT,1.0,2026-06-09T03:05:28.527471+00:00,2026-06-09 11:05:28,2026-06-09,11,,,
live_db_signal,ic32_regime_v1,DOTUSDT,FLAT,1.0,2026-06-09T03:05:29.981428+00:00,2026-06-09 11:05:29,2026-06-09,11,,,
live_db_signal,ic32_regime_v1,TAOUSDT,FLAT,1.0,2026-06-09T03:05:31.456503+00:00,2026-06-09 11:05:31,2026-06-09,11,,,
live_db_signal,ic32_regime_v1,SUIUSDT,FLAT,1.0,2026-06-09T04:05:01.601218+00:00,2026-06-09 12:05:01,2026-06-09,12,,,
live_db_signal,ic32_regime_v1,AVAXUSDT,FLAT,1.0,2026-06-09T04:05:03.134423+00:00,2026-06-09 12:05:03,2026-06-09,12,,,
live_db_signal,ic32_regime_v1,NEARUSDT,FLAT,1.0,2026-06-09T04:05:04.754097+00:00,2026-06-09 12:05:04,2026-06-09,12,,,
live_db_signal,ic32_regime_v1,POLUSDT,FLAT,1.0,2026-06-09T04:05:06.286672+00:00,2026-06-09 12:05:06,2026-06-09,12,,,
live_db_signal,ic32_regime_v1,1000PEPEUSDT,FLAT,1.0,2026-06-09T04:05:07.862240+00:00,2026-06-09 12:05:07,2026-06-09,12,,,
live_db_signal,ic32_regime_v1,BNBUSDT,FLAT,1.0,2026-06-09T04:05:09.334804+00:00,2026-06-09 12:05:09,2026-06-09,12,,,
live_db_signal,ic32_regime_v1,ETHUSDT,FLAT,1.0,2026-06-09T04:05:10.831741+00:00,2026-06-09 12:05:10,2026-06-09,12,,,
live_db_signal,ic32_regime_v1,TONUSDT,FLAT,1.0,2026-06-09T04:05:12.419339+00:00,2026-06-09 12:05:12,2026-06-09,12,,,
live_db_signal,ic32_regime_v1,TRXUSDT,FLAT,1.0,2026-06-09T04:05:13.921953+00:00,2026-06-09 12:05:13,2026-06-09,12,,,
live_db_signal,ic32_regime_v1,XRPUSDT,FLAT,1.0,2026-06-09T04:05:15.340201+00:00,2026-06-09 12:05:15,2026-06-09,12,,,
live_db_signal,ic32_regime_v1,ARBUSDT,FLAT,1.0,2026-06-09T04:05:16.766602+00:00,2026-06-09 12:05:16,2026-06-09,12,,,
live_db_signal,ic32_regime_v1,DOGEUSDT,FLAT,1.0,2026-06-09T04:05:18.339039+00:00,2026-06-09 12:05:18,2026-06-09,12,,,
live_db_signal,ic32_regime_v1,LINKUSDT,FLAT,1.0,2026-06-09T04:05:19.794882+00:00,2026-06-09 12:05:19,2026-06-09,12,,,
live_db_signal,ic32_regime_v1,SOLUSDT,FLAT,1.0,2026-06-09T04:05:21.265119+00:00,2026-06-09 12:05:21,2026-06-09,12,,,
live_db_signal,ic32_regime_v1,HBARUSDT,FLAT,1.0,2026-06-09T04:05:22.765441+00:00,2026-06-09 12:05:22,2026-06-09,12,,,
live_db_signal,ic32_regime_v1,ONDOUSDT,FLAT,1.0,2026-06-09T04:05:24.250614+00:00,2026-06-09 12:05:24,2026-06-09,12,,,
live_db_signal,ic32_regime_v1,ADAUSDT,FLAT,1.0,2026-06-09T04:05:25.691014+00:00,2026-06-09 12:05:25,2026-06-09,12,,,
live_db_signal,ic32_regime_v1,1000SHIBUSDT,FLAT,1.0,2026-06-09T04:05:27.112321+00:00,2026-06-09 12:05:27,2026-06-09,12,,,
live_db_signal,ic32_regime_v1,DOTUSDT,FLAT,1.0,2026-06-09T04:05:28.536458+00:00,2026-06-09 12:05:28,2026-06-09,12,,,
live_db_signal,ic32_regime_v1,TAOUSDT,FLAT,1.0,2026-06-09T04:05:30.018109+00:00,2026-06-09 12:05:30,2026-06-09,12,,,
live_db_signal,ic32_regime_v1,SUIUSDT,FLAT,1.0,2026-06-09T05:05:01.262267+00:00,2026-06-09 13:05:01,2026-06-09,13,,,
live_db_signal,ic32_regime_v1,AVAXUSDT,SHORT,0.6374,2026-06-09T05:05:04.335409+00:00,2026-06-09 13:05:04,2026-06-09,13,,,
live_db_signal,ic32_regime_v1,NEARUSDT,FLAT,1.0,2026-06-09T05:05:07.257708+00:00,2026-06-09 13:05:07,2026-06-09,13,,,
live_db_signal,ic32_regime_v1,POLUSDT,FLAT,1.0,2026-06-09T05:05:08.765396+00:00,2026-06-09 13:05:08,2026-06-09,13,,,
live_db_signal,ic32_regime_v1,1000PEPEUSDT,FLAT,0.368,2026-06-09T05:05:10.250150+00:00,2026-06-09 13:05:10,2026-06-09,13,,,
live_db_signal,ic32_regime_v1,BNBUSDT,FLAT,1.0,2026-06-09T05:05:11.774371+00:00,2026-06-09 13:05:11,2026-06-09,13,,,
live_db_signal,ic32_regime_v1,ETHUSDT,LONG,0.7155,2026-06-09T05:05:13.251152+00:00,2026-06-09 13:05:13,2026-06-09,13,,,
live_db_signal,ic32_regime_v1,TONUSDT,SHORT,0.7041,2026-06-09T05:05:16.314099+00:00,2026-06-09 13:05:16,2026-06-09,13,,,
live_db_signal,ic32_regime_v1,TRXUSDT,FLAT,1.0,2026-06-09T05:05:19.207943+00:00,2026-06-09 13:05:19,2026-06-09,13,,,
live_db_signal,ic32_regime_v1,XRPUSDT,FLAT,1.0,2026-06-09T05:05:20.750376+00:00,2026-06-09 13:05:20,2026-06-09,13,,,
live_db_signal,ic32_regime_v1,ARBUSDT,FLAT,1.0,2026-06-09T05:05:22.271226+00:00,2026-06-09 13:05:22,2026-06-09,13,,,
live_db_signal,ic32_regime_v1,DOGEUSDT,FLAT,1.0,2026-06-09T05:05:23.792340+00:00,2026-06-09 13:05:23,2026-06-09,13,,,
live_db_signal,ic32_regime_v1,LINKUSDT,FLAT,1.0,2026-06-09T05:05:25.237806+00:00,2026-06-09 13:05:25,2026-06-09,13,,,
live_db_signal,ic32_regime_v1,SOLUSDT,FLAT,1.0,2026-06-09T05:05:26.761544+00:00,2026-06-09 13:05:26,2026-06-09,13,,,
live_db_signal,ic32_regime_v1,HBARUSDT,FLAT,1.0,2026-06-09T05:05:28.289452+00:00,2026-06-09 13:05:28,2026-06-09,13,,,
live_db_signal,ic32_regime_v1,ONDOUSDT,FLAT,1.0,2026-06-09T05:05:29.884194+00:00,2026-06-09 13:05:29,2026-06-09,13,,,
live_db_signal,ic32_regime_v1,ADAUSDT,FLAT,1.0,2026-06-09T05:05:31.427905+00:00,2026-06-09 13:05:31,2026-06-09,13,,,
live_db_signal,ic32_regime_v1,1000SHIBUSDT,FLAT,1.0,2026-06-09T05:05:33.020386+00:00,2026-06-09 13:05:33,2026-06-09,13,,,
live_db_signal,ic32_regime_v1,DOTUSDT,FLAT,1.0,2026-06-09T05:05:34.597194+00:00,2026-06-09 13:05:34,2026-06-09,13,,,
live_db_signal,ic32_regime_v1,TAOUSDT,FLAT,1.0,2026-06-09T05:05:36.108426+00:00,2026-06-09 13:05:36,2026-06-09,13,,,
live_db_signal,ic32_regime_v1,SUIUSDT,FLAT,1.0,2026-06-09T06:05:01.347667+00:00,2026-06-09 14:05:01,2026-06-09,14,,,
live_db_signal,ic32_regime_v1,AVAXUSDT,SHORT,0.6758,2026-06-09T06:05:02.836246+00:00,2026-06-09 14:05:02,2026-06-09,14,,,
live_db_signal,ic32_regime_v1,NEARUSDT,FLAT,1.0,2026-06-09T06:05:04.341991+00:00,2026-06-09 14:05:04,2026-06-09,14,,,
live_db_signal,ic32_regime_v1,POLUSDT,FLAT,1.0,2026-06-09T06:05:05.924924+00:00,2026-06-09 14:05:05,2026-06-09,14,,,
live_db_signal,ic32_regime_v1,1000PEPEUSDT,FLAT,1.0,2026-06-09T06:05:07.374799+00:00,2026-06-09 14:05:07,2026-06-09,14,,,
live_db_signal,ic32_regime_v1,BNBUSDT,FLAT,1.0,2026-06-09T06:05:08.779279+00:00,2026-06-09 14:05:08,2026-06-09,14,,,
live_db_signal,ic32_regime_v1,ETHUSDT,LONG,0.7282,2026-06-09T06:05:10.172415+00:00,2026-06-09 14:05:10,2026-06-09,14,,,
live_db_signal,ic32_regime_v1,TONUSDT,FLAT,1.0,2026-06-09T06:05:11.613655+00:00,2026-06-09 14:05:11,2026-06-09,14,,,
live_db_signal,ic32_regime_v1,TRXUSDT,FLAT,1.0,2026-06-09T06:05:13.024903+00:00,2026-06-09 14:05:13,2026-06-09,14,,,
live_db_signal,ic32_regime_v1,XRPUSDT,FLAT,1.0,2026-06-09T06:05:14.512253+00:00,2026-06-09 14:05:14,2026-06-09,14,,,
live_db_signal,ic32_regime_v1,ARBUSDT,FLAT,1.0,2026-06-09T06:05:15.929277+00:00,2026-06-09 14:05:15,2026-06-09,14,,,
live_db_signal,ic32_regime_v1,DOGEUSDT,FLAT,1.0,2026-06-09T06:05:17.369990+00:00,2026-06-09 14:05:17,2026-06-09,14,,,
live_db_signal,ic32_regime_v1,LINKUSDT,FLAT,1.0,2026-06-09T06:05:18.806336+00:00,2026-06-09 14:05:18,2026-06-09,14,,,
live_db_signal,ic32_regime_v1,SOLUSDT,FLAT,1.0,2026-06-09T06:05:20.200910+00:00,2026-06-09 14:05:20,2026-06-09,14,,,
live_db_signal,ic32_regime_v1,HBARUSDT,FLAT,1.0,2026-06-09T06:05:21.680916+00:00,2026-06-09 14:05:21,2026-06-09,14,,,
live_db_signal,ic32_regime_v1,ONDOUSDT,FLAT,1.0,2026-06-09T06:05:23.084564+00:00,2026-06-09 14:05:23,2026-06-09,14,,,
live_db_signal,ic32_regime_v1,ADAUSDT,FLAT,1.0,2026-06-09T06:05:24.528743+00:00,2026-06-09 14:05:24,2026-06-09,14,,,
live_db_signal,ic32_regime_v1,1000SHIBUSDT,FLAT,1.0,2026-06-09T06:05:25.942613+00:00,2026-06-09 14:05:25,2026-06-09,14,,,
live_db_signal,ic32_regime_v1,DOTUSDT,FLAT,1.0,2026-06-09T06:05:27.393634+00:00,2026-06-09 14:05:27,2026-06-09,14,,,
live_db_signal,ic32_regime_v1,TAOUSDT,FLAT,1.0,2026-06-09T06:05:28.784858+00:00,2026-06-09 14:05:28,2026-06-09,14,,,
live_db_signal,ic32_regime_v1,SUIUSDT,FLAT,1.0,2026-06-09T07:05:01.426099+00:00,2026-06-09 15:05:01,2026-06-09,15,,,
live_db_signal,ic32_regime_v1,AVAXUSDT,FLAT,1.0,2026-06-09T07:05:04.353745+00:00,2026-06-09 15:05:04,2026-06-09,15,,,
live_db_signal,ic32_regime_v1,NEARUSDT,FLAT,1.0,2026-06-09T07:05:05.868378+00:00,2026-06-09 15:05:05,2026-06-09,15,,,
live_db_signal,ic32_regime_v1,POLUSDT,FLAT,1.0,2026-06-09T07:05:07.403344+00:00,2026-06-09 15:05:07,2026-06-09,15,,,
live_db_signal,ic32_regime_v1,1000PEPEUSDT,FLAT,1.0,2026-06-09T07:05:08.865778+00:00,2026-06-09 15:05:08,2026-06-09,15,,,
live_db_signal,ic32_regime_v1,BNBUSDT,FLAT,1.0,2026-06-09T07:05:10.332803+00:00,2026-06-09 15:05:10,2026-06-09,15,,,
live_db_signal,ic32_regime_v1,ETHUSDT,FLAT,1.0,2026-06-09T07:05:12.005588+00:00,2026-06-09 15:05:12,2026-06-09,15,,,
live_db_signal,ic32_regime_v1,TONUSDT,FLAT,1.0,2026-06-09T07:05:13.515307+00:00,2026-06-09 15:05:13,2026-06-09,15,,,
live_db_signal,ic32_regime_v1,TRXUSDT,FLAT,1.0,2026-06-09T07:05:15.078572+00:00,2026-06-09 15:05:15,2026-06-09,15,,,
live_db_signal,ic32_regime_v1,XRPUSDT,FLAT,1.0,2026-06-09T07:05:16.723133+00:00,2026-06-09 15:05:16,2026-06-09,15,,,
live_db_signal,ic32_regime_v1,ARBUSDT,FLAT,1.0,2026-06-09T07:05:18.320687+00:00,2026-06-09 15:05:18,2026-06-09,15,,,
live_db_signal,ic32_regime_v1,DOGEUSDT,FLAT,1.0,2026-06-09T07:05:19.777951+00:00,2026-06-09 15:05:19,2026-06-09,15,,,
live_db_signal,ic32_regime_v1,LINKUSDT,FLAT,1.0,2026-06-09T07:05:21.233403+00:00,2026-06-09 15:05:21,2026-06-09,15,,,
live_db_signal,ic32_regime_v1,SOLUSDT,FLAT,1.0,2026-06-09T07:05:22.680568+00:00,2026-06-09 15:05:22,2026-06-09,15,,,
live_db_signal,ic32_regime_v1,HBARUSDT,FLAT,1.0,2026-06-09T07:05:24.170302+00:00,2026-06-09 15:05:24,2026-06-09,15,,,
live_db_signal,ic32_regime_v1,ONDOUSDT,FLAT,1.0,2026-06-09T07:05:25.704274+00:00,2026-06-09 15:05:25,2026-06-09,15,,,
live_db_signal,ic32_regime_v1,ADAUSDT,LONG,0.7538,2026-06-09T07:05:27.459392+00:00,2026-06-09 15:05:27,2026-06-09,15,,,
live_db_signal,ic32_regime_v1,1000SHIBUSDT,FLAT,1.0,2026-06-09T07:05:30.526802+00:00,2026-06-09 15:05:30,2026-06-09,15,,,
live_db_signal,ic32_regime_v1,DOTUSDT,FLAT,1.0,2026-06-09T07:05:32.025925+00:00,2026-06-09 15:05:32,2026-06-09,15,,,
live_db_signal,ic32_regime_v1,TAOUSDT,FLAT,1.0,2026-06-09T07:05:33.484896+00:00,2026-06-09 15:05:33,2026-06-09,15,,,
live_db_signal,ic32_regime_v1,SUIUSDT,FLAT,1.0,2026-06-09T08:05:01.229371+00:00,2026-06-09 16:05:01,2026-06-09,16,,,
live_db_signal,ic32_regime_v1,AVAXUSDT,FLAT,1.0,2026-06-09T08:05:03.088643+00:00,2026-06-09 16:05:03,2026-06-09,16,,,
live_db_signal,ic32_regime_v1,NEARUSDT,FLAT,1.0,2026-06-09T08:05:04.901870+00:00,2026-06-09 16:05:04,2026-06-09,16,,,
live_db_signal,ic32_regime_v1,POLUSDT,FLAT,1.0,2026-06-09T08:05:06.437698+00:00,2026-06-09 16:05:06,2026-06-09,16,,,
live_db_signal,ic32_regime_v1,1000PEPEUSDT,FLAT,1.0,2026-06-09T08:05:07.961258+00:00,2026-06-09 16:05:07,2026-06-09,16,,,
live_db_signal,ic32_regime_v1,BNBUSDT,FLAT,1.0,2026-06-09T08:05:09.531657+00:00,2026-06-09 16:05:09,2026-06-09,16,,,
live_db_signal,ic32_regime_v1,ETHUSDT,SHORT,0.6626,2026-06-09T08:05:11.221661+00:00,2026-06-09 16:05:11,2026-06-09,16,,,
live_db_signal,ic32_regime_v1,TONUSDT,FLAT,1.0,2026-06-09T08:05:12.786643+00:00,2026-06-09 16:05:12,2026-06-09,16,,,
live_db_signal,ic32_regime_v1,TRXUSDT,FLAT,1.0,2026-06-09T08:05:14.251985+00:00,2026-06-09 16:05:14,2026-06-09,16,,,
live_db_signal,ic32_regime_v1,XRPUSDT,FLAT,1.0,2026-06-09T08:05:15.842352+00:00,2026-06-09 16:05:15,2026-06-09,16,,,
live_db_signal,ic32_regime_v1,ARBUSDT,FLAT,1.0,2026-06-09T08:05:17.335235+00:00,2026-06-09 16:05:17,2026-06-09,16,,,
live_db_signal,ic32_regime_v1,DOGEUSDT,FLAT,1.0,2026-06-09T08:05:18.862791+00:00,2026-06-09 16:05:18,2026-06-09,16,,,
live_db_signal,ic32_regime_v1,LINKUSDT,FLAT,1.0,2026-06-09T08:05:20.430330+00:00,2026-06-09 16:05:20,2026-06-09,16,,,
live_db_signal,ic32_regime_v1,SOLUSDT,FLAT,1.0,2026-06-09T08:05:21.976422+00:00,2026-06-09 16:05:21,2026-06-09,16,,,
live_db_signal,ic32_regime_v1,HBARUSDT,FLAT,1.0,2026-06-09T08:05:23.547127+00:00,2026-06-09 16:05:23,2026-06-09,16,,,
live_db_signal,ic32_regime_v1,ONDOUSDT,SHORT,0.7363,2026-06-09T08:05:25.117586+00:00,2026-06-09 16:05:25,2026-06-09,16,,,
live_db_signal,ic32_regime_v1,ADAUSDT,FLAT,1.0,2026-06-09T08:05:26.922884+00:00,2026-06-09 16:05:26,2026-06-09,16,,,
live_db_signal,ic32_regime_v1,1000SHIBUSDT,FLAT,1.0,2026-06-09T08:05:28.566149+00:00,2026-06-09 16:05:28,2026-06-09,16,,,
live_db_signal,ic32_regime_v1,DOTUSDT,FLAT,1.0,2026-06-09T08:05:30.172750+00:00,2026-06-09 16:05:30,2026-06-09,16,,,
live_db_signal,ic32_regime_v1,TAOUSDT,SHORT,0.6825,2026-06-09T08:05:31.754600+00:00,2026-06-09 16:05:31,2026-06-09,16,,,
live_db_signal,ic32_regime_v1,SUIUSDT,SHORT,0.6132,2026-06-09T09:05:01.380828+00:00,2026-06-09 17:05:01,2026-06-09,17,,,
live_db_signal,ic32_regime_v1,AVAXUSDT,SHORT,0.6456,2026-06-09T09:05:03.141499+00:00,2026-06-09 17:05:03,2026-06-09,17,,,
live_db_signal,ic32_regime_v1,NEARUSDT,FLAT,1.0,2026-06-09T09:05:04.805818+00:00,2026-06-09 17:05:04,2026-06-09,17,,,
live_db_signal,ic32_regime_v1,POLUSDT,FLAT,1.0,2026-06-09T09:05:06.740980+00:00,2026-06-09 17:05:06,2026-06-09,17,,,
live_db_signal,ic32_regime_v1,1000PEPEUSDT,FLAT,1.0,2026-06-09T09:05:08.624535+00:00,2026-06-09 17:05:08,2026-06-09,17,,,
live_db_signal,ic32_regime_v1,BNBUSDT,FLAT,1.0,2026-06-09T09:05:10.141345+00:00,2026-06-09 17:05:10,2026-06-09,17,,,
live_db_signal,ic32_regime_v1,ETHUSDT,SHORT,0.7025,2026-06-09T09:05:12.027032+00:00,2026-06-09 17:05:12,2026-06-09,17,,,
live_db_signal,ic32_regime_v1,TONUSDT,SHORT,0.7359,2026-06-09T09:05:13.859202+00:00,2026-06-09 17:05:13,2026-06-09,17,,,
live_db_signal,ic32_regime_v1,TRXUSDT,FLAT,1.0,2026-06-09T09:05:15.707995+00:00,2026-06-09 17:05:15,2026-06-09,17,,,
live_db_signal,ic32_regime_v1,XRPUSDT,FLAT,1.0,2026-06-09T09:05:17.490858+00:00,2026-06-09 17:05:17,2026-06-09,17,,,
live_db_signal,ic32_regime_v1,ARBUSDT,FLAT,1.0,2026-06-09T09:05:19.627552+00:00,2026-06-09 17:05:19,2026-06-09,17,,,
live_db_signal,ic32_regime_v1,DOGEUSDT,FLAT,1.0,2026-06-09T09:05:21.226619+00:00,2026-06-09 17:05:21,2026-06-09,17,,,
live_db_signal,ic32_regime_v1,LINKUSDT,SHORT,0.7119,2026-06-09T09:05:22.896237+00:00,2026-06-09 17:05:22,2026-06-09,17,,,
live_db_signal,ic32_regime_v1,SOLUSDT,SHORT,0.6179,2026-06-09T09:05:24.907714+00:00,2026-06-09 17:05:24,2026-06-09,17,,,
live_db_signal,ic32_regime_v1,HBARUSDT,FLAT,1.0,2026-06-09T09:05:26.749248+00:00,2026-06-09 17:05:26,2026-06-09,17,,,
live_db_signal,ic32_regime_v1,ONDOUSDT,FLAT,1.0,2026-06-09T09:05:28.512134+00:00,2026-06-09 17:05:28,2026-06-09,17,,,
live_db_signal,ic32_regime_v1,ADAUSDT,SHORT,0.7725,2026-06-09T09:05:30.502952+00:00,2026-06-09 17:05:30,2026-06-09,17,,,
live_db_signal,ic32_regime_v1,1000SHIBUSDT,FLAT,1.0,2026-06-09T09:05:32.687580+00:00,2026-06-09 17:05:32,2026-06-09,17,,,
live_db_signal,ic32_regime_v1,DOTUSDT,SHORT,0.703,2026-06-09T09:05:34.148976+00:00,2026-06-09 17:05:34,2026-06-09,17,,,
live_db_signal,ic32_regime_v1,TAOUSDT,SHORT,0.7227,2026-06-09T09:05:35.575186+00:00,2026-06-09 17:05:35,2026-06-09,17,,,
live_db_signal,ic32_regime_v1,SUIUSDT,FLAT,1.0,2026-06-09T10:05:04.423391+00:00,2026-06-09 18:05:04,2026-06-09,18,,,
live_db_signal,ic32_regime_v1,AVAXUSDT,FLAT,1.0,2026-06-09T10:05:05.964978+00:00,2026-06-09 18:05:05,2026-06-09,18,,,
live_db_signal,ic32_regime_v1,NEARUSDT,SHORT,0.6424,2026-06-09T10:05:07.440983+00:00,2026-06-09 18:05:07,2026-06-09,18,,,
live_db_signal,ic32_regime_v1,POLUSDT,FLAT,1.0,2026-06-09T10:05:08.915355+00:00,2026-06-09 18:05:08,2026-06-09,18,,,
live_db_signal,ic32_regime_v1,1000PEPEUSDT,FLAT,1.0,2026-06-09T10:05:10.464486+00:00,2026-06-09 18:05:10,2026-06-09,18,,,
live_db_signal,ic32_regime_v1,BNBUSDT,FLAT,1.0,2026-06-09T10:05:12.002200+00:00,2026-06-09 18:05:12,2026-06-09,18,,,
live_db_signal,ic32_regime_v1,ETHUSDT,FLAT,1.0,2026-06-09T10:05:13.484292+00:00,2026-06-09 18:05:13,2026-06-09,18,,,
live_db_signal,ic32_regime_v1,TONUSDT,FLAT,1.0,2026-06-09T10:05:15.094126+00:00,2026-06-09 18:05:15,2026-06-09,18,,,
live_db_signal,ic32_regime_v1,TRXUSDT,FLAT,1.0,2026-06-09T10:05:16.568733+00:00,2026-06-09 18:05:16,2026-06-09,18,,,
live_db_signal,ic32_regime_v1,XRPUSDT,FLAT,1.0,2026-06-09T10:05:18.077332+00:00,2026-06-09 18:05:18,2026-06-09,18,,,
live_db_signal,ic32_regime_v1,ARBUSDT,FLAT,1.0,2026-06-09T10:05:19.548991+00:00,2026-06-09 18:05:19,2026-06-09,18,,,
live_db_signal,ic32_regime_v1,DOGEUSDT,FLAT,1.0,2026-06-09T10:05:20.986416+00:00,2026-06-09 18:05:20,2026-06-09,18,,,
live_db_signal,ic32_regime_v1,LINKUSDT,FLAT,1.0,2026-06-09T10:05:22.435953+00:00,2026-06-09 18:05:22,2026-06-09,18,,,
live_db_signal,ic32_regime_v1,SOLUSDT,FLAT,1.0,2026-06-09T10:05:23.931508+00:00,2026-06-09 18:05:23,2026-06-09,18,,,
live_db_signal,ic32_regime_v1,HBARUSDT,FLAT,1.0,2026-06-09T10:05:25.431368+00:00,2026-06-09 18:05:25,2026-06-09,18,,,
live_db_signal,ic32_regime_v1,ONDOUSDT,SHORT,0.8135,2026-06-09T10:05:26.932831+00:00,2026-06-09 18:05:26,2026-06-09,18,,,
live_db_signal,ic32_regime_v1,ADAUSDT,FLAT,0.4444,2026-06-09T10:05:28.371244+00:00,2026-06-09 18:05:28,2026-06-09,18,,,
live_db_signal,ic32_regime_v1,1000SHIBUSDT,FLAT,1.0,2026-06-09T10:05:29.885468+00:00,2026-06-09 18:05:29,2026-06-09,18,,,
live_db_signal,ic32_regime_v1,DOTUSDT,FLAT,1.0,2026-06-09T10:05:31.483562+00:00,2026-06-09 18:05:31,2026-06-09,18,,,
live_db_signal,ic32_regime_v1,TAOUSDT,FLAT,1.0,2026-06-09T10:05:33.113687+00:00,2026-06-09 18:05:33,2026-06-09,18,,,
live_db_signal,ic32_regime_v1,SUIUSDT,FLAT,0.4719,2026-06-09T11:05:02.200367+00:00,2026-06-09 19:05:02,2026-06-09,19,,,
live_db_signal,ic32_regime_v1,AVAXUSDT,FLAT,1.0,2026-06-09T11:05:03.739716+00:00,2026-06-09 19:05:03,2026-06-09,19,,,
live_db_signal,ic32_regime_v1,NEARUSDT,FLAT,1.0,2026-06-09T11:05:05.347543+00:00,2026-06-09 19:05:05,2026-06-09,19,,,
live_db_signal,ic32_regime_v1,POLUSDT,FLAT,1.0,2026-06-09T11:05:06.819955+00:00,2026-06-09 19:05:06,2026-06-09,19,,,
live_db_signal,ic32_regime_v1,1000PEPEUSDT,FLAT,1.0,2026-06-09T11:05:08.341289+00:00,2026-06-09 19:05:08,2026-06-09,19,,,
live_db_signal,ic32_regime_v1,BNBUSDT,FLAT,1.0,2026-06-09T11:05:10.149277+00:00,2026-06-09 19:05:10,2026-06-09,19,,,
live_db_signal,ic32_regime_v1,ETHUSDT,FLAT,1.0,2026-06-09T11:05:11.887078+00:00,2026-06-09 19:05:11,2026-06-09,19,,,
live_db_signal,ic32_regime_v1,TONUSDT,FLAT,1.0,2026-06-09T11:05:13.393755+00:00,2026-06-09 19:05:13,2026-06-09,19,,,
live_db_signal,ic32_regime_v1,TRXUSDT,FLAT,1.0,2026-06-09T11:05:15.171196+00:00,2026-06-09 19:05:15,2026-06-09,19,,,
live_db_signal,ic32_regime_v1,XRPUSDT,FLAT,1.0,2026-06-09T11:05:16.716587+00:00,2026-06-09 19:05:16,2026-06-09,19,,,
live_db_signal,ic32_regime_v1,ARBUSDT,FLAT,1.0,2026-06-09T11:05:18.459276+00:00,2026-06-09 19:05:18,2026-06-09,19,,,
live_db_signal,ic32_regime_v1,DOGEUSDT,FLAT,1.0,2026-06-09T11:05:19.941504+00:00,2026-06-09 19:05:19,2026-06-09,19,,,
live_db_signal,ic32_regime_v1,LINKUSDT,FLAT,1.0,2026-06-09T11:05:21.387395+00:00,2026-06-09 19:05:21,2026-06-09,19,,,
live_db_signal,ic32_regime_v1,SOLUSDT,FLAT,1.0,2026-06-09T11:05:22.792562+00:00,2026-06-09 19:05:22,2026-06-09,19,,,
live_db_signal,ic32_regime_v1,HBARUSDT,FLAT,1.0,2026-06-09T11:05:24.245554+00:00,2026-06-09 19:05:24,2026-06-09,19,,,
live_db_signal,ic32_regime_v1,ONDOUSDT,SHORT,0.6437,2026-06-09T11:05:25.710689+00:00,2026-06-09 19:05:25,2026-06-09,19,,,
live_db_signal,ic32_regime_v1,ADAUSDT,FLAT,1.0,2026-06-09T11:05:28.597754+00:00,2026-06-09 19:05:28,2026-06-09,19,,,
live_db_signal,ic32_regime_v1,1000SHIBUSDT,FLAT,1.0,2026-06-09T11:05:30.091260+00:00,2026-06-09 19:05:30,2026-06-09,19,,,
live_db_signal,ic32_regime_v1,DOTUSDT,FLAT,1.0,2026-06-09T11:05:31.618765+00:00,2026-06-09 19:05:31,2026-06-09,19,,,
live_db_signal,ic32_regime_v1,TAOUSDT,FLAT,1.0,2026-06-09T11:05:33.184006+00:00,2026-06-09 19:05:33,2026-06-09,19,,,
live_db_signal,ic32_regime_v1,SUIUSDT,FLAT,1.0,2026-06-09T12:05:01.422167+00:00,2026-06-09 20:05:01,2026-06-09,20,,,
live_db_signal,ic32_regime_v1,AVAXUSDT,FLAT,1.0,2026-06-09T12:05:03.085597+00:00,2026-06-09 20:05:03,2026-06-09,20,,,
live_db_signal,ic32_regime_v1,NEARUSDT,FLAT,1.0,2026-06-09T12:05:04.750539+00:00,2026-06-09 20:05:04,2026-06-09,20,,,
live_db_signal,ic32_regime_v1,POLUSDT,FLAT,1.0,2026-06-09T12:05:06.337731+00:00,2026-06-09 20:05:06,2026-06-09,20,,,
live_db_signal,ic32_regime_v1,1000PEPEUSDT,FLAT,0.4426,2026-06-09T12:05:07.870174+00:00,2026-06-09 20:05:07,2026-06-09,20,,,
live_db_signal,ic32_regime_v1,BNBUSDT,FLAT,1.0,2026-06-09T12:05:09.436923+00:00,2026-06-09 20:05:09,2026-06-09,20,,,
live_db_signal,ic32_regime_v1,ETHUSDT,FLAT,1.0,2026-06-09T12:05:10.971022+00:00,2026-06-09 20:05:10,2026-06-09,20,,,
live_db_signal,ic32_regime_v1,TONUSDT,FLAT,1.0,2026-06-09T12:05:13.021352+00:00,2026-06-09 20:05:13,2026-06-09,20,,,
live_db_signal,ic32_regime_v1,TRXUSDT,FLAT,1.0,2026-06-09T12:05:14.540264+00:00,2026-06-09 20:05:14,2026-06-09,20,,,
live_db_signal,ic32_regime_v1,XRPUSDT,FLAT,1.0,2026-06-09T12:05:16.079058+00:00,2026-06-09 20:05:16,2026-06-09,20,,,
live_db_signal,ic32_regime_v1,ARBUSDT,FLAT,1.0,2026-06-09T12:05:17.568563+00:00,2026-06-09 20:05:17,2026-06-09,20,,,
live_db_signal,ic32_regime_v1,DOGEUSDT,FLAT,1.0,2026-06-09T12:05:19.122896+00:00,2026-06-09 20:05:19,2026-06-09,20,,,
live_db_signal,ic32_regime_v1,LINKUSDT,FLAT,1.0,2026-06-09T12:05:20.673966+00:00,2026-06-09 20:05:20,2026-06-09,20,,,
live_db_signal,ic32_regime_v1,SOLUSDT,FLAT,1.0,2026-06-09T12:05:22.337376+00:00,2026-06-09 20:05:22,2026-06-09,20,,,
live_db_signal,ic32_regime_v1,HBARUSDT,FLAT,1.0,2026-06-09T12:05:23.950166+00:00,2026-06-09 20:05:23,2026-06-09,20,,,
live_db_signal,ic32_regime_v1,ONDOUSDT,FLAT,1.0,2026-06-09T12:05:25.557984+00:00,2026-06-09 20:05:25,2026-06-09,20,,,
live_db_signal,ic32_regime_v1,ADAUSDT,FLAT,0.4399,2026-06-09T12:05:27.064513+00:00,2026-06-09 20:05:27,2026-06-09,20,,,
live_db_signal,ic32_regime_v1,1000SHIBUSDT,FLAT,1.0,2026-06-09T12:05:28.707983+00:00,2026-06-09 20:05:28,2026-06-09,20,,,
live_db_signal,ic32_regime_v1,DOTUSDT,FLAT,1.0,2026-06-09T12:05:30.285443+00:00,2026-06-09 20:05:30,2026-06-09,20,,,
live_db_signal,ic32_regime_v1,TAOUSDT,FLAT,1.0,2026-06-09T12:05:31.857299+00:00,2026-06-09 20:05:31,2026-06-09,20,,,
live_db_signal,ic32_regime_v1,SUIUSDT,FLAT,1.0,2026-06-09T13:05:01.462206+00:00,2026-06-09 21:05:01,2026-06-09,21,,,
live_db_signal,ic32_regime_v1,AVAXUSDT,SHORT,0.628,2026-06-09T13:05:03.108527+00:00,2026-06-09 21:05:03,2026-06-09,21,,,
live_db_signal,ic32_regime_v1,NEARUSDT,FLAT,1.0,2026-06-09T13:05:06.280090+00:00,2026-06-09 21:05:06,2026-06-09,21,,,
live_db_signal,ic32_regime_v1,POLUSDT,FLAT,1.0,2026-06-09T13:05:07.827924+00:00,2026-06-09 21:05:07,2026-06-09,21,,,
live_db_signal,ic32_regime_v1,1000PEPEUSDT,FLAT,0.4998,2026-06-09T13:05:09.481052+00:00,2026-06-09 21:05:09,2026-06-09,21,,,
live_db_signal,ic32_regime_v1,BNBUSDT,FLAT,1.0,2026-06-09T13:05:11.082420+00:00,2026-06-09 21:05:11,2026-06-09,21,,,
live_db_signal,ic32_regime_v1,ETHUSDT,FLAT,1.0,2026-06-09T13:05:12.749186+00:00,2026-06-09 21:05:12,2026-06-09,21,,,
live_db_signal,ic32_regime_v1,TONUSDT,FLAT,1.0,2026-06-09T13:05:14.372243+00:00,2026-06-09 21:05:14,2026-06-09,21,,,
live_db_signal,ic32_regime_v1,TRXUSDT,FLAT,0.3504,2026-06-09T13:05:16.169400+00:00,2026-06-09 21:05:16,2026-06-09,21,,,
live_db_signal,ic32_regime_v1,XRPUSDT,FLAT,1.0,2026-06-09T13:05:17.659376+00:00,2026-06-09 21:05:17,2026-06-09,21,,,
live_db_signal,ic32_regime_v1,ARBUSDT,FLAT,1.0,2026-06-09T13:05:19.203356+00:00,2026-06-09 21:05:19,2026-06-09,21,,,
live_db_signal,ic32_regime_v1,DOGEUSDT,FLAT,1.0,2026-06-09T13:05:20.675339+00:00,2026-06-09 21:05:20,2026-06-09,21,,,
live_db_signal,ic32_regime_v1,LINKUSDT,FLAT,1.0,2026-06-09T13:05:22.205701+00:00,2026-06-09 21:05:22,2026-06-09,21,,,
live_db_signal,ic32_regime_v1,SOLUSDT,FLAT,1.0,2026-06-09T13:05:23.643300+00:00,2026-06-09 21:05:23,2026-06-09,21,,,
live_db_signal,ic32_regime_v1,HBARUSDT,LONG,0.7785,2026-06-09T13:05:25.101184+00:00,2026-06-09 21:05:25,2026-06-09,21,,,
live_db_signal,ic32_regime_v1,ONDOUSDT,FLAT,1.0,2026-06-09T13:05:27.986130+00:00,2026-06-09 21:05:27,2026-06-09,21,,,
live_db_signal,ic32_regime_v1,ADAUSDT,FLAT,1.0,2026-06-09T13:05:29.488191+00:00,2026-06-09 21:05:29,2026-06-09,21,,,
live_db_signal,ic32_regime_v1,1000SHIBUSDT,FLAT,1.0,2026-06-09T13:05:31.085786+00:00,2026-06-09 21:05:31,2026-06-09,21,,,
live_db_signal,ic32_regime_v1,DOTUSDT,FLAT,1.0,2026-06-09T13:05:32.588410+00:00,2026-06-09 21:05:32,2026-06-09,21,,,
live_db_signal,ic32_regime_v1,TAOUSDT,FLAT,1.0,2026-06-09T13:05:34.116439+00:00,2026-06-09 21:05:34,2026-06-09,21,,,
live_db_signal,ic32_regime_v1,SUIUSDT,FLAT,1.0,2026-06-09T14:05:01.305849+00:00,2026-06-09 22:05:01,2026-06-09,22,,,
live_db_signal,ic32_regime_v1,AVAXUSDT,FLAT,1.0,2026-06-09T14:05:03.282078+00:00,2026-06-09 22:05:03,2026-06-09,22,,,
live_db_signal,ic32_regime_v1,NEARUSDT,FLAT,1.0,2026-06-09T14:05:04.783227+00:00,2026-06-09 22:05:04,2026-06-09,22,,,
live_db_signal,ic32_regime_v1,POLUSDT,FLAT,1.0,2026-06-09T14:05:06.257365+00:00,2026-06-09 22:05:06,2026-06-09,22,,,
live_db_signal,ic32_regime_v1,1000PEPEUSDT,FLAT,1.0,2026-06-09T14:05:07.765664+00:00,2026-06-09 22:05:07,2026-06-09,22,,,
live_db_signal,ic32_regime_v1,BNBUSDT,FLAT,1.0,2026-06-09T14:05:09.299629+00:00,2026-06-09 22:05:09,2026-06-09,22,,,
live_db_signal,ic32_regime_v1,ETHUSDT,FLAT,1.0,2026-06-09T14:05:10.801097+00:00,2026-06-09 22:05:10,2026-06-09,22,,,
live_db_signal,ic32_regime_v1,TONUSDT,FLAT,1.0,2026-06-09T14:05:12.301019+00:00,2026-06-09 22:05:12,2026-06-09,22,,,
live_db_signal,ic32_regime_v1,TRXUSDT,FLAT,1.0,2026-06-09T14:05:13.764946+00:00,2026-06-09 22:05:13,2026-06-09,22,,,
live_db_signal,ic32_regime_v1,XRPUSDT,FLAT,1.0,2026-06-09T14:05:15.255778+00:00,2026-06-09 22:05:15,2026-06-09,22,,,
live_db_signal,ic32_regime_v1,ARBUSDT,FLAT,1.0,2026-06-09T14:05:16.833149+00:00,2026-06-09 22:05:16,2026-06-09,22,,,
live_db_signal,ic32_regime_v1,DOGEUSDT,FLAT,1.0,2026-06-09T14:05:18.432357+00:00,2026-06-09 22:05:18,2026-06-09,22,,,
live_db_signal,ic32_regime_v1,LINKUSDT,FLAT,1.0,2026-06-09T14:05:20.102684+00:00,2026-06-09 22:05:20,2026-06-09,22,,,
live_db_signal,ic32_regime_v1,SOLUSDT,FLAT,1.0,2026-06-09T14:05:21.842957+00:00,2026-06-09 22:05:21,2026-06-09,22,,,
live_db_signal,ic32_regime_v1,HBARUSDT,FLAT,1.0,2026-06-09T14:05:23.539082+00:00,2026-06-09 22:05:23,2026-06-09,22,,,
live_db_signal,ic32_regime_v1,ONDOUSDT,FLAT,1.0,2026-06-09T14:05:25.206307+00:00,2026-06-09 22:05:25,2026-06-09,22,,,
live_db_signal,ic32_regime_v1,ADAUSDT,FLAT,1.0,2026-06-09T14:05:26.926025+00:00,2026-06-09 22:05:26,2026-06-09,22,,,
live_db_signal,ic32_regime_v1,1000SHIBUSDT,FLAT,1.0,2026-06-09T14:05:28.508604+00:00,2026-06-09 22:05:28,2026-06-09,22,,,
live_db_signal,ic32_regime_v1,DOTUSDT,FLAT,1.0,2026-06-09T14:05:30.332132+00:00,2026-06-09 22:05:30,2026-06-09,22,,,
live_db_signal,ic32_regime_v1,TAOUSDT,FLAT,1.0,2026-06-09T14:05:32.049976+00:00,2026-06-09 22:05:32,2026-06-09,22,,,
live_db_signal,ic32_regime_v1,SUIUSDT,FLAT,1.0,2026-06-09T15:05:01.388023+00:00,2026-06-09 23:05:01,2026-06-09,23,,,
live_db_signal,ic32_regime_v1,AVAXUSDT,FLAT,1.0,2026-06-09T15:05:03.025402+00:00,2026-06-09 23:05:03,2026-06-09,23,,,
live_db_signal,ic32_regime_v1,NEARUSDT,FLAT,1.0,2026-06-09T15:05:04.642301+00:00,2026-06-09 23:05:04,2026-06-09,23,,,
live_db_signal,ic32_regime_v1,POLUSDT,FLAT,1.0,2026-06-09T15:05:06.117753+00:00,2026-06-09 23:05:06,2026-06-09,23,,,
live_db_signal,ic32_regime_v1,1000PEPEUSDT,FLAT,1.0,2026-06-09T15:05:07.646631+00:00,2026-06-09 23:05:07,2026-06-09,23,,,
live_db_signal,ic32_regime_v1,BNBUSDT,FLAT,1.0,2026-06-09T15:05:09.118412+00:00,2026-06-09 23:05:09,2026-06-09,23,,,
live_db_signal,ic32_regime_v1,ETHUSDT,FLAT,1.0,2026-06-09T15:05:10.555043+00:00,2026-06-09 23:05:10,2026-06-09,23,,,
live_db_signal,ic32_regime_v1,TONUSDT,FLAT,1.0,2026-06-09T15:05:12.038046+00:00,2026-06-09 23:05:12,2026-06-09,23,,,
live_db_signal,ic32_regime_v1,TRXUSDT,FLAT,1.0,2026-06-09T15:05:13.544889+00:00,2026-06-09 23:05:13,2026-06-09,23,,,
live_db_signal,ic32_regime_v1,XRPUSDT,FLAT,1.0,2026-06-09T15:05:15.113029+00:00,2026-06-09 23:05:15,2026-06-09,23,,,
live_db_signal,ic32_regime_v1,ARBUSDT,FLAT,1.0,2026-06-09T15:05:16.581303+00:00,2026-06-09 23:05:16,2026-06-09,23,,,
live_db_signal,ic32_regime_v1,DOGEUSDT,FLAT,1.0,2026-06-09T15:05:18.202044+00:00,2026-06-09 23:05:18,2026-06-09,23,,,
live_db_signal,ic32_regime_v1,LINKUSDT,FLAT,1.0,2026-06-09T15:05:19.695344+00:00,2026-06-09 23:05:19,2026-06-09,23,,,
live_db_signal,ic32_regime_v1,SOLUSDT,FLAT,1.0,2026-06-09T15:05:21.313347+00:00,2026-06-09 23:05:21,2026-06-09,23,,,
live_db_signal,ic32_regime_v1,HBARUSDT,FLAT,1.0,2026-06-09T15:05:22.783446+00:00,2026-06-09 23:05:22,2026-06-09,23,,,
live_db_signal,ic32_regime_v1,ONDOUSDT,FLAT,1.0,2026-06-09T15:05:24.304990+00:00,2026-06-09 23:05:24,2026-06-09,23,,,
live_db_signal,ic32_regime_v1,ADAUSDT,FLAT,1.0,2026-06-09T15:05:25.913903+00:00,2026-06-09 23:05:25,2026-06-09,23,,,
live_db_signal,ic32_regime_v1,1000SHIBUSDT,FLAT,1.0,2026-06-09T15:05:27.398805+00:00,2026-06-09 23:05:27,2026-06-09,23,,,
live_db_signal,ic32_regime_v1,DOTUSDT,FLAT,1.0,2026-06-09T15:05:28.867476+00:00,2026-06-09 23:05:28,2026-06-09,23,,,
live_db_signal,ic32_regime_v1,TAOUSDT,FLAT,1.0,2026-06-09T15:05:30.313429+00:00,2026-06-09 23:05:30,2026-06-09,23,,,
live_db_signal,ic32_regime_v1,SUIUSDT,FLAT,1.0,2026-06-09T16:05:03.853236+00:00,2026-06-10 00:05:03,2026-06-10,0,,,
live_db_signal,ic32_regime_v1,AVAXUSDT,FLAT,1.0,2026-06-09T16:05:05.494754+00:00,2026-06-10 00:05:05,2026-06-10,0,,,
live_db_signal,ic32_regime_v1,NEARUSDT,FLAT,1.0,2026-06-09T16:05:07.072062+00:00,2026-06-10 00:05:07,2026-06-10,0,,,
live_db_signal,ic32_regime_v1,POLUSDT,FLAT,1.0,2026-06-09T16:05:08.537146+00:00,2026-06-10 00:05:08,2026-06-10,0,,,
live_db_signal,ic32_regime_v1,1000PEPEUSDT,FLAT,1.0,2026-06-09T16:05:10.123269+00:00,2026-06-10 00:05:10,2026-06-10,0,,,
live_db_signal,ic32_regime_v1,BNBUSDT,FLAT,1.0,2026-06-09T16:05:11.610428+00:00,2026-06-10 00:05:11,2026-06-10,0,,,
live_db_signal,ic32_regime_v1,ETHUSDT,FLAT,1.0,2026-06-09T16:05:13.036975+00:00,2026-06-10 00:05:13,2026-06-10,0,,,
live_db_signal,ic32_regime_v1,TONUSDT,FLAT,1.0,2026-06-09T16:05:14.501907+00:00,2026-06-10 00:05:14,2026-06-10,0,,,
live_db_signal,ic32_regime_v1,TRXUSDT,FLAT,1.0,2026-06-09T16:05:16.015939+00:00,2026-06-10 00:05:16,2026-06-10,0,,,
live_db_signal,ic32_regime_v1,XRPUSDT,FLAT,1.0,2026-06-09T16:05:17.479138+00:00,2026-06-10 00:05:17,2026-06-10,0,,,
live_db_signal,ic32_regime_v1,ARBUSDT,FLAT,1.0,2026-06-09T16:05:18.940357+00:00,2026-06-10 00:05:18,2026-06-10,0,,,
live_db_signal,ic32_regime_v1,DOGEUSDT,FLAT,1.0,2026-06-09T16:05:20.459396+00:00,2026-06-10 00:05:20,2026-06-10,0,,,
live_db_signal,ic32_regime_v1,LINKUSDT,FLAT,1.0,2026-06-09T16:05:21.976964+00:00,2026-06-10 00:05:21,2026-06-10,0,,,
live_db_signal,ic32_regime_v1,SOLUSDT,FLAT,1.0,2026-06-09T16:05:23.474814+00:00,2026-06-10 00:05:23,2026-06-10,0,,,
live_db_signal,ic32_regime_v1,HBARUSDT,FLAT,1.0,2026-06-09T16:05:24.924644+00:00,2026-06-10 00:05:24,2026-06-10,0,,,
live_db_signal,ic32_regime_v1,ONDOUSDT,FLAT,1.0,2026-06-09T16:05:26.416723+00:00,2026-06-10 00:05:26,2026-06-10,0,,,
live_db_signal,ic32_regime_v1,ADAUSDT,FLAT,1.0,2026-06-09T16:05:27.825602+00:00,2026-06-10 00:05:27,2026-06-10,0,,,
live_db_signal,ic32_regime_v1,1000SHIBUSDT,FLAT,1.0,2026-06-09T16:05:29.251441+00:00,2026-06-10 00:05:29,2026-06-10,0,,,
live_db_signal,ic32_regime_v1,DOTUSDT,FLAT,1.0,2026-06-09T16:05:30.795824+00:00,2026-06-10 00:05:30,2026-06-10,0,,,
live_db_signal,ic32_regime_v1,TAOUSDT,FLAT,1.0,2026-06-09T16:05:32.289587+00:00,2026-06-10 00:05:32,2026-06-10,0,,,
live_db_signal,ic32_regime_v1,SUIUSDT,FLAT,1.0,2026-06-09T17:05:01.275710+00:00,2026-06-10 01:05:01,2026-06-10,1,,,
live_db_signal,ic32_regime_v1,AVAXUSDT,FLAT,1.0,2026-06-09T17:05:05.023538+00:00,2026-06-10 01:05:05,2026-06-10,1,,,
live_db_signal,ic32_regime_v1,NEARUSDT,FLAT,1.0,2026-06-09T17:05:06.605907+00:00,2026-06-10 01:05:06,2026-06-10,1,,,
live_db_signal,ic32_regime_v1,POLUSDT,FLAT,1.0,2026-06-09T17:05:08.053640+00:00,2026-06-10 01:05:08,2026-06-10,1,,,
live_db_signal,ic32_regime_v1,1000PEPEUSDT,FLAT,1.0,2026-06-09T17:05:09.499682+00:00,2026-06-10 01:05:09,2026-06-10,1,,,
live_db_signal,ic32_regime_v1,BNBUSDT,FLAT,1.0,2026-06-09T17:05:11.026672+00:00,2026-06-10 01:05:11,2026-06-10,1,,,
live_db_signal,ic32_regime_v1,ETHUSDT,FLAT,1.0,2026-06-09T17:05:12.460640+00:00,2026-06-10 01:05:12,2026-06-10,1,,,
live_db_signal,ic32_regime_v1,TONUSDT,FLAT,1.0,2026-06-09T17:05:13.908019+00:00,2026-06-10 01:05:13,2026-06-10,1,,,
live_db_signal,ic32_regime_v1,TRXUSDT,FLAT,1.0,2026-06-09T17:05:15.428760+00:00,2026-06-10 01:05:15,2026-06-10,1,,,
live_db_signal,ic32_regime_v1,XRPUSDT,FLAT,1.0,2026-06-09T17:05:16.881605+00:00,2026-06-10 01:05:16,2026-06-10,1,,,
live_db_signal,ic32_regime_v1,ARBUSDT,FLAT,1.0,2026-06-09T17:05:18.349404+00:00,2026-06-10 01:05:18,2026-06-10,1,,,
live_db_signal,ic32_regime_v1,DOGEUSDT,FLAT,1.0,2026-06-09T17:05:19.768322+00:00,2026-06-10 01:05:19,2026-06-10,1,,,
live_db_signal,ic32_regime_v1,LINKUSDT,FLAT,1.0,2026-06-09T17:05:21.193153+00:00,2026-06-10 01:05:21,2026-06-10,1,,,
live_db_signal,ic32_regime_v1,SOLUSDT,FLAT,1.0,2026-06-09T17:05:22.640735+00:00,2026-06-10 01:05:22,2026-06-10,1,,,
live_db_signal,ic32_regime_v1,HBARUSDT,FLAT,1.0,2026-06-09T17:05:24.122651+00:00,2026-06-10 01:05:24,2026-06-10,1,,,
live_db_signal,ic32_regime_v1,ONDOUSDT,FLAT,1.0,2026-06-09T17:05:25.564486+00:00,2026-06-10 01:05:25,2026-06-10,1,,,
live_db_signal,ic32_regime_v1,ADAUSDT,FLAT,1.0,2026-06-09T17:05:27.089388+00:00,2026-06-10 01:05:27,2026-06-10,1,,,
live_db_signal,ic32_regime_v1,1000SHIBUSDT,FLAT,1.0,2026-06-09T17:05:28.568225+00:00,2026-06-10 01:05:28,2026-06-10,1,,,
live_db_signal,ic32_regime_v1,DOTUSDT,FLAT,1.0,2026-06-09T17:05:30.006938+00:00,2026-06-10 01:05:30,2026-06-10,1,,,
live_db_signal,ic32_regime_v1,TAOUSDT,FLAT,1.0,2026-06-09T17:05:31.453189+00:00,2026-06-10 01:05:31,2026-06-10,1,,,
live_db_signal,ic32_regime_v1,SUIUSDT,FLAT,1.0,2026-06-09T18:05:01.907004+00:00,2026-06-10 02:05:01,2026-06-10,2,,,
live_db_signal,ic32_regime_v1,AVAXUSDT,FLAT,1.0,2026-06-09T18:05:03.523311+00:00,2026-06-10 02:05:03,2026-06-10,2,,,
live_db_signal,ic32_regime_v1,NEARUSDT,FLAT,1.0,2026-06-09T18:05:05.121034+00:00,2026-06-10 02:05:05,2026-06-10,2,,,
live_db_signal,ic32_regime_v1,POLUSDT,FLAT,0.4841,2026-06-09T18:05:06.637409+00:00,2026-06-10 02:05:06,2026-06-10,2,,,
live_db_signal,ic32_regime_v1,1000PEPEUSDT,FLAT,1.0,2026-06-09T18:05:08.155587+00:00,2026-06-10 02:05:08,2026-06-10,2,,,
live_db_signal,ic32_regime_v1,BNBUSDT,SHORT,0.6554,2026-06-09T18:05:09.743516+00:00,2026-06-10 02:05:09,2026-06-10,2,,,
live_db_signal,ic32_regime_v1,ETHUSDT,FLAT,1.0,2026-06-09T18:05:12.901554+00:00,2026-06-10 02:05:12,2026-06-10,2,,,
live_db_signal,ic32_regime_v1,TONUSDT,FLAT,1.0,2026-06-09T18:05:14.402768+00:00,2026-06-10 02:05:14,2026-06-10,2,,,
live_db_signal,ic32_regime_v1,TRXUSDT,FLAT,1.0,2026-06-09T18:05:15.902999+00:00,2026-06-10 02:05:15,2026-06-10,2,,,
live_db_signal,ic32_regime_v1,XRPUSDT,FLAT,1.0,2026-06-09T18:05:17.405264+00:00,2026-06-10 02:05:17,2026-06-10,2,,,
live_db_signal,ic32_regime_v1,ARBUSDT,FLAT,1.0,2026-06-09T18:05:18.820945+00:00,2026-06-10 02:05:18,2026-06-10,2,,,
live_db_signal,ic32_regime_v1,DOGEUSDT,FLAT,1.0,2026-06-09T18:05:20.267318+00:00,2026-06-10 02:05:20,2026-06-10,2,,,
live_db_signal,ic32_regime_v1,LINKUSDT,FLAT,1.0,2026-06-09T18:05:21.691876+00:00,2026-06-10 02:05:21,2026-06-10,2,,,
live_db_signal,ic32_regime_v1,SOLUSDT,FLAT,1.0,2026-06-09T18:05:23.193959+00:00,2026-06-10 02:05:23,2026-06-10,2,,,
live_db_signal,ic32_regime_v1,HBARUSDT,FLAT,1.0,2026-06-09T18:05:24.609373+00:00,2026-06-10 02:05:24,2026-06-10,2,,,
live_db_signal,ic32_regime_v1,ONDOUSDT,FLAT,1.0,2026-06-09T18:05:26.016873+00:00,2026-06-10 02:05:26,2026-06-10,2,,,
live_db_signal,ic32_regime_v1,ADAUSDT,FLAT,1.0,2026-06-09T18:05:27.441222+00:00,2026-06-10 02:05:27,2026-06-10,2,,,
live_db_signal,ic32_regime_v1,1000SHIBUSDT,FLAT,1.0,2026-06-09T18:05:28.879426+00:00,2026-06-10 02:05:28,2026-06-10,2,,,
live_db_signal,ic32_regime_v1,DOTUSDT,FLAT,1.0,2026-06-09T18:05:30.343746+00:00,2026-06-10 02:05:30,2026-06-10,2,,,
live_db_signal,ic32_regime_v1,TAOUSDT,FLAT,1.0,2026-06-09T18:05:31.774058+00:00,2026-06-10 02:05:31,2026-06-10,2,,,
live_db_signal,ic32_regime_v1,SUIUSDT,FLAT,1.0,2026-06-09T19:05:01.426125+00:00,2026-06-10 03:05:01,2026-06-10,3,,,
live_db_signal,ic32_regime_v1,AVAXUSDT,FLAT,1.0,2026-06-09T19:05:03.650576+00:00,2026-06-10 03:05:03,2026-06-10,3,,,
live_db_signal,ic32_regime_v1,NEARUSDT,FLAT,1.0,2026-06-09T19:05:05.163657+00:00,2026-06-10 03:05:05,2026-06-10,3,,,
live_db_signal,ic32_regime_v1,POLUSDT,FLAT,1.0,2026-06-09T19:05:06.649951+00:00,2026-06-10 03:05:06,2026-06-10,3,,,
live_db_signal,ic32_regime_v1,1000PEPEUSDT,FLAT,1.0,2026-06-09T19:05:08.215091+00:00,2026-06-10 03:05:08,2026-06-10,3,,,
live_db_signal,ic32_regime_v1,BNBUSDT,FLAT,1.0,2026-06-09T19:05:09.785082+00:00,2026-06-10 03:05:09,2026-06-10,3,,,
live_db_signal,ic32_regime_v1,ETHUSDT,FLAT,1.0,2026-06-09T19:05:11.333797+00:00,2026-06-10 03:05:11,2026-06-10,3,,,
live_db_signal,ic32_regime_v1,TONUSDT,FLAT,1.0,2026-06-09T19:05:12.860534+00:00,2026-06-10 03:05:12,2026-06-10,3,,,
live_db_signal,ic32_regime_v1,TRXUSDT,FLAT,1.0,2026-06-09T19:05:14.330549+00:00,2026-06-10 03:05:14,2026-06-10,3,,,
live_db_signal,ic32_regime_v1,XRPUSDT,FLAT,0.482,2026-06-09T19:05:15.831379+00:00,2026-06-10 03:05:15,2026-06-10,3,,,
live_db_signal,ic32_regime_v1,ARBUSDT,FLAT,1.0,2026-06-09T19:05:17.339765+00:00,2026-06-10 03:05:17,2026-06-10,3,,,
live_db_signal,ic32_regime_v1,DOGEUSDT,FLAT,0.4286,2026-06-09T19:05:18.967946+00:00,2026-06-10 03:05:18,2026-06-10,3,,,
live_db_signal,ic32_regime_v1,LINKUSDT,FLAT,1.0,2026-06-09T19:05:20.462701+00:00,2026-06-10 03:05:20,2026-06-10,3,,,
live_db_signal,ic32_regime_v1,SOLUSDT,FLAT,1.0,2026-06-09T19:05:22.011618+00:00,2026-06-10 03:05:22,2026-06-10,3,,,
live_db_signal,ic32_regime_v1,HBARUSDT,FLAT,1.0,2026-06-09T19:05:23.567228+00:00,2026-06-10 03:05:23,2026-06-10,3,,,
live_db_signal,ic32_regime_v1,ONDOUSDT,FLAT,1.0,2026-06-09T19:05:25.176893+00:00,2026-06-10 03:05:25,2026-06-10,3,,,
live_db_signal,ic32_regime_v1,ADAUSDT,FLAT,1.0,2026-06-09T19:05:26.642890+00:00,2026-06-10 03:05:26,2026-06-10,3,,,
live_db_signal,ic32_regime_v1,1000SHIBUSDT,FLAT,1.0,2026-06-09T19:05:28.128914+00:00,2026-06-10 03:05:28,2026-06-10,3,,,
live_db_signal,ic32_regime_v1,DOTUSDT,FLAT,1.0,2026-06-09T19:05:29.599031+00:00,2026-06-10 03:05:29,2026-06-10,3,,,
live_db_signal,ic32_regime_v1,TAOUSDT,FLAT,1.0,2026-06-09T19:05:31.054246+00:00,2026-06-10 03:05:31,2026-06-10,3,,,
live_db_signal,ic32_regime_v1,SUIUSDT,FLAT,1.0,2026-06-09T20:05:01.171104+00:00,2026-06-10 04:05:01,2026-06-10,4,,,
live_db_signal,ic32_regime_v1,AVAXUSDT,FLAT,1.0,2026-06-09T20:05:04.626654+00:00,2026-06-10 04:05:04,2026-06-10,4,,,
live_db_signal,ic32_regime_v1,NEARUSDT,FLAT,1.0,2026-06-09T20:05:06.067356+00:00,2026-06-10 04:05:06,2026-06-10,4,,,
live_db_signal,ic32_regime_v1,POLUSDT,FLAT,1.0,2026-06-09T20:05:07.487943+00:00,2026-06-10 04:05:07,2026-06-10,4,,,
live_db_signal,ic32_regime_v1,1000PEPEUSDT,FLAT,1.0,2026-06-09T20:05:08.893322+00:00,2026-06-10 04:05:08,2026-06-10,4,,,
live_db_signal,ic32_regime_v1,BNBUSDT,FLAT,1.0,2026-06-09T20:05:10.321803+00:00,2026-06-10 04:05:10,2026-06-10,4,,,
live_db_signal,ic32_regime_v1,ETHUSDT,FLAT,1.0,2026-06-09T20:05:11.727495+00:00,2026-06-10 04:05:11,2026-06-10,4,,,
live_db_signal,ic32_regime_v1,TONUSDT,SHORT,0.7512,2026-06-09T20:05:13.173713+00:00,2026-06-10 04:05:13,2026-06-10,4,,,
live_db_signal,ic32_regime_v1,TRXUSDT,FLAT,1.0,2026-06-09T20:05:15.960938+00:00,2026-06-10 04:05:15,2026-06-10,4,,,
live_db_signal,ic32_regime_v1,XRPUSDT,FLAT,0.4553,2026-06-09T20:05:17.413194+00:00,2026-06-10 04:05:17,2026-06-10,4,,,
live_db_signal,ic32_regime_v1,ARBUSDT,FLAT,1.0,2026-06-09T20:05:18.936845+00:00,2026-06-10 04:05:18,2026-06-10,4,,,
live_db_signal,ic32_regime_v1,DOGEUSDT,FLAT,1.0,2026-06-09T20:05:20.395584+00:00,2026-06-10 04:05:20,2026-06-10,4,,,
live_db_signal,ic32_regime_v1,LINKUSDT,FLAT,1.0,2026-06-09T20:05:21.814261+00:00,2026-06-10 04:05:21,2026-06-10,4,,,
live_db_signal,ic32_regime_v1,SOLUSDT,SHORT,0.5991,2026-06-09T20:05:23.248760+00:00,2026-06-10 04:05:23,2026-06-10,4,,,
live_db_signal,ic32_regime_v1,HBARUSDT,FLAT,1.0,2026-06-09T20:05:26.070803+00:00,2026-06-10 04:05:26,2026-06-10,4,,,
live_db_signal,ic32_regime_v1,ONDOUSDT,FLAT,1.0,2026-06-09T20:05:27.550152+00:00,2026-06-10 04:05:27,2026-06-10,4,,,
live_db_signal,ic32_regime_v1,ADAUSDT,FLAT,1.0,2026-06-09T20:05:28.932453+00:00,2026-06-10 04:05:28,2026-06-10,4,,,
live_db_signal,ic32_regime_v1,1000SHIBUSDT,FLAT,1.0,2026-06-09T20:05:30.408522+00:00,2026-06-10 04:05:30,2026-06-10,4,,,
live_db_signal,ic32_regime_v1,DOTUSDT,FLAT,1.0,2026-06-09T20:05:31.823742+00:00,2026-06-10 04:05:31,2026-06-10,4,,,
live_db_signal,ic32_regime_v1,TAOUSDT,SHORT,0.7381,2026-06-09T20:05:33.343991+00:00,2026-06-10 04:05:33,2026-06-10,4,,,
live_db_signal,ic32_regime_v1,SUIUSDT,FLAT,1.0,2026-06-09T21:05:01.182253+00:00,2026-06-10 05:05:01,2026-06-10,5,,,
live_db_signal,ic32_regime_v1,AVAXUSDT,FLAT,1.0,2026-06-09T21:05:02.787344+00:00,2026-06-10 05:05:02,2026-06-10,5,,,
live_db_signal,ic32_regime_v1,NEARUSDT,FLAT,1.0,2026-06-09T21:05:04.242108+00:00,2026-06-10 05:05:04,2026-06-10,5,,,
live_db_signal,ic32_regime_v1,POLUSDT,FLAT,1.0,2026-06-09T21:05:05.722190+00:00,2026-06-10 05:05:05,2026-06-10,5,,,
live_db_signal,ic32_regime_v1,1000PEPEUSDT,FLAT,1.0,2026-06-09T21:05:07.271398+00:00,2026-06-10 05:05:07,2026-06-10,5,,,
live_db_signal,ic32_regime_v1,BNBUSDT,FLAT,1.0,2026-06-09T21:05:08.910467+00:00,2026-06-10 05:05:08,2026-06-10,5,,,
live_db_signal,ic32_regime_v1,ETHUSDT,FLAT,1.0,2026-06-09T21:05:10.527946+00:00,2026-06-10 05:05:10,2026-06-10,5,,,
live_db_signal,ic32_regime_v1,TONUSDT,SHORT,0.602,2026-06-09T21:05:12.061550+00:00,2026-06-10 05:05:12,2026-06-10,5,,,
live_db_signal,ic32_regime_v1,TRXUSDT,FLAT,1.0,2026-06-09T21:05:13.565476+00:00,2026-06-10 05:05:13,2026-06-10,5,,,
live_db_signal,ic32_regime_v1,XRPUSDT,SHORT,0.7188,2026-06-09T21:05:15.045147+00:00,2026-06-10 05:05:15,2026-06-10,5,,,
live_db_signal,ic32_regime_v1,ARBUSDT,FLAT,1.0,2026-06-09T21:05:17.830129+00:00,2026-06-10 05:05:17,2026-06-10,5,,,
live_db_signal,ic32_regime_v1,DOGEUSDT,FLAT,1.0,2026-06-09T21:05:19.286620+00:00,2026-06-10 05:05:19,2026-06-10,5,,,
live_db_signal,ic32_regime_v1,LINKUSDT,FLAT,1.0,2026-06-09T21:05:20.790706+00:00,2026-06-10 05:05:20,2026-06-10,5,,,
live_db_signal,ic32_regime_v1,SOLUSDT,FLAT,1.0,2026-06-09T21:05:22.213564+00:00,2026-06-10 05:05:22,2026-06-10,5,,,
live_db_signal,ic32_regime_v1,HBARUSDT,FLAT,1.0,2026-06-09T21:05:23.743462+00:00,2026-06-10 05:05:23,2026-06-10,5,,,
live_db_signal,ic32_regime_v1,ONDOUSDT,FLAT,1.0,2026-06-09T21:05:25.184240+00:00,2026-06-10 05:05:25,2026-06-10,5,,,
live_db_signal,ic32_regime_v1,ADAUSDT,FLAT,1.0,2026-06-09T21:05:26.637001+00:00,2026-06-10 05:05:26,2026-06-10,5,,,
live_db_signal,ic32_regime_v1,1000SHIBUSDT,FLAT,1.0,2026-06-09T21:05:28.060949+00:00,2026-06-10 05:05:28,2026-06-10,5,,,
live_db_signal,ic32_regime_v1,DOTUSDT,FLAT,1.0,2026-06-09T21:05:29.511946+00:00,2026-06-10 05:05:29,2026-06-10,5,,,
live_db_signal,ic32_regime_v1,TAOUSDT,FLAT,1.0,2026-06-09T21:05:30.950307+00:00,2026-06-10 05:05:30,2026-06-10,5,,,
live_db_signal,ic32_regime_v1,SUIUSDT,FLAT,0.4275,2026-06-09T22:05:01.172720+00:00,2026-06-10 06:05:01,2026-06-10,6,,,
live_db_signal,ic32_regime_v1,AVAXUSDT,SHORT,0.6326,2026-06-09T22:05:03.517277+00:00,2026-06-10 06:05:03,2026-06-10,6,,,
live_db_signal,ic32_regime_v1,NEARUSDT,FLAT,1.0,2026-06-09T22:05:05.958893+00:00,2026-06-10 06:05:05,2026-06-10,6,,,
live_db_signal,ic32_regime_v1,POLUSDT,FLAT,1.0,2026-06-09T22:05:07.575593+00:00,2026-06-10 06:05:07,2026-06-10,6,,,
live_db_signal,ic32_regime_v1,1000PEPEUSDT,FLAT,1.0,2026-06-09T22:05:09.064410+00:00,2026-06-10 06:05:09,2026-06-10,6,,,
live_db_signal,ic32_regime_v1,BNBUSDT,FLAT,1.0,2026-06-09T22:05:10.675888+00:00,2026-06-10 06:05:10,2026-06-10,6,,,
live_db_signal,ic32_regime_v1,ETHUSDT,SHORT,0.5909,2026-06-09T22:05:12.239017+00:00,2026-06-10 06:05:12,2026-06-10,6,,,
live_db_signal,ic32_regime_v1,TONUSDT,FLAT,1.0,2026-06-09T22:05:14.023477+00:00,2026-06-10 06:05:14,2026-06-10,6,,,
live_db_signal,ic32_regime_v1,TRXUSDT,FLAT,1.0,2026-06-09T22:05:15.619945+00:00,2026-06-10 06:05:15,2026-06-10,6,,,
live_db_signal,ic32_regime_v1,XRPUSDT,FLAT,0.3861,2026-06-09T22:05:17.212906+00:00,2026-06-10 06:05:17,2026-06-10,6,,,
live_db_signal,ic32_regime_v1,ARBUSDT,FLAT,1.0,2026-06-09T22:05:18.790319+00:00,2026-06-10 06:05:18,2026-06-10,6,,,
live_db_signal,ic32_regime_v1,DOGEUSDT,FLAT,1.0,2026-06-09T22:05:20.430319+00:00,2026-06-10 06:05:20,2026-06-10,6,,,
live_db_signal,ic32_regime_v1,LINKUSDT,FLAT,1.0,2026-06-09T22:05:21.968068+00:00,2026-06-10 06:05:21,2026-06-10,6,,,
live_db_signal,ic32_regime_v1,SOLUSDT,SHORT,0.7213,2026-06-09T22:05:23.811331+00:00,2026-06-10 06:05:23,2026-06-10,6,,,
live_db_signal,ic32_regime_v1,HBARUSDT,FLAT,1.0,2026-06-09T22:05:25.365762+00:00,2026-06-10 06:05:25,2026-06-10,6,,,
live_db_signal,ic32_regime_v1,ONDOUSDT,FLAT,1.0,2026-06-09T22:05:26.899837+00:00,2026-06-10 06:05:26,2026-06-10,6,,,
live_db_signal,ic32_regime_v1,ADAUSDT,FLAT,1.0,2026-06-09T22:05:28.393032+00:00,2026-06-10 06:05:28,2026-06-10,6,,,
live_db_signal,ic32_regime_v1,1000SHIBUSDT,FLAT,1.0,2026-06-09T22:05:30.129446+00:00,2026-06-10 06:05:30,2026-06-10,6,,,
live_db_signal,ic32_regime_v1,DOTUSDT,SHORT,0.6976,2026-06-09T22:05:31.633623+00:00,2026-06-10 06:05:31,2026-06-10,6,,,
live_db_signal,ic32_regime_v1,TAOUSDT,FLAT,1.0,2026-06-09T22:05:33.322657+00:00,2026-06-10 06:05:33,2026-06-10,6,,,
live_db_signal,ic32_regime_v1,SUIUSDT,FLAT,0.4327,2026-06-09T23:05:01.238623+00:00,2026-06-10 07:05:01,2026-06-10,7,,,
live_db_signal,ic32_regime_v1,AVAXUSDT,FLAT,1.0,2026-06-09T23:05:02.770396+00:00,2026-06-10 07:05:02,2026-06-10,7,,,
live_db_signal,ic32_regime_v1,NEARUSDT,FLAT,1.0,2026-06-09T23:05:04.267211+00:00,2026-06-10 07:05:04,2026-06-10,7,,,
live_db_signal,ic32_regime_v1,POLUSDT,FLAT,1.0,2026-06-09T23:05:05.700093+00:00,2026-06-10 07:05:05,2026-06-10,7,,,
live_db_signal,ic32_regime_v1,1000PEPEUSDT,FLAT,0.4468,2026-06-09T23:05:07.201873+00:00,2026-06-10 07:05:07,2026-06-10,7,,,
live_db_signal,ic32_regime_v1,BNBUSDT,FLAT,1.0,2026-06-09T23:05:08.676015+00:00,2026-06-10 07:05:08,2026-06-10,7,,,
live_db_signal,ic32_regime_v1,ETHUSDT,SHORT,0.6578,2026-06-09T23:05:10.121072+00:00,2026-06-10 07:05:10,2026-06-10,7,,,
live_db_signal,ic32_regime_v1,TONUSDT,FLAT,1.0,2026-06-09T23:05:12.924348+00:00,2026-06-10 07:05:12,2026-06-10,7,,,
live_db_signal,ic32_regime_v1,TRXUSDT,FLAT,1.0,2026-06-09T23:05:14.389351+00:00,2026-06-10 07:05:14,2026-06-10,7,,,
live_db_signal,ic32_regime_v1,XRPUSDT,FLAT,0.479,2026-06-09T23:05:15.849497+00:00,2026-06-10 07:05:15,2026-06-10,7,,,
live_db_signal,ic32_regime_v1,ARBUSDT,FLAT,1.0,2026-06-09T23:05:17.298862+00:00,2026-06-10 07:05:17,2026-06-10,7,,,
live_db_signal,ic32_regime_v1,DOGEUSDT,FLAT,1.0,2026-06-09T23:05:18.725435+00:00,2026-06-10 07:05:18,2026-06-10,7,,,
live_db_signal,ic32_regime_v1,LINKUSDT,FLAT,1.0,2026-06-09T23:05:20.158407+00:00,2026-06-10 07:05:20,2026-06-10,7,,,
live_db_signal,ic32_regime_v1,SOLUSDT,SHORT,0.6902,2026-06-09T23:05:21.593468+00:00,2026-06-10 07:05:21,2026-06-10,7,,,
live_db_signal,ic32_regime_v1,HBARUSDT,FLAT,1.0,2026-06-09T23:05:23.012741+00:00,2026-06-10 07:05:23,2026-06-10,7,,,
live_db_signal,ic32_regime_v1,ONDOUSDT,FLAT,1.0,2026-06-09T23:05:24.444422+00:00,2026-06-10 07:05:24,2026-06-10,7,,,
live_db_signal,ic32_regime_v1,ADAUSDT,FLAT,1.0,2026-06-09T23:05:25.980168+00:00,2026-06-10 07:05:25,2026-06-10,7,,,
live_db_signal,ic32_regime_v1,1000SHIBUSDT,FLAT,0.3625,2026-06-09T23:05:27.634553+00:00,2026-06-10 07:05:27,2026-06-10,7,,,
live_db_signal,ic32_regime_v1,DOTUSDT,SHORT,0.6647,2026-06-09T23:05:29.104647+00:00,2026-06-10 07:05:29,2026-06-10,7,,,
live_db_signal,ic32_regime_v1,TAOUSDT,FLAT,1.0,2026-06-09T23:05:31.494035+00:00,2026-06-10 07:05:31,2026-06-10,7,,,
live_db_signal,ic32_regime_v1,SUIUSDT,FLAT,1.0,2026-06-10T00:05:01.557599+00:00,2026-06-10 08:05:01,2026-06-10,8,,,
live_db_signal,ic32_regime_v1,AVAXUSDT,FLAT,1.0,2026-06-10T00:05:03.095288+00:00,2026-06-10 08:05:03,2026-06-10,8,,,
live_db_signal,ic32_regime_v1,NEARUSDT,SHORT,0.7847,2026-06-10T00:05:04.556537+00:00,2026-06-10 08:05:04,2026-06-10,8,,,
live_db_signal,ic32_regime_v1,POLUSDT,FLAT,1.0,2026-06-10T00:05:06.186569+00:00,2026-06-10 08:05:06,2026-06-10,8,,,
live_db_signal,ic32_regime_v1,1000PEPEUSDT,FLAT,1.0,2026-06-10T00:05:07.614801+00:00,2026-06-10 08:05:07,2026-06-10,8,,,
live_db_signal,ic32_regime_v1,BNBUSDT,FLAT,1.0,2026-06-10T00:05:09.169777+00:00,2026-06-10 08:05:09,2026-06-10,8,,,
live_db_signal,ic32_regime_v1,ETHUSDT,SHORT,0.6153,2026-06-10T00:05:10.636073+00:00,2026-06-10 08:05:10,2026-06-10,8,,,
live_db_signal,ic32_regime_v1,TONUSDT,FLAT,0.464,2026-06-10T00:05:12.121091+00:00,2026-06-10 08:05:12,2026-06-10,8,,,
live_db_signal,ic32_regime_v1,TRXUSDT,FLAT,1.0,2026-06-10T00:05:13.571416+00:00,2026-06-10 08:05:13,2026-06-10,8,,,
live_db_signal,ic32_regime_v1,XRPUSDT,FLAT,1.0,2026-06-10T00:05:15.140734+00:00,2026-06-10 08:05:15,2026-06-10,8,,,
live_db_signal,ic32_regime_v1,ARBUSDT,FLAT,1.0,2026-06-10T00:05:16.645331+00:00,2026-06-10 08:05:16,2026-06-10,8,,,
live_db_signal,ic32_regime_v1,DOGEUSDT,FLAT,1.0,2026-06-10T00:05:18.191385+00:00,2026-06-10 08:05:18,2026-06-10,8,,,
live_db_signal,ic32_regime_v1,LINKUSDT,FLAT,1.0,2026-06-10T00:05:19.692716+00:00,2026-06-10 08:05:19,2026-06-10,8,,,
live_db_signal,ic32_regime_v1,SOLUSDT,FLAT,1.0,2026-06-10T00:05:21.214554+00:00,2026-06-10 08:05:21,2026-06-10,8,,,
live_db_signal,ic32_regime_v1,HBARUSDT,FLAT,1.0,2026-06-10T00:05:22.690208+00:00,2026-06-10 08:05:22,2026-06-10,8,,,
live_db_signal,ic32_regime_v1,ONDOUSDT,FLAT,1.0,2026-06-10T00:05:24.201439+00:00,2026-06-10 08:05:24,2026-06-10,8,,,
live_db_signal,ic32_regime_v1,ADAUSDT,FLAT,1.0,2026-06-10T00:05:25.642197+00:00,2026-06-10 08:05:25,2026-06-10,8,,,
live_db_signal,ic32_regime_v1,1000SHIBUSDT,FLAT,1.0,2026-06-10T00:05:27.127757+00:00,2026-06-10 08:05:27,2026-06-10,8,,,
live_db_signal,ic32_regime_v1,DOTUSDT,FLAT,1.0,2026-06-10T00:05:28.665219+00:00,2026-06-10 08:05:28,2026-06-10,8,,,
live_db_signal,ic32_regime_v1,TAOUSDT,FLAT,1.0,2026-06-10T00:05:30.132424+00:00,2026-06-10 08:05:30,2026-06-10,8,,,
live_db_signal,ic32_regime_v1,SUIUSDT,FLAT,1.0,2026-06-10T01:05:01.151197+00:00,2026-06-10 09:05:01,2026-06-10,9,,,
live_db_signal,ic32_regime_v1,AVAXUSDT,FLAT,1.0,2026-06-10T01:05:02.801015+00:00,2026-06-10 09:05:02,2026-06-10,9,,,
live_db_signal,ic32_regime_v1,NEARUSDT,SHORT,0.693,2026-06-10T01:05:04.395807+00:00,2026-06-10 09:05:04,2026-06-10,9,,,
live_db_signal,ic32_regime_v1,POLUSDT,FLAT,1.0,2026-06-10T01:05:07.308918+00:00,2026-06-10 09:05:07,2026-06-10,9,,,
live_db_signal,ic32_regime_v1,1000PEPEUSDT,FLAT,1.0,2026-06-10T01:05:08.903061+00:00,2026-06-10 09:05:08,2026-06-10,9,,,
live_db_signal,ic32_regime_v1,BNBUSDT,FLAT,1.0,2026-06-10T01:05:10.339776+00:00,2026-06-10 09:05:10,2026-06-10,9,,,
live_db_signal,ic32_regime_v1,ETHUSDT,FLAT,1.0,2026-06-10T01:05:11.816007+00:00,2026-06-10 09:05:11,2026-06-10,9,,,
live_db_signal,ic32_regime_v1,TONUSDT,FLAT,0.4904,2026-06-10T01:05:13.328523+00:00,2026-06-10 09:05:13,2026-06-10,9,,,
live_db_signal,ic32_regime_v1,TRXUSDT,FLAT,1.0,2026-06-10T01:05:14.833769+00:00,2026-06-10 09:05:14,2026-06-10,9,,,
live_db_signal,ic32_regime_v1,XRPUSDT,FLAT,0.4844,2026-06-10T01:05:16.372759+00:00,2026-06-10 09:05:16,2026-06-10,9,,,
live_db_signal,ic32_regime_v1,ARBUSDT,FLAT,1.0,2026-06-10T01:05:17.874126+00:00,2026-06-10 09:05:17,2026-06-10,9,,,
live_db_signal,ic32_regime_v1,DOGEUSDT,FLAT,1.0,2026-06-10T01:05:19.406282+00:00,2026-06-10 09:05:19,2026-06-10,9,,,
live_db_signal,ic32_regime_v1,LINKUSDT,FLAT,1.0,2026-06-10T01:05:20.970748+00:00,2026-06-10 09:05:20,2026-06-10,9,,,
live_db_signal,ic32_regime_v1,SOLUSDT,FLAT,1.0,2026-06-10T01:05:22.410817+00:00,2026-06-10 09:05:22,2026-06-10,9,,,
live_db_signal,ic32_regime_v1,HBARUSDT,FLAT,1.0,2026-06-10T01:05:23.875796+00:00,2026-06-10 09:05:23,2026-06-10,9,,,
live_db_signal,ic32_regime_v1,ONDOUSDT,FLAT,1.0,2026-06-10T01:05:25.372470+00:00,2026-06-10 09:05:25,2026-06-10,9,,,
live_db_signal,ic32_regime_v1,ADAUSDT,FLAT,0.3948,2026-06-10T01:05:26.865720+00:00,2026-06-10 09:05:26,2026-06-10,9,,,
live_db_signal,ic32_regime_v1,1000SHIBUSDT,FLAT,1.0,2026-06-10T01:05:28.313709+00:00,2026-06-10 09:05:28,2026-06-10,9,,,
live_db_signal,ic32_regime_v1,DOTUSDT,FLAT,1.0,2026-06-10T01:05:29.726856+00:00,2026-06-10 09:05:29,2026-06-10,9,,,
live_db_signal,ic32_regime_v1,TAOUSDT,FLAT,1.0,2026-06-10T01:05:31.140935+00:00,2026-06-10 09:05:31,2026-06-10,9,,,
live_db_signal,ic32_regime_v1,SUIUSDT,FLAT,1.0,2026-06-10T02:05:01.439825+00:00,2026-06-10 10:05:01,2026-06-10,10,,,
live_db_signal,ic32_regime_v1,AVAXUSDT,FLAT,1.0,2026-06-10T02:05:03.172336+00:00,2026-06-10 10:05:03,2026-06-10,10,,,
live_db_signal,ic32_regime_v1,NEARUSDT,SHORT,0.6865,2026-06-10T02:05:04.643002+00:00,2026-06-10 10:05:04,2026-06-10,10,,,
live_db_signal,ic32_regime_v1,POLUSDT,FLAT,1.0,2026-06-10T02:05:06.112613+00:00,2026-06-10 10:05:06,2026-06-10,10,,,
live_db_signal,ic32_regime_v1,1000PEPEUSDT,FLAT,0.4729,2026-06-10T02:05:07.541953+00:00,2026-06-10 10:05:07,2026-06-10,10,,,
live_db_signal,ic32_regime_v1,BNBUSDT,FLAT,1.0,2026-06-10T02:05:08.964229+00:00,2026-06-10 10:05:08,2026-06-10,10,,,
live_db_signal,ic32_regime_v1,ETHUSDT,SHORT,0.6881,2026-06-10T02:05:10.462816+00:00,2026-06-10 10:05:10,2026-06-10,10,,,
live_db_signal,ic32_regime_v1,TONUSDT,FLAT,1.0,2026-06-10T02:05:11.871996+00:00,2026-06-10 10:05:11,2026-06-10,10,,,
live_db_signal,ic32_regime_v1,TRXUSDT,FLAT,1.0,2026-06-10T02:05:13.309735+00:00,2026-06-10 10:05:13,2026-06-10,10,,,
live_db_signal,ic32_regime_v1,XRPUSDT,FLAT,1.0,2026-06-10T02:05:14.721431+00:00,2026-06-10 10:05:14,2026-06-10,10,,,
live_db_signal,ic32_regime_v1,ARBUSDT,FLAT,1.0,2026-06-10T02:05:16.189397+00:00,2026-06-10 10:05:16,2026-06-10,10,,,
live_db_signal,ic32_regime_v1,DOGEUSDT,FLAT,1.0,2026-06-10T02:05:17.624720+00:00,2026-06-10 10:05:17,2026-06-10,10,,,
live_db_signal,ic32_regime_v1,LINKUSDT,SHORT,0.6527,2026-06-10T02:05:19.094702+00:00,2026-06-10 10:05:19,2026-06-10,10,,,
live_db_signal,ic32_regime_v1,SOLUSDT,FLAT,1.0,2026-06-10T02:05:21.938870+00:00,2026-06-10 10:05:21,2026-06-10,10,,,
live_db_signal,ic32_regime_v1,HBARUSDT,FLAT,1.0,2026-06-10T02:05:23.399061+00:00,2026-06-10 10:05:23,2026-06-10,10,,,
live_db_signal,ic32_regime_v1,ONDOUSDT,FLAT,1.0,2026-06-10T02:05:24.903875+00:00,2026-06-10 10:05:24,2026-06-10,10,,,
live_db_signal,ic32_regime_v1,ADAUSDT,FLAT,0.4584,2026-06-10T02:05:26.391450+00:00,2026-06-10 10:05:26,2026-06-10,10,,,
live_db_signal,ic32_regime_v1,1000SHIBUSDT,FLAT,1.0,2026-06-10T02:05:27.810593+00:00,2026-06-10 10:05:27,2026-06-10,10,,,
live_db_signal,ic32_regime_v1,DOTUSDT,FLAT,1.0,2026-06-10T02:05:29.236855+00:00,2026-06-10 10:05:29,2026-06-10,10,,,
live_db_signal,ic32_regime_v1,TAOUSDT,FLAT,1.0,2026-06-10T02:05:30.672910+00:00,2026-06-10 10:05:30,2026-06-10,10,,,
live_db_signal,ic32_regime_v1,SUIUSDT,FLAT,1.0,2026-06-10T03:05:01.300902+00:00,2026-06-10 11:05:01,2026-06-10,11,,,
live_db_signal,ic32_regime_v1,AVAXUSDT,SHORT,0.6934,2026-06-10T03:05:02.882667+00:00,2026-06-10 11:05:02,2026-06-10,11,,,
live_db_signal,ic32_regime_v1,NEARUSDT,FLAT,1.0,2026-06-10T03:05:05.693739+00:00,2026-06-10 11:05:05,2026-06-10,11,,,
live_db_signal,ic32_regime_v1,POLUSDT,FLAT,1.0,2026-06-10T03:05:07.295238+00:00,2026-06-10 11:05:07,2026-06-10,11,,,
live_db_signal,ic32_regime_v1,1000PEPEUSDT,FLAT,1.0,2026-06-10T03:05:08.692256+00:00,2026-06-10 11:05:08,2026-06-10,11,,,
live_db_signal,ic32_regime_v1,BNBUSDT,FLAT,1.0,2026-06-10T03:05:10.049443+00:00,2026-06-10 11:05:10,2026-06-10,11,,,
live_db_signal,ic32_regime_v1,ETHUSDT,FLAT,1.0,2026-06-10T03:05:11.439404+00:00,2026-06-10 11:05:11,2026-06-10,11,,,
live_db_signal,ic32_regime_v1,TONUSDT,FLAT,1.0,2026-06-10T03:05:12.843765+00:00,2026-06-10 11:05:12,2026-06-10,11,,,
live_db_signal,ic32_regime_v1,TRXUSDT,FLAT,1.0,2026-06-10T03:05:14.325253+00:00,2026-06-10 11:05:14,2026-06-10,11,,,
live_db_signal,ic32_regime_v1,XRPUSDT,FLAT,1.0,2026-06-10T03:05:15.794621+00:00,2026-06-10 11:05:15,2026-06-10,11,,,
live_db_signal,ic32_regime_v1,ARBUSDT,FLAT,1.0,2026-06-10T03:05:17.187562+00:00,2026-06-10 11:05:17,2026-06-10,11,,,
live_db_signal,ic32_regime_v1,DOGEUSDT,FLAT,1.0,2026-06-10T03:05:18.583260+00:00,2026-06-10 11:05:18,2026-06-10,11,,,
live_db_signal,ic32_regime_v1,LINKUSDT,FLAT,1.0,2026-06-10T03:05:19.984014+00:00,2026-06-10 11:05:19,2026-06-10,11,,,
live_db_signal,ic32_regime_v1,SOLUSDT,SHORT,0.6971,2026-06-10T03:05:21.396928+00:00,2026-06-10 11:05:21,2026-06-10,11,,,
live_db_signal,ic32_regime_v1,HBARUSDT,FLAT,1.0,2026-06-10T03:05:22.869286+00:00,2026-06-10 11:05:22,2026-06-10,11,,,
live_db_signal,ic32_regime_v1,ONDOUSDT,FLAT,1.0,2026-06-10T03:05:24.290651+00:00,2026-06-10 11:05:24,2026-06-10,11,,,
live_db_signal,ic32_regime_v1,ADAUSDT,FLAT,1.0,2026-06-10T03:05:25.714246+00:00,2026-06-10 11:05:25,2026-06-10,11,,,
live_db_signal,ic32_regime_v1,1000SHIBUSDT,FLAT,1.0,2026-06-10T03:05:27.169034+00:00,2026-06-10 11:05:27,2026-06-10,11,,,
live_db_signal,ic32_regime_v1,DOTUSDT,FLAT,0.4677,2026-06-10T03:05:28.630907+00:00,2026-06-10 11:05:28,2026-06-10,11,,,
live_db_signal,ic32_regime_v1,TAOUSDT,FLAT,1.0,2026-06-10T03:05:30.067777+00:00,2026-06-10 11:05:30,2026-06-10,11,,,
live_db_signal,ic32_regime_v1,SUIUSDT,FLAT,1.0,2026-06-10T04:05:01.232691+00:00,2026-06-10 12:05:01,2026-06-10,12,,,
live_db_signal,ic32_regime_v1,AVAXUSDT,FLAT,1.0,2026-06-10T04:05:02.968651+00:00,2026-06-10 12:05:02,2026-06-10,12,,,
live_db_signal,ic32_regime_v1,NEARUSDT,FLAT,1.0,2026-06-10T04:05:04.432185+00:00,2026-06-10 12:05:04,2026-06-10,12,,,
live_db_signal,ic32_regime_v1,POLUSDT,FLAT,1.0,2026-06-10T04:05:05.914523+00:00,2026-06-10 12:05:05,2026-06-10,12,,,
live_db_signal,ic32_regime_v1,1000PEPEUSDT,FLAT,1.0,2026-06-10T04:05:07.346834+00:00,2026-06-10 12:05:07,2026-06-10,12,,,
live_db_signal,ic32_regime_v1,BNBUSDT,FLAT,1.0,2026-06-10T04:05:08.898942+00:00,2026-06-10 12:05:08,2026-06-10,12,,,
live_db_signal,ic32_regime_v1,ETHUSDT,FLAT,1.0,2026-06-10T04:05:10.403230+00:00,2026-06-10 12:05:10,2026-06-10,12,,,
live_db_signal,ic32_regime_v1,TONUSDT,FLAT,1.0,2026-06-10T04:05:12.075299+00:00,2026-06-10 12:05:12,2026-06-10,12,,,
live_db_signal,ic32_regime_v1,TRXUSDT,FLAT,1.0,2026-06-10T04:05:13.636071+00:00,2026-06-10 12:05:13,2026-06-10,12,,,
live_db_signal,ic32_regime_v1,XRPUSDT,FLAT,1.0,2026-06-10T04:05:15.094650+00:00,2026-06-10 12:05:15,2026-06-10,12,,,
live_db_signal,ic32_regime_v1,ARBUSDT,FLAT,1.0,2026-06-10T04:05:16.659068+00:00,2026-06-10 12:05:16,2026-06-10,12,,,
live_db_signal,ic32_regime_v1,DOGEUSDT,FLAT,1.0,2026-06-10T04:05:18.193572+00:00,2026-06-10 12:05:18,2026-06-10,12,,,
live_db_signal,ic32_regime_v1,LINKUSDT,FLAT,1.0,2026-06-10T04:05:19.710413+00:00,2026-06-10 12:05:19,2026-06-10,12,,,
live_db_signal,ic32_regime_v1,SOLUSDT,SHORT,0.6521,2026-06-10T04:05:21.242277+00:00,2026-06-10 12:05:21,2026-06-10,12,,,
live_db_signal,ic32_regime_v1,HBARUSDT,FLAT,1.0,2026-06-10T04:05:24.097626+00:00,2026-06-10 12:05:24,2026-06-10,12,,,
live_db_signal,ic32_regime_v1,ONDOUSDT,FLAT,1.0,2026-06-10T04:05:25.578859+00:00,2026-06-10 12:05:25,2026-06-10,12,,,
live_db_signal,ic32_regime_v1,ADAUSDT,FLAT,1.0,2026-06-10T04:05:27.037230+00:00,2026-06-10 12:05:27,2026-06-10,12,,,
live_db_signal,ic32_regime_v1,1000SHIBUSDT,FLAT,1.0,2026-06-10T04:05:28.553141+00:00,2026-06-10 12:05:28,2026-06-10,12,,,
live_db_signal,ic32_regime_v1,DOTUSDT,FLAT,0.483,2026-06-10T04:05:30.024309+00:00,2026-06-10 12:05:30,2026-06-10,12,,,
live_db_signal,ic32_regime_v1,TAOUSDT,FLAT,1.0,2026-06-10T04:05:31.474429+00:00,2026-06-10 12:05:31,2026-06-10,12,,,
live_db_signal,ic32_regime_v1,SUIUSDT,FLAT,1.0,2026-06-10T05:05:01.669690+00:00,2026-06-10 13:05:01,2026-06-10,13,,,
live_db_signal,ic32_regime_v1,AVAXUSDT,SHORT,0.6941,2026-06-10T05:05:03.231775+00:00,2026-06-10 13:05:03,2026-06-10,13,,,
live_db_signal,ic32_regime_v1,NEARUSDT,FLAT,1.0,2026-06-10T05:05:06.205608+00:00,2026-06-10 13:05:06,2026-06-10,13,,,
live_db_signal,ic32_regime_v1,POLUSDT,FLAT,1.0,2026-06-10T05:05:07.649535+00:00,2026-06-10 13:05:07,2026-06-10,13,,,
live_db_signal,ic32_regime_v1,1000PEPEUSDT,FLAT,1.0,2026-06-10T05:05:09.203711+00:00,2026-06-10 13:05:09,2026-06-10,13,,,
live_db_signal,ic32_regime_v1,BNBUSDT,FLAT,1.0,2026-06-10T05:05:10.726864+00:00,2026-06-10 13:05:10,2026-06-10,13,,,
live_db_signal,ic32_regime_v1,ETHUSDT,FLAT,1.0,2026-06-10T05:05:12.254224+00:00,2026-06-10 13:05:12,2026-06-10,13,,,
live_db_signal,ic32_regime_v1,TONUSDT,FLAT,1.0,2026-06-10T05:05:13.695600+00:00,2026-06-10 13:05:13,2026-06-10,13,,,
live_db_signal,ic32_regime_v1,TRXUSDT,FLAT,1.0,2026-06-10T05:05:15.424462+00:00,2026-06-10 13:05:15,2026-06-10,13,,,
live_db_signal,ic32_regime_v1,XRPUSDT,FLAT,1.0,2026-06-10T05:05:16.856097+00:00,2026-06-10 13:05:16,2026-06-10,13,,,
live_db_signal,ic32_regime_v1,ARBUSDT,FLAT,0.4719,2026-06-10T05:05:18.390629+00:00,2026-06-10 13:05:18,2026-06-10,13,,,
live_db_signal,ic32_regime_v1,DOGEUSDT,FLAT,1.0,2026-06-10T05:05:19.966548+00:00,2026-06-10 13:05:19,2026-06-10,13,,,
live_db_signal,ic32_regime_v1,LINKUSDT,FLAT,1.0,2026-06-10T05:05:21.556921+00:00,2026-06-10 13:05:21,2026-06-10,13,,,
live_db_signal,ic32_regime_v1,SOLUSDT,FLAT,1.0,2026-06-10T05:05:23.195014+00:00,2026-06-10 13:05:23,2026-06-10,13,,,
live_db_signal,ic32_regime_v1,HBARUSDT,FLAT,1.0,2026-06-10T05:05:24.738105+00:00,2026-06-10 13:05:24,2026-06-10,13,,,
live_db_signal,ic32_regime_v1,ONDOUSDT,FLAT,1.0,2026-06-10T05:05:26.288366+00:00,2026-06-10 13:05:26,2026-06-10,13,,,
live_db_signal,ic32_regime_v1,ADAUSDT,FLAT,1.0,2026-06-10T05:05:27.879486+00:00,2026-06-10 13:05:27,2026-06-10,13,,,
live_db_signal,ic32_regime_v1,1000SHIBUSDT,FLAT,1.0,2026-06-10T05:05:29.372906+00:00,2026-06-10 13:05:29,2026-06-10,13,,,
live_db_signal,ic32_regime_v1,DOTUSDT,FLAT,1.0,2026-06-10T05:05:30.896225+00:00,2026-06-10 13:05:30,2026-06-10,13,,,
live_db_signal,ic32_regime_v1,TAOUSDT,FLAT,1.0,2026-06-10T05:05:32.462761+00:00,2026-06-10 13:05:32,2026-06-10,13,,,
live_db_signal,ic32_regime_v1,SUIUSDT,FLAT,1.0,2026-06-10T06:05:01.647104+00:00,2026-06-10 14:05:01,2026-06-10,14,,,
live_db_signal,ic32_regime_v1,AVAXUSDT,FLAT,1.0,2026-06-10T06:05:03.251562+00:00,2026-06-10 14:05:03,2026-06-10,14,,,
live_db_signal,ic32_regime_v1,NEARUSDT,FLAT,1.0,2026-06-10T06:05:04.761282+00:00,2026-06-10 14:05:04,2026-06-10,14,,,
live_db_signal,ic32_regime_v1,POLUSDT,FLAT,1.0,2026-06-10T06:05:06.316926+00:00,2026-06-10 14:05:06,2026-06-10,14,,,
live_db_signal,ic32_regime_v1,1000PEPEUSDT,FLAT,1.0,2026-06-10T06:05:07.810536+00:00,2026-06-10 14:05:07,2026-06-10,14,,,
live_db_signal,ic32_regime_v1,BNBUSDT,FLAT,1.0,2026-06-10T06:05:09.255968+00:00,2026-06-10 14:05:09,2026-06-10,14,,,
live_db_signal,ic32_regime_v1,ETHUSDT,FLAT,1.0,2026-06-10T06:05:10.777190+00:00,2026-06-10 14:05:10,2026-06-10,14,,,
live_db_signal,ic32_regime_v1,TONUSDT,FLAT,1.0,2026-06-10T06:05:12.386464+00:00,2026-06-10 14:05:12,2026-06-10,14,,,
live_db_signal,ic32_regime_v1,TRXUSDT,FLAT,1.0,2026-06-10T06:05:13.983970+00:00,2026-06-10 14:05:13,2026-06-10,14,,,
live_db_signal,ic32_regime_v1,XRPUSDT,FLAT,1.0,2026-06-10T06:05:15.626140+00:00,2026-06-10 14:05:15,2026-06-10,14,,,
live_db_signal,ic32_regime_v1,ARBUSDT,FLAT,0.4385,2026-06-10T06:05:17.348418+00:00,2026-06-10 14:05:17,2026-06-10,14,,,
live_db_signal,ic32_regime_v1,DOGEUSDT,FLAT,1.0,2026-06-10T06:05:18.872136+00:00,2026-06-10 14:05:18,2026-06-10,14,,,
live_db_signal,ic32_regime_v1,LINKUSDT,FLAT,1.0,2026-06-10T06:05:20.420834+00:00,2026-06-10 14:05:20,2026-06-10,14,,,
live_db_signal,ic32_regime_v1,SOLUSDT,FLAT,1.0,2026-06-10T06:05:21.937210+00:00,2026-06-10 14:05:21,2026-06-10,14,,,
live_db_signal,ic32_regime_v1,HBARUSDT,FLAT,1.0,2026-06-10T06:05:23.447155+00:00,2026-06-10 14:05:23,2026-06-10,14,,,
live_db_signal,ic32_regime_v1,ONDOUSDT,FLAT,1.0,2026-06-10T06:05:24.947833+00:00,2026-06-10 14:05:24,2026-06-10,14,,,
live_db_signal,ic32_regime_v1,ADAUSDT,FLAT,1.0,2026-06-10T06:05:26.469022+00:00,2026-06-10 14:05:26,2026-06-10,14,,,
live_db_signal,ic32_regime_v1,1000SHIBUSDT,FLAT,1.0,2026-06-10T06:05:27.973574+00:00,2026-06-10 14:05:27,2026-06-10,14,,,
live_db_signal,ic32_regime_v1,DOTUSDT,FLAT,1.0,2026-06-10T06:05:29.435675+00:00,2026-06-10 14:05:29,2026-06-10,14,,,
live_db_signal,ic32_regime_v1,TAOUSDT,FLAT,1.0,2026-06-10T06:05:30.940222+00:00,2026-06-10 14:05:30,2026-06-10,14,,,
live_db_signal,ic32_regime_v1,SUIUSDT,FLAT,1.0,2026-06-10T07:05:01.813791+00:00,2026-06-10 15:05:01,2026-06-10,15,,,
live_db_signal,ic32_regime_v1,AVAXUSDT,SHORT,0.7253,2026-06-10T07:05:06.867864+00:00,2026-06-10 15:05:06,2026-06-10,15,,,
live_db_signal,ic32_regime_v1,NEARUSDT,FLAT,1.0,2026-06-10T07:05:09.840499+00:00,2026-06-10 15:05:09,2026-06-10,15,,,
live_db_signal,ic32_regime_v1,POLUSDT,FLAT,1.0,2026-06-10T07:05:11.355003+00:00,2026-06-10 15:05:11,2026-06-10,15,,,
live_db_signal,ic32_regime_v1,1000PEPEUSDT,FLAT,0.4749,2026-06-10T07:05:12.882634+00:00,2026-06-10 15:05:12,2026-06-10,15,,,
live_db_signal,ic32_regime_v1,BNBUSDT,FLAT,1.0,2026-06-10T07:05:14.430742+00:00,2026-06-10 15:05:14,2026-06-10,15,,,
live_db_signal,ic32_regime_v1,ETHUSDT,SHORT,0.7187,2026-06-10T07:05:15.931092+00:00,2026-06-10 15:05:15,2026-06-10,15,,,
live_db_signal,ic32_regime_v1,TONUSDT,FLAT,1.0,2026-06-10T07:05:18.776710+00:00,2026-06-10 15:05:18,2026-06-10,15,,,
live_db_signal,ic32_regime_v1,TRXUSDT,FLAT,1.0,2026-06-10T07:05:20.302720+00:00,2026-06-10 15:05:20,2026-06-10,15,,,
live_db_signal,ic32_regime_v1,XRPUSDT,FLAT,1.0,2026-06-10T07:05:21.794922+00:00,2026-06-10 15:05:21,2026-06-10,15,,,
live_db_signal,ic32_regime_v1,ARBUSDT,FLAT,0.4686,2026-06-10T07:05:23.473938+00:00,2026-06-10 15:05:23,2026-06-10,15,,,
live_db_signal,ic32_regime_v1,DOGEUSDT,FLAT,1.0,2026-06-10T07:05:24.974437+00:00,2026-06-10 15:05:24,2026-06-10,15,,,
live_db_signal,ic32_regime_v1,LINKUSDT,SHORT,0.6237,2026-06-10T07:05:26.512079+00:00,2026-06-10 15:05:26,2026-06-10,15,,,
live_db_signal,ic32_regime_v1,SOLUSDT,SHORT,0.6349,2026-06-10T07:05:29.468264+00:00,2026-06-10 15:05:29,2026-06-10,15,,,
live_db_signal,ic32_regime_v1,HBARUSDT,FLAT,1.0,2026-06-10T07:05:30.987000+00:00,2026-06-10 15:05:30,2026-06-10,15,,,
live_db_signal,ic32_regime_v1,ONDOUSDT,FLAT,1.0,2026-06-10T07:05:32.502991+00:00,2026-06-10 15:05:32,2026-06-10,15,,,
live_db_signal,ic32_regime_v1,ADAUSDT,FLAT,1.0,2026-06-10T07:05:33.964653+00:00,2026-06-10 15:05:33,2026-06-10,15,,,
live_db_signal,ic32_regime_v1,1000SHIBUSDT,FLAT,1.0,2026-06-10T07:05:35.529803+00:00,2026-06-10 15:05:35,2026-06-10,15,,,
live_db_signal,ic32_regime_v1,DOTUSDT,FLAT,0.4272,2026-06-10T07:05:37.105186+00:00,2026-06-10 15:05:37,2026-06-10,15,,,
live_db_signal,ic32_regime_v1,TAOUSDT,FLAT,1.0,2026-06-10T07:05:38.628023+00:00,2026-06-10 15:05:38,2026-06-10,15,,,
live_db_signal,ic32_regime_v1,SUIUSDT,LONG,0.8059,2026-06-10T08:05:01.469016+00:00,2026-06-10 16:05:01,2026-06-10,16,,,
live_db_signal,ic32_regime_v1,AVAXUSDT,FLAT,1.0,2026-06-10T08:05:05.689019+00:00,2026-06-10 16:05:05,2026-06-10,16,,,
live_db_signal,ic32_regime_v1,NEARUSDT,FLAT,1.0,2026-06-10T08:05:07.187250+00:00,2026-06-10 16:05:07,2026-06-10,16,,,
live_db_signal,ic32_regime_v1,POLUSDT,FLAT,1.0,2026-06-10T08:05:08.660732+00:00,2026-06-10 16:05:08,2026-06-10,16,,,
live_db_signal,ic32_regime_v1,1000PEPEUSDT,LONG,0.8948,2026-06-10T08:05:10.213980+00:00,2026-06-10 16:05:10,2026-06-10,16,,,
live_db_signal,ic32_regime_v1,BNBUSDT,FLAT,1.0,2026-06-10T08:05:11.975689+00:00,2026-06-10 16:05:11,2026-06-10,16,,,
live_db_signal,ic32_regime_v1,ETHUSDT,FLAT,1.0,2026-06-10T08:05:13.408694+00:00,2026-06-10 16:05:13,2026-06-10,16,,,
live_db_signal,ic32_regime_v1,TONUSDT,FLAT,1.0,2026-06-10T08:05:14.876086+00:00,2026-06-10 16:05:14,2026-06-10,16,,,
live_db_signal,ic32_regime_v1,TRXUSDT,FLAT,1.0,2026-06-10T08:05:16.374787+00:00,2026-06-10 16:05:16,2026-06-10,16,,,
live_db_signal,ic32_regime_v1,XRPUSDT,FLAT,1.0,2026-06-10T08:05:17.851741+00:00,2026-06-10 16:05:17,2026-06-10,16,,,
live_db_signal,ic32_regime_v1,ARBUSDT,FLAT,1.0,2026-06-10T08:05:19.424107+00:00,2026-06-10 16:05:19,2026-06-10,16,,,
live_db_signal,ic32_regime_v1,DOGEUSDT,FLAT,1.0,2026-06-10T08:05:20.917176+00:00,2026-06-10 16:05:20,2026-06-10,16,,,
live_db_signal,ic32_regime_v1,LINKUSDT,LONG,0.7899,2026-06-10T08:05:22.405931+00:00,2026-06-10 16:05:22,2026-06-10,16,,,
live_db_signal,ic32_regime_v1,SOLUSDT,LONG,0.761,2026-06-10T08:05:24.126089+00:00,2026-06-10 16:05:24,2026-06-10,16,,,
live_db_signal,ic32_regime_v1,HBARUSDT,FLAT,1.0,2026-06-10T08:05:25.648371+00:00,2026-06-10 16:05:25,2026-06-10,16,,,
live_db_signal,ic32_regime_v1,ONDOUSDT,FLAT,1.0,2026-06-10T08:05:27.108786+00:00,2026-06-10 16:05:27,2026-06-10,16,,,
live_db_signal,ic32_regime_v1,ADAUSDT,FLAT,1.0,2026-06-10T08:05:28.573756+00:00,2026-06-10 16:05:28,2026-06-10,16,,,
live_db_signal,ic32_regime_v1,1000SHIBUSDT,LONG,0.7689,2026-06-10T08:05:30.083651+00:00,2026-06-10 16:05:30,2026-06-10,16,,,
live_db_signal,ic32_regime_v1,DOTUSDT,FLAT,1.0,2026-06-10T08:05:31.807579+00:00,2026-06-10 16:05:31,2026-06-10,16,,,
live_db_signal,ic32_regime_v1,TAOUSDT,FLAT,1.0,2026-06-10T08:05:33.319531+00:00,2026-06-10 16:05:33,2026-06-10,16,,,
live_db_signal,ic32_regime_v1,SUIUSDT,FLAT,1.0,2026-06-10T09:05:01.365635+00:00,2026-06-10 17:05:01,2026-06-10,17,,,
live_db_signal,ic32_regime_v1,AVAXUSDT,FLAT,1.0,2026-06-10T09:05:03.213702+00:00,2026-06-10 17:05:03,2026-06-10,17,,,
live_db_signal,ic32_regime_v1,NEARUSDT,FLAT,1.0,2026-06-10T09:05:05.167890+00:00,2026-06-10 17:05:05,2026-06-10,17,,,
live_db_signal,ic32_regime_v1,POLUSDT,FLAT,1.0,2026-06-10T09:05:06.769681+00:00,2026-06-10 17:05:06,2026-06-10,17,,,
live_db_signal,ic32_regime_v1,1000PEPEUSDT,FLAT,1.0,2026-06-10T09:05:08.264157+00:00,2026-06-10 17:05:08,2026-06-10,17,,,
live_db_signal,ic32_regime_v1,BNBUSDT,FLAT,1.0,2026-06-10T09:05:09.763678+00:00,2026-06-10 17:05:09,2026-06-10,17,,,
live_db_signal,ic32_regime_v1,ETHUSDT,FLAT,1.0,2026-06-10T09:05:11.290295+00:00,2026-06-10 17:05:11,2026-06-10,17,,,
live_db_signal,ic32_regime_v1,TONUSDT,FLAT,1.0,2026-06-10T09:05:12.977488+00:00,2026-06-10 17:05:12,2026-06-10,17,,,
live_db_signal,ic32_regime_v1,TRXUSDT,FLAT,1.0,2026-06-10T09:05:14.492344+00:00,2026-06-10 17:05:14,2026-06-10,17,,,
live_db_signal,ic32_regime_v1,XRPUSDT,FLAT,1.0,2026-06-10T09:05:16.108936+00:00,2026-06-10 17:05:16,2026-06-10,17,,,
live_db_signal,ic32_regime_v1,ARBUSDT,FLAT,1.0,2026-06-10T09:05:17.685881+00:00,2026-06-10 17:05:17,2026-06-10,17,,,
live_db_signal,ic32_regime_v1,DOGEUSDT,FLAT,1.0,2026-06-10T09:05:19.204940+00:00,2026-06-10 17:05:19,2026-06-10,17,,,
live_db_signal,ic32_regime_v1,LINKUSDT,FLAT,1.0,2026-06-10T09:05:20.674078+00:00,2026-06-10 17:05:20,2026-06-10,17,,,
live_db_signal,ic32_regime_v1,SOLUSDT,FLAT,1.0,2026-06-10T09:05:22.099785+00:00,2026-06-10 17:05:22,2026-06-10,17,,,
live_db_signal,ic32_regime_v1,HBARUSDT,FLAT,1.0,2026-06-10T09:05:23.562220+00:00,2026-06-10 17:05:23,2026-06-10,17,,,
live_db_signal,ic32_regime_v1,ONDOUSDT,FLAT,1.0,2026-06-10T09:05:25.010866+00:00,2026-06-10 17:05:25,2026-06-10,17,,,
live_db_signal,ic32_regime_v1,ADAUSDT,FLAT,1.0,2026-06-10T09:05:26.477582+00:00,2026-06-10 17:05:26,2026-06-10,17,,,
live_db_signal,ic32_regime_v1,1000SHIBUSDT,FLAT,1.0,2026-06-10T09:05:27.999093+00:00,2026-06-10 17:05:27,2026-06-10,17,,,
live_db_signal,ic32_regime_v1,DOTUSDT,FLAT,1.0,2026-06-10T09:05:29.529823+00:00,2026-06-10 17:05:29,2026-06-10,17,,,
live_db_signal,ic32_regime_v1,TAOUSDT,FLAT,1.0,2026-06-10T09:05:31.021832+00:00,2026-06-10 17:05:31,2026-06-10,17,,,
live_db_signal,ic32_regime_v1,SUIUSDT,FLAT,1.0,2026-06-10T10:05:01.400852+00:00,2026-06-10 18:05:01,2026-06-10,18,,,
live_db_signal,ic32_regime_v1,AVAXUSDT,FLAT,1.0,2026-06-10T10:05:03.170289+00:00,2026-06-10 18:05:03,2026-06-10,18,,,
live_db_signal,ic32_regime_v1,NEARUSDT,FLAT,1.0,2026-06-10T10:05:04.651612+00:00,2026-06-10 18:05:04,2026-06-10,18,,,
live_db_signal,ic32_regime_v1,POLUSDT,FLAT,1.0,2026-06-10T10:05:06.084390+00:00,2026-06-10 18:05:06,2026-06-10,18,,,
live_db_signal,ic32_regime_v1,1000PEPEUSDT,FLAT,1.0,2026-06-10T10:05:07.534243+00:00,2026-06-10 18:05:07,2026-06-10,18,,,
live_db_signal,ic32_regime_v1,BNBUSDT,FLAT,1.0,2026-06-10T10:05:09.038577+00:00,2026-06-10 18:05:09,2026-06-10,18,,,
live_db_signal,ic32_regime_v1,ETHUSDT,FLAT,1.0,2026-06-10T10:05:10.485791+00:00,2026-06-10 18:05:10,2026-06-10,18,,,
live_db_signal,ic32_regime_v1,TONUSDT,FLAT,1.0,2026-06-10T10:05:12.024769+00:00,2026-06-10 18:05:12,2026-06-10,18,,,
live_db_signal,ic32_regime_v1,TRXUSDT,FLAT,1.0,2026-06-10T10:05:13.598069+00:00,2026-06-10 18:05:13,2026-06-10,18,,,
live_db_signal,ic32_regime_v1,XRPUSDT,FLAT,1.0,2026-06-10T10:05:15.252534+00:00,2026-06-10 18:05:15,2026-06-10,18,,,
live_db_signal,ic32_regime_v1,ARBUSDT,FLAT,1.0,2026-06-10T10:05:16.783318+00:00,2026-06-10 18:05:16,2026-06-10,18,,,
live_db_signal,ic32_regime_v1,DOGEUSDT,FLAT,1.0,2026-06-10T10:05:18.292810+00:00,2026-06-10 18:05:18,2026-06-10,18,,,
live_db_signal,ic32_regime_v1,LINKUSDT,FLAT,1.0,2026-06-10T10:05:19.742385+00:00,2026-06-10 18:05:19,2026-06-10,18,,,
live_db_signal,ic32_regime_v1,SOLUSDT,FLAT,1.0,2026-06-10T10:05:21.301457+00:00,2026-06-10 18:05:21,2026-06-10,18,,,
live_db_signal,ic32_regime_v1,HBARUSDT,FLAT,1.0,2026-06-10T10:05:22.773667+00:00,2026-06-10 18:05:22,2026-06-10,18,,,
live_db_signal,ic32_regime_v1,ONDOUSDT,FLAT,1.0,2026-06-10T10:05:24.376047+00:00,2026-06-10 18:05:24,2026-06-10,18,,,
live_db_signal,ic32_regime_v1,ADAUSDT,FLAT,1.0,2026-06-10T10:05:25.807796+00:00,2026-06-10 18:05:25,2026-06-10,18,,,
live_db_signal,ic32_regime_v1,1000SHIBUSDT,FLAT,1.0,2026-06-10T10:05:27.332217+00:00,2026-06-10 18:05:27,2026-06-10,18,,,
live_db_signal,ic32_regime_v1,DOTUSDT,FLAT,1.0,2026-06-10T10:05:28.902409+00:00,2026-06-10 18:05:28,2026-06-10,18,,,
live_db_signal,ic32_regime_v1,TAOUSDT,FLAT,1.0,2026-06-10T10:05:30.451558+00:00,2026-06-10 18:05:30,2026-06-10,18,,,
live_db_signal,ic32_regime_v1,SUIUSDT,FLAT,1.0,2026-06-10T11:05:01.406036+00:00,2026-06-10 19:05:01,2026-06-10,19,,,
live_db_signal,ic32_regime_v1,AVAXUSDT,FLAT,1.0,2026-06-10T11:05:03.505156+00:00,2026-06-10 19:05:03,2026-06-10,19,,,
live_db_signal,ic32_regime_v1,NEARUSDT,FLAT,1.0,2026-06-10T11:05:05.445270+00:00,2026-06-10 19:05:05,2026-06-10,19,,,
live_db_signal,ic32_regime_v1,POLUSDT,FLAT,1.0,2026-06-10T11:05:07.012677+00:00,2026-06-10 19:05:07,2026-06-10,19,,,
live_db_signal,ic32_regime_v1,1000PEPEUSDT,FLAT,1.0,2026-06-10T11:05:08.455039+00:00,2026-06-10 19:05:08,2026-06-10,19,,,
live_db_signal,ic32_regime_v1,BNBUSDT,FLAT,1.0,2026-06-10T11:05:09.880945+00:00,2026-06-10 19:05:09,2026-06-10,19,,,
live_db_signal,ic32_regime_v1,ETHUSDT,FLAT,1.0,2026-06-10T11:05:11.311877+00:00,2026-06-10 19:05:11,2026-06-10,19,,,
live_db_signal,ic32_regime_v1,TONUSDT,FLAT,1.0,2026-06-10T11:05:12.800154+00:00,2026-06-10 19:05:12,2026-06-10,19,,,
live_db_signal,ic32_regime_v1,TRXUSDT,FLAT,1.0,2026-06-10T11:05:14.210632+00:00,2026-06-10 19:05:14,2026-06-10,19,,,
live_db_signal,ic32_regime_v1,XRPUSDT,FLAT,1.0,2026-06-10T11:05:15.717407+00:00,2026-06-10 19:05:15,2026-06-10,19,,,
live_db_signal,ic32_regime_v1,ARBUSDT,FLAT,1.0,2026-06-10T11:05:17.179365+00:00,2026-06-10 19:05:17,2026-06-10,19,,,
live_db_signal,ic32_regime_v1,DOGEUSDT,FLAT,1.0,2026-06-10T11:05:18.663077+00:00,2026-06-10 19:05:18,2026-06-10,19,,,
live_db_signal,ic32_regime_v1,LINKUSDT,FLAT,1.0,2026-06-10T11:05:20.114747+00:00,2026-06-10 19:05:20,2026-06-10,19,,,
live_db_signal,ic32_regime_v1,SOLUSDT,FLAT,1.0,2026-06-10T11:05:21.578867+00:00,2026-06-10 19:05:21,2026-06-10,19,,,
live_db_signal,ic32_regime_v1,HBARUSDT,FLAT,1.0,2026-06-10T11:05:23.004518+00:00,2026-06-10 19:05:23,2026-06-10,19,,,
live_db_signal,ic32_regime_v1,ONDOUSDT,FLAT,1.0,2026-06-10T11:05:24.445878+00:00,2026-06-10 19:05:24,2026-06-10,19,,,
live_db_signal,ic32_regime_v1,ADAUSDT,FLAT,1.0,2026-06-10T11:05:26.032140+00:00,2026-06-10 19:05:26,2026-06-10,19,,,
live_db_signal,ic32_regime_v1,1000SHIBUSDT,FLAT,1.0,2026-06-10T11:05:27.441413+00:00,2026-06-10 19:05:27,2026-06-10,19,,,
live_db_signal,ic32_regime_v1,DOTUSDT,FLAT,1.0,2026-06-10T11:05:28.856989+00:00,2026-06-10 19:05:28,2026-06-10,19,,,
live_db_signal,ic32_regime_v1,TAOUSDT,FLAT,1.0,2026-06-10T11:05:30.370326+00:00,2026-06-10 19:05:30,2026-06-10,19,,,
live_db_signal,ic32_regime_v1,SUIUSDT,FLAT,1.0,2026-06-10T12:05:01.654692+00:00,2026-06-10 20:05:01,2026-06-10,20,,,
live_db_signal,ic32_regime_v1,AVAXUSDT,FLAT,1.0,2026-06-10T12:05:03.231623+00:00,2026-06-10 20:05:03,2026-06-10,20,,,
live_db_signal,ic32_regime_v1,NEARUSDT,FLAT,1.0,2026-06-10T12:05:05.061501+00:00,2026-06-10 20:05:05,2026-06-10,20,,,
live_db_signal,ic32_regime_v1,POLUSDT,FLAT,1.0,2026-06-10T12:05:06.662279+00:00,2026-06-10 20:05:06,2026-06-10,20,,,
live_db_signal,ic32_regime_v1,1000PEPEUSDT,FLAT,1.0,2026-06-10T12:05:08.284427+00:00,2026-06-10 20:05:08,2026-06-10,20,,,
live_db_signal,ic32_regime_v1,BNBUSDT,FLAT,1.0,2026-06-10T12:05:09.948402+00:00,2026-06-10 20:05:09,2026-06-10,20,,,
live_db_signal,ic32_regime_v1,ETHUSDT,FLAT,1.0,2026-06-10T12:05:11.593807+00:00,2026-06-10 20:05:11,2026-06-10,20,,,
live_db_signal,ic32_regime_v1,TONUSDT,FLAT,1.0,2026-06-10T12:05:13.138213+00:00,2026-06-10 20:05:13,2026-06-10,20,,,
live_db_signal,ic32_regime_v1,TRXUSDT,FLAT,1.0,2026-06-10T12:05:14.722574+00:00,2026-06-10 20:05:14,2026-06-10,20,,,
live_db_signal,ic32_regime_v1,XRPUSDT,FLAT,1.0,2026-06-10T12:05:16.443187+00:00,2026-06-10 20:05:16,2026-06-10,20,,,
live_db_signal,ic32_regime_v1,ARBUSDT,FLAT,1.0,2026-06-10T12:05:18.081098+00:00,2026-06-10 20:05:18,2026-06-10,20,,,
live_db_signal,ic32_regime_v1,DOGEUSDT,FLAT,1.0,2026-06-10T12:05:19.740597+00:00,2026-06-10 20:05:19,2026-06-10,20,,,
live_db_signal,ic32_regime_v1,LINKUSDT,FLAT,1.0,2026-06-10T12:05:21.385126+00:00,2026-06-10 20:05:21,2026-06-10,20,,,
live_db_signal,ic32_regime_v1,SOLUSDT,FLAT,1.0,2026-06-10T12:05:23.100788+00:00,2026-06-10 20:05:23,2026-06-10,20,,,
live_db_signal,ic32_regime_v1,HBARUSDT,FLAT,1.0,2026-06-10T12:05:24.647184+00:00,2026-06-10 20:05:24,2026-06-10,20,,,
live_db_signal,ic32_regime_v1,ONDOUSDT,FLAT,1.0,2026-06-10T12:05:26.202895+00:00,2026-06-10 20:05:26,2026-06-10,20,,,
live_db_signal,ic32_regime_v1,ADAUSDT,FLAT,1.0,2026-06-10T12:05:27.892905+00:00,2026-06-10 20:05:27,2026-06-10,20,,,
live_db_signal,ic32_regime_v1,1000SHIBUSDT,FLAT,1.0,2026-06-10T12:05:29.490914+00:00,2026-06-10 20:05:29,2026-06-10,20,,,
live_db_signal,ic32_regime_v1,DOTUSDT,FLAT,1.0,2026-06-10T12:05:31.027859+00:00,2026-06-10 20:05:31,2026-06-10,20,,,
live_db_signal,ic32_regime_v1,TAOUSDT,FLAT,1.0,2026-06-10T12:05:32.655298+00:00,2026-06-10 20:05:32,2026-06-10,20,,,
live_db_signal,ic32_regime_v1,SUIUSDT,FLAT,1.0,2026-06-10T13:05:02.163851+00:00,2026-06-10 21:05:02,2026-06-10,21,,,
live_db_signal,ic32_regime_v1,AVAXUSDT,FLAT,1.0,2026-06-10T13:05:03.860043+00:00,2026-06-10 21:05:03,2026-06-10,21,,,
live_db_signal,ic32_regime_v1,NEARUSDT,FLAT,1.0,2026-06-10T13:05:05.739446+00:00,2026-06-10 21:05:05,2026-06-10,21,,,
live_db_signal,ic32_regime_v1,POLUSDT,FLAT,1.0,2026-06-10T13:05:07.449006+00:00,2026-06-10 21:05:07,2026-06-10,21,,,
live_db_signal,ic32_regime_v1,1000PEPEUSDT,FLAT,1.0,2026-06-10T13:05:08.959770+00:00,2026-06-10 21:05:08,2026-06-10,21,,,
live_db_signal,ic32_regime_v1,BNBUSDT,FLAT,1.0,2026-06-10T13:05:10.534778+00:00,2026-06-10 21:05:10,2026-06-10,21,,,
live_db_signal,ic32_regime_v1,ETHUSDT,FLAT,1.0,2026-06-10T13:05:12.844742+00:00,2026-06-10 21:05:12,2026-06-10,21,,,
live_db_signal,ic32_regime_v1,TONUSDT,FLAT,1.0,2026-06-10T13:05:14.359790+00:00,2026-06-10 21:05:14,2026-06-10,21,,,
live_db_signal,ic32_regime_v1,TRXUSDT,FLAT,1.0,2026-06-10T13:05:15.837613+00:00,2026-06-10 21:05:15,2026-06-10,21,,,
live_db_signal,ic32_regime_v1,XRPUSDT,FLAT,0.5034,2026-06-10T13:05:17.377396+00:00,2026-06-10 21:05:17,2026-06-10,21,,,
live_db_signal,ic32_regime_v1,ARBUSDT,FLAT,1.0,2026-06-10T13:05:18.892574+00:00,2026-06-10 21:05:18,2026-06-10,21,,,
live_db_signal,ic32_regime_v1,DOGEUSDT,FLAT,1.0,2026-06-10T13:05:20.461383+00:00,2026-06-10 21:05:20,2026-06-10,21,,,
live_db_signal,ic32_regime_v1,LINKUSDT,FLAT,1.0,2026-06-10T13:05:21.989853+00:00,2026-06-10 21:05:21,2026-06-10,21,,,
live_db_signal,ic32_regime_v1,SOLUSDT,FLAT,1.0,2026-06-10T13:05:23.534451+00:00,2026-06-10 21:05:23,2026-06-10,21,,,
live_db_signal,ic32_regime_v1,HBARUSDT,FLAT,1.0,2026-06-10T13:05:25.134817+00:00,2026-06-10 21:05:25,2026-06-10,21,,,
live_db_signal,ic32_regime_v1,ONDOUSDT,FLAT,1.0,2026-06-10T13:05:26.598195+00:00,2026-06-10 21:05:26,2026-06-10,21,,,
live_db_signal,ic32_regime_v1,ADAUSDT,FLAT,1.0,2026-06-10T13:05:28.079162+00:00,2026-06-10 21:05:28,2026-06-10,21,,,
live_db_signal,ic32_regime_v1,1000SHIBUSDT,FLAT,1.0,2026-06-10T13:05:29.539202+00:00,2026-06-10 21:05:29,2026-06-10,21,,,
live_db_signal,ic32_regime_v1,DOTUSDT,FLAT,1.0,2026-06-10T13:05:30.983407+00:00,2026-06-10 21:05:30,2026-06-10,21,,,
live_db_signal,ic32_regime_v1,TAOUSDT,FLAT,1.0,2026-06-10T13:05:32.529012+00:00,2026-06-10 21:05:32,2026-06-10,21,,,
live_db_signal,ic32_regime_v1,SUIUSDT,FLAT,1.0,2026-06-10T14:05:01.334312+00:00,2026-06-10 22:05:01,2026-06-10,22,,,
live_db_signal,ic32_regime_v1,AVAXUSDT,FLAT,1.0,2026-06-10T14:05:02.975386+00:00,2026-06-10 22:05:02,2026-06-10,22,,,
live_db_signal,ic32_regime_v1,NEARUSDT,FLAT,1.0,2026-06-10T14:05:04.571370+00:00,2026-06-10 22:05:04,2026-06-10,22,,,
live_db_signal,ic32_regime_v1,POLUSDT,FLAT,1.0,2026-06-10T14:05:06.117276+00:00,2026-06-10 22:05:06,2026-06-10,22,,,
live_db_signal,ic32_regime_v1,1000PEPEUSDT,FLAT,1.0,2026-06-10T14:05:07.586428+00:00,2026-06-10 22:05:07,2026-06-10,22,,,
live_db_signal,ic32_regime_v1,BNBUSDT,FLAT,1.0,2026-06-10T14:05:09.009281+00:00,2026-06-10 22:05:09,2026-06-10,22,,,
live_db_signal,ic32_regime_v1,ETHUSDT,FLAT,1.0,2026-06-10T14:05:10.571808+00:00,2026-06-10 22:05:10,2026-06-10,22,,,
live_db_signal,ic32_regime_v1,TONUSDT,FLAT,1.0,2026-06-10T14:05:12.114855+00:00,2026-06-10 22:05:12,2026-06-10,22,,,
live_db_signal,ic32_regime_v1,TRXUSDT,FLAT,1.0,2026-06-10T14:05:13.656304+00:00,2026-06-10 22:05:13,2026-06-10,22,,,
live_db_signal,ic32_regime_v1,XRPUSDT,FLAT,1.0,2026-06-10T14:05:15.177853+00:00,2026-06-10 22:05:15,2026-06-10,22,,,
live_db_signal,ic32_regime_v1,ARBUSDT,FLAT,1.0,2026-06-10T14:05:16.710197+00:00,2026-06-10 22:05:16,2026-06-10,22,,,
live_db_signal,ic32_regime_v1,DOGEUSDT,FLAT,1.0,2026-06-10T14:05:18.226728+00:00,2026-06-10 22:05:18,2026-06-10,22,,,
live_db_signal,ic32_regime_v1,LINKUSDT,FLAT,1.0,2026-06-10T14:05:19.900711+00:00,2026-06-10 22:05:19,2026-06-10,22,,,
live_db_signal,ic32_regime_v1,SOLUSDT,FLAT,1.0,2026-06-10T14:05:21.421659+00:00,2026-06-10 22:05:21,2026-06-10,22,,,
live_db_signal,ic32_regime_v1,HBARUSDT,FLAT,1.0,2026-06-10T14:05:22.914328+00:00,2026-06-10 22:05:22,2026-06-10,22,,,
live_db_signal,ic32_regime_v1,ONDOUSDT,FLAT,1.0,2026-06-10T14:05:24.457366+00:00,2026-06-10 22:05:24,2026-06-10,22,,,
live_db_signal,ic32_regime_v1,ADAUSDT,FLAT,1.0,2026-06-10T14:05:25.933480+00:00,2026-06-10 22:05:25,2026-06-10,22,,,
live_db_signal,ic32_regime_v1,1000SHIBUSDT,FLAT,1.0,2026-06-10T14:05:27.487998+00:00,2026-06-10 22:05:27,2026-06-10,22,,,
live_db_signal,ic32_regime_v1,DOTUSDT,FLAT,1.0,2026-06-10T14:05:28.969947+00:00,2026-06-10 22:05:28,2026-06-10,22,,,
live_db_signal,ic32_regime_v1,TAOUSDT,FLAT,1.0,2026-06-10T14:05:30.539997+00:00,2026-06-10 22:05:30,2026-06-10,22,,,
live_db_signal,ic32_regime_v1,SUIUSDT,FLAT,1.0,2026-06-10T15:05:01.343686+00:00,2026-06-10 23:05:01,2026-06-10,23,,,
live_db_signal,ic32_regime_v1,AVAXUSDT,FLAT,1.0,2026-06-10T15:05:02.916943+00:00,2026-06-10 23:05:02,2026-06-10,23,,,
live_db_signal,ic32_regime_v1,NEARUSDT,FLAT,1.0,2026-06-10T15:05:04.434840+00:00,2026-06-10 23:05:04,2026-06-10,23,,,
live_db_signal,ic32_regime_v1,POLUSDT,FLAT,1.0,2026-06-10T15:05:06.316390+00:00,2026-06-10 23:05:06,2026-06-10,23,,,
live_db_signal,ic32_regime_v1,1000PEPEUSDT,FLAT,1.0,2026-06-10T15:05:07.751952+00:00,2026-06-10 23:05:07,2026-06-10,23,,,
live_db_signal,ic32_regime_v1,BNBUSDT,FLAT,1.0,2026-06-10T15:05:09.257244+00:00,2026-06-10 23:05:09,2026-06-10,23,,,
live_db_signal,ic32_regime_v1,ETHUSDT,FLAT,1.0,2026-06-10T15:05:10.698779+00:00,2026-06-10 23:05:10,2026-06-10,23,,,
live_db_signal,ic32_regime_v1,TONUSDT,FLAT,1.0,2026-06-10T15:05:12.177003+00:00,2026-06-10 23:05:12,2026-06-10,23,,,
live_db_signal,ic32_regime_v1,TRXUSDT,FLAT,1.0,2026-06-10T15:05:13.654623+00:00,2026-06-10 23:05:13,2026-06-10,23,,,
live_db_signal,ic32_regime_v1,XRPUSDT,FLAT,1.0,2026-06-10T15:05:15.139635+00:00,2026-06-10 23:05:15,2026-06-10,23,,,
live_db_signal,ic32_regime_v1,ARBUSDT,FLAT,1.0,2026-06-10T15:05:16.677424+00:00,2026-06-10 23:05:16,2026-06-10,23,,,
live_db_signal,ic32_regime_v1,DOGEUSDT,FLAT,1.0,2026-06-10T15:05:18.148366+00:00,2026-06-10 23:05:18,2026-06-10,23,,,
live_db_signal,ic32_regime_v1,LINKUSDT,FLAT,1.0,2026-06-10T15:05:19.753678+00:00,2026-06-10 23:05:19,2026-06-10,23,,,
live_db_signal,ic32_regime_v1,SOLUSDT,FLAT,1.0,2026-06-10T15:05:21.301838+00:00,2026-06-10 23:05:21,2026-06-10,23,,,
live_db_signal,ic32_regime_v1,HBARUSDT,FLAT,1.0,2026-06-10T15:05:22.843925+00:00,2026-06-10 23:05:22,2026-06-10,23,,,
live_db_signal,ic32_regime_v1,ONDOUSDT,FLAT,1.0,2026-06-10T15:05:24.445377+00:00,2026-06-10 23:05:24,2026-06-10,23,,,
live_db_signal,ic32_regime_v1,ADAUSDT,FLAT,1.0,2026-06-10T15:05:25.922271+00:00,2026-06-10 23:05:25,2026-06-10,23,,,
live_db_signal,ic32_regime_v1,1000SHIBUSDT,FLAT,1.0,2026-06-10T15:05:27.421665+00:00,2026-06-10 23:05:27,2026-06-10,23,,,
live_db_signal,ic32_regime_v1,DOTUSDT,FLAT,1.0,2026-06-10T15:05:28.927636+00:00,2026-06-10 23:05:28,2026-06-10,23,,,
live_db_signal,ic32_regime_v1,TAOUSDT,FLAT,1.0,2026-06-10T15:05:30.457710+00:00,2026-06-10 23:05:30,2026-06-10,23,,,
live_db_signal,ic32_regime_v1,SUIUSDT,FLAT,1.0,2026-06-10T16:05:01.532894+00:00,2026-06-11 00:05:01,2026-06-11,0,,,
live_db_signal,ic32_regime_v1,AVAXUSDT,FLAT,1.0,2026-06-10T16:05:03.221424+00:00,2026-06-11 00:05:03,2026-06-11,0,,,
live_db_signal,ic32_regime_v1,NEARUSDT,FLAT,1.0,2026-06-10T16:05:04.964089+00:00,2026-06-11 00:05:04,2026-06-11,0,,,
live_db_signal,ic32_regime_v1,POLUSDT,FLAT,1.0,2026-06-10T16:05:06.682326+00:00,2026-06-11 00:05:06,2026-06-11,0,,,
live_db_signal,ic32_regime_v1,1000PEPEUSDT,FLAT,1.0,2026-06-10T16:05:08.381073+00:00,2026-06-11 00:05:08,2026-06-11,0,,,
live_db_signal,ic32_regime_v1,BNBUSDT,FLAT,1.0,2026-06-10T16:05:09.934319+00:00,2026-06-11 00:05:09,2026-06-11,0,,,
live_db_signal,ic32_regime_v1,ETHUSDT,FLAT,1.0,2026-06-10T16:05:11.553818+00:00,2026-06-11 00:05:11,2026-06-11,0,,,
live_db_signal,ic32_regime_v1,TONUSDT,FLAT,1.0,2026-06-10T16:05:13.250179+00:00,2026-06-11 00:05:13,2026-06-11,0,,,
live_db_signal,ic32_regime_v1,TRXUSDT,FLAT,1.0,2026-06-10T16:05:14.843872+00:00,2026-06-11 00:05:14,2026-06-11,0,,,
live_db_signal,ic32_regime_v1,XRPUSDT,FLAT,1.0,2026-06-10T16:05:16.487025+00:00,2026-06-11 00:05:16,2026-06-11,0,,,
live_db_signal,ic32_regime_v1,ARBUSDT,FLAT,1.0,2026-06-10T16:05:18.104105+00:00,2026-06-11 00:05:18,2026-06-11,0,,,
live_db_signal,ic32_regime_v1,DOGEUSDT,FLAT,1.0,2026-06-10T16:05:19.881995+00:00,2026-06-11 00:05:19,2026-06-11,0,,,
live_db_signal,ic32_regime_v1,LINKUSDT,FLAT,1.0,2026-06-10T16:05:21.452017+00:00,2026-06-11 00:05:21,2026-06-11,0,,,
live_db_signal,ic32_regime_v1,SOLUSDT,FLAT,1.0,2026-06-10T16:05:22.954747+00:00,2026-06-11 00:05:22,2026-06-11,0,,,
live_db_signal,ic32_regime_v1,HBARUSDT,FLAT,1.0,2026-06-10T16:05:24.496089+00:00,2026-06-11 00:05:24,2026-06-11,0,,,
live_db_signal,ic32_regime_v1,ONDOUSDT,FLAT,1.0,2026-06-10T16:05:26.045504+00:00,2026-06-11 00:05:26,2026-06-11,0,,,
live_db_signal,ic32_regime_v1,ADAUSDT,FLAT,1.0,2026-06-10T16:05:27.474141+00:00,2026-06-11 00:05:27,2026-06-11,0,,,
live_db_signal,ic32_regime_v1,1000SHIBUSDT,FLAT,1.0,2026-06-10T16:05:29.007749+00:00,2026-06-11 00:05:29,2026-06-11,0,,,
live_db_signal,ic32_regime_v1,DOTUSDT,FLAT,1.0,2026-06-10T16:05:30.471646+00:00,2026-06-11 00:05:30,2026-06-11,0,,,
live_db_signal,ic32_regime_v1,TAOUSDT,FLAT,1.0,2026-06-10T16:05:32.048194+00:00,2026-06-11 00:05:32,2026-06-11,0,,,
live_db_signal,ic32_regime_v1,SUIUSDT,FLAT,1.0,2026-06-10T17:05:01.576912+00:00,2026-06-11 01:05:01,2026-06-11,1,,,
live_db_signal,ic32_regime_v1,AVAXUSDT,FLAT,1.0,2026-06-10T17:05:03.216912+00:00,2026-06-11 01:05:03,2026-06-11,1,,,
live_db_signal,ic32_regime_v1,NEARUSDT,FLAT,1.0,2026-06-10T17:05:04.695359+00:00,2026-06-11 01:05:04,2026-06-11,1,,,
live_db_signal,ic32_regime_v1,POLUSDT,FLAT,1.0,2026-06-10T17:05:06.298832+00:00,2026-06-11 01:05:06,2026-06-11,1,,,
live_db_signal,ic32_regime_v1,1000PEPEUSDT,FLAT,1.0,2026-06-10T17:05:07.781281+00:00,2026-06-11 01:05:07,2026-06-11,1,,,
live_db_signal,ic32_regime_v1,BNBUSDT,FLAT,1.0,2026-06-10T17:05:09.221612+00:00,2026-06-11 01:05:09,2026-06-11,1,,,
live_db_signal,ic32_regime_v1,ETHUSDT,FLAT,1.0,2026-06-10T17:05:10.823189+00:00,2026-06-11 01:05:10,2026-06-11,1,,,
live_db_signal,ic32_regime_v1,TONUSDT,FLAT,1.0,2026-06-10T17:05:12.287049+00:00,2026-06-11 01:05:12,2026-06-11,1,,,
live_db_signal,ic32_regime_v1,TRXUSDT,FLAT,1.0,2026-06-10T17:05:13.721348+00:00,2026-06-11 01:05:13,2026-06-11,1,,,
live_db_signal,ic32_regime_v1,XRPUSDT,SHORT,0.731,2026-06-10T17:05:15.206977+00:00,2026-06-11 01:05:15,2026-06-11,1,,,
live_db_signal,ic32_regime_v1,ARBUSDT,FLAT,1.0,2026-06-10T17:05:18.223755+00:00,2026-06-11 01:05:18,2026-06-11,1,,,
live_db_signal,ic32_regime_v1,DOGEUSDT,FLAT,1.0,2026-06-10T17:05:19.770116+00:00,2026-06-11 01:05:19,2026-06-11,1,,,
live_db_signal,ic32_regime_v1,LINKUSDT,FLAT,1.0,2026-06-10T17:05:21.299464+00:00,2026-06-11 01:05:21,2026-06-11,1,,,
live_db_signal,ic32_regime_v1,SOLUSDT,FLAT,1.0,2026-06-10T17:05:22.748732+00:00,2026-06-11 01:05:22,2026-06-11,1,,,
live_db_signal,ic32_regime_v1,HBARUSDT,FLAT,1.0,2026-06-10T17:05:24.230644+00:00,2026-06-11 01:05:24,2026-06-11,1,,,
live_db_signal,ic32_regime_v1,ONDOUSDT,FLAT,1.0,2026-06-10T17:05:25.732148+00:00,2026-06-11 01:05:25,2026-06-11,1,,,
live_db_signal,ic32_regime_v1,ADAUSDT,FLAT,1.0,2026-06-10T17:05:27.311951+00:00,2026-06-11 01:05:27,2026-06-11,1,,,
live_db_signal,ic32_regime_v1,1000SHIBUSDT,FLAT,1.0,2026-06-10T17:05:28.812668+00:00,2026-06-11 01:05:28,2026-06-11,1,,,
live_db_signal,ic32_regime_v1,DOTUSDT,FLAT,1.0,2026-06-10T17:05:30.369290+00:00,2026-06-11 01:05:30,2026-06-11,1,,,
live_db_signal,ic32_regime_v1,TAOUSDT,FLAT,1.0,2026-06-10T17:05:31.901629+00:00,2026-06-11 01:05:31,2026-06-11,1,,,
live_db_signal,ic32_regime_v1,SUIUSDT,FLAT,1.0,2026-06-10T18:05:01.492860+00:00,2026-06-11 02:05:01,2026-06-11,2,,,
live_db_signal,ic32_regime_v1,AVAXUSDT,FLAT,1.0,2026-06-10T18:05:03.132418+00:00,2026-06-11 02:05:03,2026-06-11,2,,,
live_db_signal,ic32_regime_v1,NEARUSDT,FLAT,1.0,2026-06-10T18:05:04.674211+00:00,2026-06-11 02:05:04,2026-06-11,2,,,
live_db_signal,ic32_regime_v1,POLUSDT,FLAT,1.0,2026-06-10T18:05:06.257935+00:00,2026-06-11 02:05:06,2026-06-11,2,,,
live_db_signal,ic32_regime_v1,1000PEPEUSDT,FLAT,1.0,2026-06-10T18:05:07.855646+00:00,2026-06-11 02:05:07,2026-06-11,2,,,
live_db_signal,ic32_regime_v1,BNBUSDT,FLAT,1.0,2026-06-10T18:05:09.587139+00:00,2026-06-11 02:05:09,2026-06-11,2,,,
live_db_signal,ic32_regime_v1,ETHUSDT,FLAT,1.0,2026-06-10T18:05:11.436955+00:00,2026-06-11 02:05:11,2026-06-11,2,,,
live_db_signal,ic32_regime_v1,TONUSDT,FLAT,1.0,2026-06-10T18:05:12.999181+00:00,2026-06-11 02:05:12,2026-06-11,2,,,
live_db_signal,ic32_regime_v1,TRXUSDT,FLAT,1.0,2026-06-10T18:05:14.489552+00:00,2026-06-11 02:05:14,2026-06-11,2,,,
live_db_signal,ic32_regime_v1,XRPUSDT,FLAT,1.0,2026-06-10T18:05:16.039125+00:00,2026-06-11 02:05:16,2026-06-11,2,,,
live_db_signal,ic32_regime_v1,ARBUSDT,FLAT,1.0,2026-06-10T18:05:17.537290+00:00,2026-06-11 02:05:17,2026-06-11,2,,,
live_db_signal,ic32_regime_v1,DOGEUSDT,FLAT,1.0,2026-06-10T18:05:19.080964+00:00,2026-06-11 02:05:19,2026-06-11,2,,,
live_db_signal,ic32_regime_v1,LINKUSDT,FLAT,1.0,2026-06-10T18:05:20.538354+00:00,2026-06-11 02:05:20,2026-06-11,2,,,
live_db_signal,ic32_regime_v1,SOLUSDT,FLAT,1.0,2026-06-10T18:05:22.029471+00:00,2026-06-11 02:05:22,2026-06-11,2,,,
live_db_signal,ic32_regime_v1,HBARUSDT,FLAT,1.0,2026-06-10T18:05:23.626085+00:00,2026-06-11 02:05:23,2026-06-11,2,,,
live_db_signal,ic32_regime_v1,ONDOUSDT,FLAT,1.0,2026-06-10T18:05:25.111415+00:00,2026-06-11 02:05:25,2026-06-11,2,,,
live_db_signal,ic32_regime_v1,ADAUSDT,FLAT,1.0,2026-06-10T18:05:26.678926+00:00,2026-06-11 02:05:26,2026-06-11,2,,,
live_db_signal,ic32_regime_v1,1000SHIBUSDT,FLAT,1.0,2026-06-10T18:05:28.275898+00:00,2026-06-11 02:05:28,2026-06-11,2,,,
live_db_signal,ic32_regime_v1,DOTUSDT,FLAT,1.0,2026-06-10T18:05:29.810071+00:00,2026-06-11 02:05:29,2026-06-11,2,,,
live_db_signal,ic32_regime_v1,TAOUSDT,FLAT,1.0,2026-06-10T18:05:31.298023+00:00,2026-06-11 02:05:31,2026-06-11,2,,,
live_db_signal,ic32_regime_v1,SUIUSDT,FLAT,1.0,2026-06-10T19:05:01.296338+00:00,2026-06-11 03:05:01,2026-06-11,3,,,
live_db_signal,ic32_regime_v1,AVAXUSDT,FLAT,1.0,2026-06-10T19:05:03.170141+00:00,2026-06-11 03:05:03,2026-06-11,3,,,
live_db_signal,ic32_regime_v1,NEARUSDT,FLAT,1.0,2026-06-10T19:05:04.760270+00:00,2026-06-11 03:05:04,2026-06-11,3,,,
live_db_signal,ic32_regime_v1,POLUSDT,FLAT,1.0,2026-06-10T19:05:06.214132+00:00,2026-06-11 03:05:06,2026-06-11,3,,,
live_db_signal,ic32_regime_v1,1000PEPEUSDT,FLAT,1.0,2026-06-10T19:05:07.718980+00:00,2026-06-11 03:05:07,2026-06-11,3,,,
live_db_signal,ic32_regime_v1,BNBUSDT,FLAT,1.0,2026-06-10T19:05:09.199924+00:00,2026-06-11 03:05:09,2026-06-11,3,,,
live_db_signal,ic32_regime_v1,ETHUSDT,FLAT,1.0,2026-06-10T19:05:10.700206+00:00,2026-06-11 03:05:10,2026-06-11,3,,,
live_db_signal,ic32_regime_v1,TONUSDT,FLAT,1.0,2026-06-10T19:05:12.367461+00:00,2026-06-11 03:05:12,2026-06-11,3,,,
live_db_signal,ic32_regime_v1,TRXUSDT,FLAT,1.0,2026-06-10T19:05:13.790294+00:00,2026-06-11 03:05:13,2026-06-11,3,,,
live_db_signal,ic32_regime_v1,XRPUSDT,FLAT,1.0,2026-06-10T19:05:15.239315+00:00,2026-06-11 03:05:15,2026-06-11,3,,,
live_db_signal,ic32_regime_v1,ARBUSDT,FLAT,1.0,2026-06-10T19:05:16.728281+00:00,2026-06-11 03:05:16,2026-06-11,3,,,
live_db_signal,ic32_regime_v1,DOGEUSDT,FLAT,1.0,2026-06-10T19:05:18.188015+00:00,2026-06-11 03:05:18,2026-06-11,3,,,
live_db_signal,ic32_regime_v1,LINKUSDT,FLAT,1.0,2026-06-10T19:05:19.796904+00:00,2026-06-11 03:05:19,2026-06-11,3,,,
live_db_signal,ic32_regime_v1,SOLUSDT,FLAT,1.0,2026-06-10T19:05:21.239785+00:00,2026-06-11 03:05:21,2026-06-11,3,,,
live_db_signal,ic32_regime_v1,HBARUSDT,FLAT,1.0,2026-06-10T19:05:22.775756+00:00,2026-06-11 03:05:22,2026-06-11,3,,,
live_db_signal,ic32_regime_v1,ONDOUSDT,FLAT,1.0,2026-06-10T19:05:24.252547+00:00,2026-06-11 03:05:24,2026-06-11,3,,,
live_db_signal,ic32_regime_v1,ADAUSDT,FLAT,1.0,2026-06-10T19:05:25.815587+00:00,2026-06-11 03:05:25,2026-06-11,3,,,
live_db_signal,ic32_regime_v1,1000SHIBUSDT,LONG,0.74,2026-06-10T19:05:27.323251+00:00,2026-06-11 03:05:27,2026-06-11,3,,,
live_db_signal,ic32_regime_v1,DOTUSDT,FLAT,1.0,2026-06-10T19:05:30.264878+00:00,2026-06-11 03:05:30,2026-06-11,3,,,
live_db_signal,ic32_regime_v1,TAOUSDT,FLAT,1.0,2026-06-10T19:05:31.932549+00:00,2026-06-11 03:05:31,2026-06-11,3,,,
live_db_signal,ic32_regime_v1,SUIUSDT,FLAT,1.0,2026-06-10T20:05:01.202278+00:00,2026-06-11 04:05:01,2026-06-11,4,,,
live_db_signal,ic32_regime_v1,AVAXUSDT,FLAT,1.0,2026-06-10T20:05:02.771264+00:00,2026-06-11 04:05:02,2026-06-11,4,,,
live_db_signal,ic32_regime_v1,NEARUSDT,FLAT,1.0,2026-06-10T20:05:04.425783+00:00,2026-06-11 04:05:04,2026-06-11,4,,,
live_db_signal,ic32_regime_v1,POLUSDT,FLAT,1.0,2026-06-10T20:05:05.840693+00:00,2026-06-11 04:05:05,2026-06-11,4,,,
live_db_signal,ic32_regime_v1,1000PEPEUSDT,FLAT,1.0,2026-06-10T20:05:07.258804+00:00,2026-06-11 04:05:07,2026-06-11,4,,,
live_db_signal,ic32_regime_v1,BNBUSDT,FLAT,1.0,2026-06-10T20:05:08.749861+00:00,2026-06-11 04:05:08,2026-06-11,4,,,
live_db_signal,ic32_regime_v1,ETHUSDT,FLAT,1.0,2026-06-10T20:05:10.361143+00:00,2026-06-11 04:05:10,2026-06-11,4,,,
live_db_signal,ic32_regime_v1,TONUSDT,FLAT,1.0,2026-06-10T20:05:11.796060+00:00,2026-06-11 04:05:11,2026-06-11,4,,,
live_db_signal,ic32_regime_v1,TRXUSDT,FLAT,1.0,2026-06-10T20:05:13.302452+00:00,2026-06-11 04:05:13,2026-06-11,4,,,
live_db_signal,ic32_regime_v1,XRPUSDT,FLAT,1.0,2026-06-10T20:05:14.900111+00:00,2026-06-11 04:05:14,2026-06-11,4,,,
live_db_signal,ic32_regime_v1,ARBUSDT,FLAT,1.0,2026-06-10T20:05:16.462755+00:00,2026-06-11 04:05:16,2026-06-11,4,,,
live_db_signal,ic32_regime_v1,DOGEUSDT,FLAT,1.0,2026-06-10T20:05:18.106085+00:00,2026-06-11 04:05:18,2026-06-11,4,,,
live_db_signal,ic32_regime_v1,LINKUSDT,FLAT,1.0,2026-06-10T20:05:19.865893+00:00,2026-06-11 04:05:19,2026-06-11,4,,,
live_db_signal,ic32_regime_v1,SOLUSDT,FLAT,1.0,2026-06-10T20:05:21.359884+00:00,2026-06-11 04:05:21,2026-06-11,4,,,
live_db_signal,ic32_regime_v1,HBARUSDT,FLAT,1.0,2026-06-10T20:05:22.815304+00:00,2026-06-11 04:05:22,2026-06-11,4,,,
live_db_signal,ic32_regime_v1,ONDOUSDT,FLAT,1.0,2026-06-10T20:05:24.289643+00:00,2026-06-11 04:05:24,2026-06-11,4,,,
live_db_signal,ic32_regime_v1,ADAUSDT,FLAT,1.0,2026-06-10T20:05:25.736525+00:00,2026-06-11 04:05:25,2026-06-11,4,,,
live_db_signal,ic32_regime_v1,1000SHIBUSDT,FLAT,1.0,2026-06-10T20:05:27.217185+00:00,2026-06-11 04:05:27,2026-06-11,4,,,
live_db_signal,ic32_regime_v1,DOTUSDT,FLAT,1.0,2026-06-10T20:05:28.662886+00:00,2026-06-11 04:05:28,2026-06-11,4,,,
live_db_signal,ic32_regime_v1,TAOUSDT,FLAT,1.0,2026-06-10T20:05:30.200719+00:00,2026-06-11 04:05:30,2026-06-11,4,,,
live_db_signal,ic32_regime_v1,SUIUSDT,FLAT,1.0,2026-06-10T21:05:01.183770+00:00,2026-06-11 05:05:01,2026-06-11,5,,,
live_db_signal,ic32_regime_v1,AVAXUSDT,FLAT,1.0,2026-06-10T21:05:03.926534+00:00,2026-06-11 05:05:03,2026-06-11,5,,,
live_db_signal,ic32_regime_v1,NEARUSDT,FLAT,1.0,2026-06-10T21:05:05.813232+00:00,2026-06-11 05:05:05,2026-06-11,5,,,
live_db_signal,ic32_regime_v1,POLUSDT,FLAT,1.0,2026-06-10T21:05:07.259563+00:00,2026-06-11 05:05:07,2026-06-11,5,,,
live_db_signal,ic32_regime_v1,1000PEPEUSDT,FLAT,1.0,2026-06-10T21:05:08.683816+00:00,2026-06-11 05:05:08,2026-06-11,5,,,
live_db_signal,ic32_regime_v1,BNBUSDT,FLAT,1.0,2026-06-10T21:05:10.082797+00:00,2026-06-11 05:05:10,2026-06-11,5,,,
live_db_signal,ic32_regime_v1,ETHUSDT,FLAT,1.0,2026-06-10T21:05:11.575644+00:00,2026-06-11 05:05:11,2026-06-11,5,,,
live_db_signal,ic32_regime_v1,TONUSDT,FLAT,1.0,2026-06-10T21:05:12.976835+00:00,2026-06-11 05:05:12,2026-06-11,5,,,
live_db_signal,ic32_regime_v1,TRXUSDT,FLAT,1.0,2026-06-10T21:05:14.414355+00:00,2026-06-11 05:05:14,2026-06-11,5,,,
live_db_signal,ic32_regime_v1,XRPUSDT,FLAT,1.0,2026-06-10T21:05:15.814846+00:00,2026-06-11 05:05:15,2026-06-11,5,,,
live_db_signal,ic32_regime_v1,ARBUSDT,FLAT,1.0,2026-06-10T21:05:17.200109+00:00,2026-06-11 05:05:17,2026-06-11,5,,,
live_db_signal,ic32_regime_v1,DOGEUSDT,FLAT,1.0,2026-06-10T21:05:18.613369+00:00,2026-06-11 05:05:18,2026-06-11,5,,,
live_db_signal,ic32_regime_v1,LINKUSDT,FLAT,1.0,2026-06-10T21:05:20.026896+00:00,2026-06-11 05:05:20,2026-06-11,5,,,
live_db_signal,ic32_regime_v1,SOLUSDT,FLAT,1.0,2026-06-10T21:05:21.488685+00:00,2026-06-11 05:05:21,2026-06-11,5,,,
live_db_signal,ic32_regime_v1,HBARUSDT,FLAT,1.0,2026-06-10T21:05:23.000868+00:00,2026-06-11 05:05:23,2026-06-11,5,,,
live_db_signal,ic32_regime_v1,ONDOUSDT,FLAT,1.0,2026-06-10T21:05:24.545671+00:00,2026-06-11 05:05:24,2026-06-11,5,,,
live_db_signal,ic32_regime_v1,ADAUSDT,FLAT,1.0,2026-06-10T21:05:26.022955+00:00,2026-06-11 05:05:26,2026-06-11,5,,,
live_db_signal,ic32_regime_v1,1000SHIBUSDT,FLAT,1.0,2026-06-10T21:05:27.507554+00:00,2026-06-11 05:05:27,2026-06-11,5,,,
live_db_signal,ic32_regime_v1,DOTUSDT,FLAT,1.0,2026-06-10T21:05:29.083985+00:00,2026-06-11 05:05:29,2026-06-11,5,,,
live_db_signal,ic32_regime_v1,TAOUSDT,FLAT,1.0,2026-06-10T21:05:30.599109+00:00,2026-06-11 05:05:30,2026-06-11,5,,,
live_db_signal,ic32_regime_v1,SUIUSDT,FLAT,1.0,2026-06-10T22:05:01.221568+00:00,2026-06-11 06:05:01,2026-06-11,6,,,
live_db_signal,ic32_regime_v1,AVAXUSDT,FLAT,1.0,2026-06-10T22:05:02.762161+00:00,2026-06-11 06:05:02,2026-06-11,6,,,
live_db_signal,ic32_regime_v1,NEARUSDT,FLAT,1.0,2026-06-10T22:05:04.213505+00:00,2026-06-11 06:05:04,2026-06-11,6,,,
live_db_signal,ic32_regime_v1,POLUSDT,FLAT,1.0,2026-06-10T22:05:05.677319+00:00,2026-06-11 06:05:05,2026-06-11,6,,,
live_db_signal,ic32_regime_v1,1000PEPEUSDT,FLAT,1.0,2026-06-10T22:05:07.138806+00:00,2026-06-11 06:05:07,2026-06-11,6,,,
live_db_signal,ic32_regime_v1,BNBUSDT,FLAT,1.0,2026-06-10T22:05:08.615815+00:00,2026-06-11 06:05:08,2026-06-11,6,,,
live_db_signal,ic32_regime_v1,ETHUSDT,FLAT,1.0,2026-06-10T22:05:10.013332+00:00,2026-06-11 06:05:10,2026-06-11,6,,,
live_db_signal,ic32_regime_v1,TONUSDT,FLAT,1.0,2026-06-10T22:05:11.524222+00:00,2026-06-11 06:05:11,2026-06-11,6,,,
live_db_signal,ic32_regime_v1,TRXUSDT,FLAT,1.0,2026-06-10T22:05:12.937700+00:00,2026-06-11 06:05:12,2026-06-11,6,,,
live_db_signal,ic32_regime_v1,XRPUSDT,FLAT,1.0,2026-06-10T22:05:14.376977+00:00,2026-06-11 06:05:14,2026-06-11,6,,,
live_db_signal,ic32_regime_v1,ARBUSDT,FLAT,1.0,2026-06-10T22:05:15.828579+00:00,2026-06-11 06:05:15,2026-06-11,6,,,
live_db_signal,ic32_regime_v1,DOGEUSDT,FLAT,1.0,2026-06-10T22:05:17.227155+00:00,2026-06-11 06:05:17,2026-06-11,6,,,
live_db_signal,ic32_regime_v1,LINKUSDT,FLAT,1.0,2026-06-10T22:05:18.688063+00:00,2026-06-11 06:05:18,2026-06-11,6,,,
live_db_signal,ic32_regime_v1,SOLUSDT,FLAT,1.0,2026-06-10T22:05:20.182100+00:00,2026-06-11 06:05:20,2026-06-11,6,,,
live_db_signal,ic32_regime_v1,HBARUSDT,FLAT,1.0,2026-06-10T22:05:21.596497+00:00,2026-06-11 06:05:21,2026-06-11,6,,,
live_db_signal,ic32_regime_v1,ONDOUSDT,FLAT,1.0,2026-06-10T22:05:23.028911+00:00,2026-06-11 06:05:23,2026-06-11,6,,,
live_db_signal,ic32_regime_v1,ADAUSDT,FLAT,1.0,2026-06-10T22:05:24.426747+00:00,2026-06-11 06:05:24,2026-06-11,6,,,
live_db_signal,ic32_regime_v1,1000SHIBUSDT,FLAT,1.0,2026-06-10T22:05:25.865139+00:00,2026-06-11 06:05:25,2026-06-11,6,,,
live_db_signal,ic32_regime_v1,DOTUSDT,FLAT,1.0,2026-06-10T22:05:27.442910+00:00,2026-06-11 06:05:27,2026-06-11,6,,,
live_db_signal,ic32_regime_v1,TAOUSDT,FLAT,1.0,2026-06-10T22:05:28.861416+00:00,2026-06-11 06:05:28,2026-06-11,6,,,
live_db_signal,ic32_regime_v1,SUIUSDT,FLAT,1.0,2026-06-10T23:05:01.240447+00:00,2026-06-11 07:05:01,2026-06-11,7,,,
live_db_signal,ic32_regime_v1,AVAXUSDT,FLAT,1.0,2026-06-10T23:05:02.904091+00:00,2026-06-11 07:05:02,2026-06-11,7,,,
live_db_signal,ic32_regime_v1,NEARUSDT,FLAT,1.0,2026-06-10T23:05:04.434225+00:00,2026-06-11 07:05:04,2026-06-11,7,,,
live_db_signal,ic32_regime_v1,POLUSDT,FLAT,1.0,2026-06-10T23:05:05.940478+00:00,2026-06-11 07:05:05,2026-06-11,7,,,
live_db_signal,ic32_regime_v1,1000PEPEUSDT,FLAT,1.0,2026-06-10T23:05:07.405644+00:00,2026-06-11 07:05:07,2026-06-11,7,,,
live_db_signal,ic32_regime_v1,BNBUSDT,FLAT,1.0,2026-06-10T23:05:08.886669+00:00,2026-06-11 07:05:08,2026-06-11,7,,,
live_db_signal,ic32_regime_v1,ETHUSDT,FLAT,1.0,2026-06-10T23:05:10.431345+00:00,2026-06-11 07:05:10,2026-06-11,7,,,
live_db_signal,ic32_regime_v1,TONUSDT,FLAT,1.0,2026-06-10T23:05:11.954897+00:00,2026-06-11 07:05:11,2026-06-11,7,,,
live_db_signal,ic32_regime_v1,TRXUSDT,FLAT,1.0,2026-06-10T23:05:13.576551+00:00,2026-06-11 07:05:13,2026-06-11,7,,,
live_db_signal,ic32_regime_v1,XRPUSDT,FLAT,1.0,2026-06-10T23:05:15.173195+00:00,2026-06-11 07:05:15,2026-06-11,7,,,
live_db_signal,ic32_regime_v1,ARBUSDT,FLAT,1.0,2026-06-10T23:05:16.682751+00:00,2026-06-11 07:05:16,2026-06-11,7,,,
live_db_signal,ic32_regime_v1,DOGEUSDT,FLAT,1.0,2026-06-10T23:05:18.199537+00:00,2026-06-11 07:05:18,2026-06-11,7,,,
live_db_signal,ic32_regime_v1,LINKUSDT,FLAT,1.0,2026-06-10T23:05:19.774677+00:00,2026-06-11 07:05:19,2026-06-11,7,,,
live_db_signal,ic32_regime_v1,SOLUSDT,FLAT,1.0,2026-06-10T23:05:21.285789+00:00,2026-06-11 07:05:21,2026-06-11,7,,,
live_db_signal,ic32_regime_v1,HBARUSDT,FLAT,1.0,2026-06-10T23:05:22.785743+00:00,2026-06-11 07:05:22,2026-06-11,7,,,
live_db_signal,ic32_regime_v1,ONDOUSDT,FLAT,1.0,2026-06-10T23:05:24.275975+00:00,2026-06-11 07:05:24,2026-06-11,7,,,
live_db_signal,ic32_regime_v1,ADAUSDT,FLAT,1.0,2026-06-10T23:05:25.831369+00:00,2026-06-11 07:05:25,2026-06-11,7,,,
live_db_signal,ic32_regime_v1,1000SHIBUSDT,FLAT,1.0,2026-06-10T23:05:27.376822+00:00,2026-06-11 07:05:27,2026-06-11,7,,,
live_db_signal,ic32_regime_v1,DOTUSDT,FLAT,1.0,2026-06-10T23:05:28.813047+00:00,2026-06-11 07:05:28,2026-06-11,7,,,
live_db_signal,ic32_regime_v1,TAOUSDT,FLAT,1.0,2026-06-10T23:05:30.295945+00:00,2026-06-11 07:05:30,2026-06-11,7,,,
live_db_signal,ic32_regime_v1,SUIUSDT,FLAT,1.0,2026-06-11T00:05:01.280043+00:00,2026-06-11 08:05:01,2026-06-11,8,,,
live_db_signal,ic32_regime_v1,AVAXUSDT,FLAT,1.0,2026-06-11T00:05:02.947435+00:00,2026-06-11 08:05:02,2026-06-11,8,,,
live_db_signal,ic32_regime_v1,NEARUSDT,FLAT,1.0,2026-06-11T00:05:04.505845+00:00,2026-06-11 08:05:04,2026-06-11,8,,,
live_db_signal,ic32_regime_v1,POLUSDT,FLAT,1.0,2026-06-11T00:05:05.998403+00:00,2026-06-11 08:05:05,2026-06-11,8,,,
live_db_signal,ic32_regime_v1,1000PEPEUSDT,FLAT,1.0,2026-06-11T00:05:07.658122+00:00,2026-06-11 08:05:07,2026-06-11,8,,,
live_db_signal,ic32_regime_v1,BNBUSDT,FLAT,1.0,2026-06-11T00:05:09.093957+00:00,2026-06-11 08:05:09,2026-06-11,8,,,
live_db_signal,ic32_regime_v1,ETHUSDT,FLAT,1.0,2026-06-11T00:05:10.593699+00:00,2026-06-11 08:05:10,2026-06-11,8,,,
live_db_signal,ic32_regime_v1,TONUSDT,FLAT,1.0,2026-06-11T00:05:12.081932+00:00,2026-06-11 08:05:12,2026-06-11,8,,,
live_db_signal,ic32_regime_v1,TRXUSDT,FLAT,1.0,2026-06-11T00:05:13.611513+00:00,2026-06-11 08:05:13,2026-06-11,8,,,
live_db_signal,ic32_regime_v1,XRPUSDT,FLAT,1.0,2026-06-11T00:05:15.065744+00:00,2026-06-11 08:05:15,2026-06-11,8,,,
live_db_signal,ic32_regime_v1,ARBUSDT,FLAT,1.0,2026-06-11T00:05:16.525110+00:00,2026-06-11 08:05:16,2026-06-11,8,,,
live_db_signal,ic32_regime_v1,DOGEUSDT,FLAT,1.0,2026-06-11T00:05:18.012589+00:00,2026-06-11 08:05:18,2026-06-11,8,,,
live_db_signal,ic32_regime_v1,LINKUSDT,FLAT,1.0,2026-06-11T00:05:19.544679+00:00,2026-06-11 08:05:19,2026-06-11,8,,,
live_db_signal,ic32_regime_v1,SOLUSDT,FLAT,1.0,2026-06-11T00:05:20.991788+00:00,2026-06-11 08:05:20,2026-06-11,8,,,
live_db_signal,ic32_regime_v1,HBARUSDT,FLAT,1.0,2026-06-11T00:05:22.410089+00:00,2026-06-11 08:05:22,2026-06-11,8,,,
live_db_signal,ic32_regime_v1,ONDOUSDT,FLAT,1.0,2026-06-11T00:05:23.839106+00:00,2026-06-11 08:05:23,2026-06-11,8,,,
live_db_signal,ic32_regime_v1,ADAUSDT,FLAT,1.0,2026-06-11T00:05:25.277861+00:00,2026-06-11 08:05:25,2026-06-11,8,,,
live_db_signal,ic32_regime_v1,1000SHIBUSDT,FLAT,1.0,2026-06-11T00:05:26.692654+00:00,2026-06-11 08:05:26,2026-06-11,8,,,
live_db_signal,ic32_regime_v1,DOTUSDT,FLAT,1.0,2026-06-11T00:05:28.208317+00:00,2026-06-11 08:05:28,2026-06-11,8,,,
live_db_signal,ic32_regime_v1,TAOUSDT,FLAT,1.0,2026-06-11T00:05:29.652163+00:00,2026-06-11 08:05:29,2026-06-11,8,,,
live_db_signal,ic32_regime_v1,SUIUSDT,FLAT,1.0,2026-06-11T01:05:01.301517+00:00,2026-06-11 09:05:01,2026-06-11,9,,,
live_db_signal,ic32_regime_v1,AVAXUSDT,SHORT,0.6902,2026-06-11T01:05:02.834191+00:00,2026-06-11 09:05:02,2026-06-11,9,,,
live_db_signal,ic32_regime_v1,NEARUSDT,FLAT,1.0,2026-06-11T01:05:05.749426+00:00,2026-06-11 09:05:05,2026-06-11,9,,,
live_db_signal,ic32_regime_v1,POLUSDT,FLAT,1.0,2026-06-11T01:05:07.327168+00:00,2026-06-11 09:05:07,2026-06-11,9,,,
live_db_signal,ic32_regime_v1,1000PEPEUSDT,FLAT,1.0,2026-06-11T01:05:08.813739+00:00,2026-06-11 09:05:08,2026-06-11,9,,,
live_db_signal,ic32_regime_v1,BNBUSDT,FLAT,1.0,2026-06-11T01:05:10.306108+00:00,2026-06-11 09:05:10,2026-06-11,9,,,
live_db_signal,ic32_regime_v1,ETHUSDT,FLAT,1.0,2026-06-11T01:05:11.737975+00:00,2026-06-11 09:05:11,2026-06-11,9,,,
live_db_signal,ic32_regime_v1,TONUSDT,FLAT,1.0,2026-06-11T01:05:13.301622+00:00,2026-06-11 09:05:13,2026-06-11,9,,,
live_db_signal,ic32_regime_v1,TRXUSDT,FLAT,1.0,2026-06-11T01:05:14.743551+00:00,2026-06-11 09:05:14,2026-06-11,9,,,
live_db_signal,ic32_regime_v1,XRPUSDT,FLAT,1.0,2026-06-11T01:05:16.337506+00:00,2026-06-11 09:05:16,2026-06-11,9,,,
live_db_signal,ic32_regime_v1,ARBUSDT,FLAT,1.0,2026-06-11T01:05:17.856602+00:00,2026-06-11 09:05:17,2026-06-11,9,,,
live_db_signal,ic32_regime_v1,DOGEUSDT,FLAT,1.0,2026-06-11T01:05:19.346092+00:00,2026-06-11 09:05:19,2026-06-11,9,,,
live_db_signal,ic32_regime_v1,LINKUSDT,FLAT,1.0,2026-06-11T01:05:20.895239+00:00,2026-06-11 09:05:20,2026-06-11,9,,,
live_db_signal,ic32_regime_v1,SOLUSDT,FLAT,1.0,2026-06-11T01:05:22.358596+00:00,2026-06-11 09:05:22,2026-06-11,9,,,
live_db_signal,ic32_regime_v1,HBARUSDT,FLAT,1.0,2026-06-11T01:05:23.829612+00:00,2026-06-11 09:05:23,2026-06-11,9,,,
live_db_signal,ic32_regime_v1,ONDOUSDT,FLAT,1.0,2026-06-11T01:05:25.324710+00:00,2026-06-11 09:05:25,2026-06-11,9,,,
live_db_signal,ic32_regime_v1,ADAUSDT,FLAT,1.0,2026-06-11T01:05:26.790323+00:00,2026-06-11 09:05:26,2026-06-11,9,,,
live_db_signal,ic32_regime_v1,1000SHIBUSDT,FLAT,1.0,2026-06-11T01:05:28.336111+00:00,2026-06-11 09:05:28,2026-06-11,9,,,
live_db_signal,ic32_regime_v1,DOTUSDT,FLAT,1.0,2026-06-11T01:05:29.753520+00:00,2026-06-11 09:05:29,2026-06-11,9,,,
live_db_signal,ic32_regime_v1,TAOUSDT,SHORT,0.6406,2026-06-11T01:05:31.222357+00:00,2026-06-11 09:05:31,2026-06-11,9,,,
live_db_signal,ic32_regime_v1,SUIUSDT,FLAT,1.0,2026-06-11T02:05:01.289929+00:00,2026-06-11 10:05:01,2026-06-11,10,,,
live_db_signal,ic32_regime_v1,AVAXUSDT,FLAT,1.0,2026-06-11T02:05:02.938328+00:00,2026-06-11 10:05:02,2026-06-11,10,,,
live_db_signal,ic32_regime_v1,NEARUSDT,FLAT,1.0,2026-06-11T02:05:04.623922+00:00,2026-06-11 10:05:04,2026-06-11,10,,,
live_db_signal,ic32_regime_v1,POLUSDT,FLAT,1.0,2026-06-11T02:05:06.144040+00:00,2026-06-11 10:05:06,2026-06-11,10,,,
live_db_signal,ic32_regime_v1,1000PEPEUSDT,FLAT,1.0,2026-06-11T02:05:07.669636+00:00,2026-06-11 10:05:07,2026-06-11,10,,,
live_db_signal,ic32_regime_v1,BNBUSDT,FLAT,1.0,2026-06-11T02:05:09.250385+00:00,2026-06-11 10:05:09,2026-06-11,10,,,
live_db_signal,ic32_regime_v1,ETHUSDT,FLAT,1.0,2026-06-11T02:05:10.709810+00:00,2026-06-11 10:05:10,2026-06-11,10,,,
live_db_signal,ic32_regime_v1,TONUSDT,FLAT,1.0,2026-06-11T02:05:12.275030+00:00,2026-06-11 10:05:12,2026-06-11,10,,,
live_db_signal,ic32_regime_v1,TRXUSDT,FLAT,1.0,2026-06-11T02:05:13.739462+00:00,2026-06-11 10:05:13,2026-06-11,10,,,
live_db_signal,ic32_regime_v1,XRPUSDT,FLAT,1.0,2026-06-11T02:05:15.291807+00:00,2026-06-11 10:05:15,2026-06-11,10,,,
live_db_signal,ic32_regime_v1,ARBUSDT,LONG,0.7771,2026-06-11T02:05:16.848213+00:00,2026-06-11 10:05:16,2026-06-11,10,,,
live_db_signal,ic32_regime_v1,DOGEUSDT,FLAT,1.0,2026-06-11T02:05:19.785991+00:00,2026-06-11 10:05:19,2026-06-11,10,,,
live_db_signal,ic32_regime_v1,LINKUSDT,FLAT,1.0,2026-06-11T02:05:21.208745+00:00,2026-06-11 10:05:21,2026-06-11,10,,,
live_db_signal,ic32_regime_v1,SOLUSDT,FLAT,1.0,2026-06-11T02:05:22.700226+00:00,2026-06-11 10:05:22,2026-06-11,10,,,
live_db_signal,ic32_regime_v1,HBARUSDT,FLAT,1.0,2026-06-11T02:05:24.178966+00:00,2026-06-11 10:05:24,2026-06-11,10,,,
live_db_signal,ic32_regime_v1,ONDOUSDT,FLAT,1.0,2026-06-11T02:05:25.643974+00:00,2026-06-11 10:05:25,2026-06-11,10,,,
live_db_signal,ic32_regime_v1,ADAUSDT,FLAT,1.0,2026-06-11T02:05:27.136788+00:00,2026-06-11 10:05:27,2026-06-11,10,,,
live_db_signal,ic32_regime_v1,1000SHIBUSDT,FLAT,1.0,2026-06-11T02:05:28.599168+00:00,2026-06-11 10:05:28,2026-06-11,10,,,
live_db_signal,ic32_regime_v1,DOTUSDT,FLAT,1.0,2026-06-11T02:05:30.193550+00:00,2026-06-11 10:05:30,2026-06-11,10,,,
live_db_signal,ic32_regime_v1,TAOUSDT,FLAT,1.0,2026-06-11T02:05:31.686999+00:00,2026-06-11 10:05:31,2026-06-11,10,,,
live_db_signal,ic32_regime_v1,SUIUSDT,FLAT,1.0,2026-06-11T03:05:01.287978+00:00,2026-06-11 11:05:01,2026-06-11,11,,,
live_db_signal,ic32_regime_v1,AVAXUSDT,FLAT,1.0,2026-06-11T03:05:02.803799+00:00,2026-06-11 11:05:02,2026-06-11,11,,,
live_db_signal,ic32_regime_v1,NEARUSDT,FLAT,1.0,2026-06-11T03:05:04.314652+00:00,2026-06-11 11:05:04,2026-06-11,11,,,
live_db_signal,ic32_regime_v1,POLUSDT,FLAT,1.0,2026-06-11T03:05:05.810388+00:00,2026-06-11 11:05:05,2026-06-11,11,,,
live_db_signal,ic32_regime_v1,1000PEPEUSDT,FLAT,1.0,2026-06-11T03:05:07.330975+00:00,2026-06-11 11:05:07,2026-06-11,11,,,
live_db_signal,ic32_regime_v1,BNBUSDT,FLAT,1.0,2026-06-11T03:05:08.754135+00:00,2026-06-11 11:05:08,2026-06-11,11,,,
live_db_signal,ic32_regime_v1,ETHUSDT,FLAT,1.0,2026-06-11T03:05:10.174805+00:00,2026-06-11 11:05:10,2026-06-11,11,,,
live_db_signal,ic32_regime_v1,TONUSDT,FLAT,1.0,2026-06-11T03:05:11.680110+00:00,2026-06-11 11:05:11,2026-06-11,11,,,
live_db_signal,ic32_regime_v1,TRXUSDT,FLAT,1.0,2026-06-11T03:05:13.189214+00:00,2026-06-11 11:05:13,2026-06-11,11,,,
live_db_signal,ic32_regime_v1,XRPUSDT,FLAT,1.0,2026-06-11T03:05:14.653931+00:00,2026-06-11 11:05:14,2026-06-11,11,,,
live_db_signal,ic32_regime_v1,ARBUSDT,FLAT,1.0,2026-06-11T03:05:16.109898+00:00,2026-06-11 11:05:16,2026-06-11,11,,,
live_db_signal,ic32_regime_v1,DOGEUSDT,FLAT,1.0,2026-06-11T03:05:17.601682+00:00,2026-06-11 11:05:17,2026-06-11,11,,,
live_db_signal,ic32_regime_v1,LINKUSDT,FLAT,1.0,2026-06-11T03:05:18.975619+00:00,2026-06-11 11:05:18,2026-06-11,11,,,
live_db_signal,ic32_regime_v1,SOLUSDT,FLAT,1.0,2026-06-11T03:05:20.685769+00:00,2026-06-11 11:05:20,2026-06-11,11,,,
live_db_signal,ic32_regime_v1,HBARUSDT,FLAT,1.0,2026-06-11T03:05:22.269030+00:00,2026-06-11 11:05:22,2026-06-11,11,,,
live_db_signal,ic32_regime_v1,ONDOUSDT,FLAT,1.0,2026-06-11T03:05:23.755701+00:00,2026-06-11 11:05:23,2026-06-11,11,,,
live_db_signal,ic32_regime_v1,ADAUSDT,FLAT,1.0,2026-06-11T03:05:25.224732+00:00,2026-06-11 11:05:25,2026-06-11,11,,,
live_db_signal,ic32_regime_v1,1000SHIBUSDT,FLAT,1.0,2026-06-11T03:05:26.684383+00:00,2026-06-11 11:05:26,2026-06-11,11,,,
live_db_signal,ic32_regime_v1,DOTUSDT,FLAT,1.0,2026-06-11T03:05:28.200784+00:00,2026-06-11 11:05:28,2026-06-11,11,,,
live_db_signal,ic32_regime_v1,TAOUSDT,FLAT,1.0,2026-06-11T03:05:29.771398+00:00,2026-06-11 11:05:29,2026-06-11,11,,,
live_db_signal,ic32_regime_v1,SUIUSDT,FLAT,1.0,2026-06-11T04:05:01.669363+00:00,2026-06-11 12:05:01,2026-06-11,12,,,
live_db_signal,ic32_regime_v1,AVAXUSDT,FLAT,1.0,2026-06-11T04:05:03.373089+00:00,2026-06-11 12:05:03,2026-06-11,12,,,
live_db_signal,ic32_regime_v1,NEARUSDT,FLAT,1.0,2026-06-11T04:05:04.849771+00:00,2026-06-11 12:05:04,2026-06-11,12,,,
live_db_signal,ic32_regime_v1,POLUSDT,FLAT,1.0,2026-06-11T04:05:06.437949+00:00,2026-06-11 12:05:06,2026-06-11,12,,,
live_db_signal,ic32_regime_v1,1000PEPEUSDT,FLAT,1.0,2026-06-11T04:05:08.079648+00:00,2026-06-11 12:05:08,2026-06-11,12,,,
live_db_signal,ic32_regime_v1,BNBUSDT,FLAT,1.0,2026-06-11T04:05:09.552006+00:00,2026-06-11 12:05:09,2026-06-11,12,,,
live_db_signal,ic32_regime_v1,ETHUSDT,FLAT,1.0,2026-06-11T04:05:11.066341+00:00,2026-06-11 12:05:11,2026-06-11,12,,,
live_db_signal,ic32_regime_v1,TONUSDT,FLAT,1.0,2026-06-11T04:05:12.512127+00:00,2026-06-11 12:05:12,2026-06-11,12,,,
live_db_signal,ic32_regime_v1,TRXUSDT,FLAT,1.0,2026-06-11T04:05:14.040814+00:00,2026-06-11 12:05:14,2026-06-11,12,,,
live_db_signal,ic32_regime_v1,XRPUSDT,FLAT,1.0,2026-06-11T04:05:15.577000+00:00,2026-06-11 12:05:15,2026-06-11,12,,,
live_db_signal,ic32_regime_v1,ARBUSDT,FLAT,1.0,2026-06-11T04:05:17.047590+00:00,2026-06-11 12:05:17,2026-06-11,12,,,
live_db_signal,ic32_regime_v1,DOGEUSDT,FLAT,1.0,2026-06-11T04:05:18.565895+00:00,2026-06-11 12:05:18,2026-06-11,12,,,
live_db_signal,ic32_regime_v1,LINKUSDT,FLAT,1.0,2026-06-11T04:05:20.087750+00:00,2026-06-11 12:05:20,2026-06-11,12,,,
live_db_signal,ic32_regime_v1,SOLUSDT,FLAT,1.0,2026-06-11T04:05:21.603825+00:00,2026-06-11 12:05:21,2026-06-11,12,,,
live_db_signal,ic32_regime_v1,HBARUSDT,FLAT,1.0,2026-06-11T04:05:23.066678+00:00,2026-06-11 12:05:23,2026-06-11,12,,,
live_db_signal,ic32_regime_v1,ONDOUSDT,FLAT,1.0,2026-06-11T04:05:24.580883+00:00,2026-06-11 12:05:24,2026-06-11,12,,,
live_db_signal,ic32_regime_v1,ADAUSDT,FLAT,1.0,2026-06-11T04:05:25.959579+00:00,2026-06-11 12:05:25,2026-06-11,12,,,
live_db_signal,ic32_regime_v1,1000SHIBUSDT,FLAT,1.0,2026-06-11T04:05:27.440067+00:00,2026-06-11 12:05:27,2026-06-11,12,,,
live_db_signal,ic32_regime_v1,DOTUSDT,FLAT,1.0,2026-06-11T04:05:29.052495+00:00,2026-06-11 12:05:29,2026-06-11,12,,,
live_db_signal,ic32_regime_v1,TAOUSDT,FLAT,1.0,2026-06-11T04:05:30.368244+00:00,2026-06-11 12:05:30,2026-06-11,12,,,
live_db_signal,ic32_regime_v1,SUIUSDT,FLAT,1.0,2026-06-11T05:05:01.240640+00:00,2026-06-11 13:05:01,2026-06-11,13,,,
live_db_signal,ic32_regime_v1,AVAXUSDT,FLAT,1.0,2026-06-11T05:05:02.794599+00:00,2026-06-11 13:05:02,2026-06-11,13,,,
live_db_signal,ic32_regime_v1,NEARUSDT,FLAT,1.0,2026-06-11T05:05:04.630205+00:00,2026-06-11 13:05:04,2026-06-11,13,,,
live_db_signal,ic32_regime_v1,POLUSDT,FLAT,1.0,2026-06-11T05:05:06.383838+00:00,2026-06-11 13:05:06,2026-06-11,13,,,
live_db_signal,ic32_regime_v1,1000PEPEUSDT,FLAT,1.0,2026-06-11T05:05:07.804304+00:00,2026-06-11 13:05:07,2026-06-11,13,,,
live_db_signal,ic32_regime_v1,BNBUSDT,FLAT,1.0,2026-06-11T05:05:09.473899+00:00,2026-06-11 13:05:09,2026-06-11,13,,,
live_db_signal,ic32_regime_v1,ETHUSDT,FLAT,1.0,2026-06-11T05:05:11.111979+00:00,2026-06-11 13:05:11,2026-06-11,13,,,
live_db_signal,ic32_regime_v1,TONUSDT,FLAT,1.0,2026-06-11T05:05:12.535182+00:00,2026-06-11 13:05:12,2026-06-11,13,,,
live_db_signal,ic32_regime_v1,TRXUSDT,FLAT,1.0,2026-06-11T05:05:14.051931+00:00,2026-06-11 13:05:14,2026-06-11,13,,,
live_db_signal,ic32_regime_v1,XRPUSDT,FLAT,1.0,2026-06-11T05:05:15.535933+00:00,2026-06-11 13:05:15,2026-06-11,13,,,
live_db_signal,ic32_regime_v1,ARBUSDT,FLAT,1.0,2026-06-11T05:05:17.022252+00:00,2026-06-11 13:05:17,2026-06-11,13,,,
live_db_signal,ic32_regime_v1,DOGEUSDT,FLAT,1.0,2026-06-11T05:05:18.436933+00:00,2026-06-11 13:05:18,2026-06-11,13,,,
live_db_signal,ic32_regime_v1,LINKUSDT,FLAT,1.0,2026-06-11T05:05:19.986394+00:00,2026-06-11 13:05:19,2026-06-11,13,,,
live_db_signal,ic32_regime_v1,SOLUSDT,FLAT,1.0,2026-06-11T05:05:21.416464+00:00,2026-06-11 13:05:21,2026-06-11,13,,,
live_db_signal,ic32_regime_v1,HBARUSDT,FLAT,1.0,2026-06-11T05:05:22.913967+00:00,2026-06-11 13:05:22,2026-06-11,13,,,
live_db_signal,ic32_regime_v1,ONDOUSDT,FLAT,1.0,2026-06-11T05:05:24.367671+00:00,2026-06-11 13:05:24,2026-06-11,13,,,
live_db_signal,ic32_regime_v1,ADAUSDT,FLAT,1.0,2026-06-11T05:05:25.837369+00:00,2026-06-11 13:05:25,2026-06-11,13,,,
live_db_signal,ic32_regime_v1,1000SHIBUSDT,FLAT,1.0,2026-06-11T05:05:27.283983+00:00,2026-06-11 13:05:27,2026-06-11,13,,,
live_db_signal,ic32_regime_v1,DOTUSDT,FLAT,1.0,2026-06-11T05:05:28.841448+00:00,2026-06-11 13:05:28,2026-06-11,13,,,
live_db_signal,ic32_regime_v1,TAOUSDT,FLAT,1.0,2026-06-11T05:05:30.280103+00:00,2026-06-11 13:05:30,2026-06-11,13,,,
live_db_signal,ic32_regime_v1,SUIUSDT,FLAT,1.0,2026-06-11T06:05:01.231440+00:00,2026-06-11 14:05:01,2026-06-11,14,,,
live_db_signal,ic32_regime_v1,AVAXUSDT,FLAT,1.0,2026-06-11T06:05:03.032731+00:00,2026-06-11 14:05:03,2026-06-11,14,,,
live_db_signal,ic32_regime_v1,NEARUSDT,FLAT,1.0,2026-06-11T06:05:04.597249+00:00,2026-06-11 14:05:04,2026-06-11,14,,,
live_db_signal,ic32_regime_v1,POLUSDT,FLAT,1.0,2026-06-11T06:05:06.077054+00:00,2026-06-11 14:05:06,2026-06-11,14,,,
live_db_signal,ic32_regime_v1,1000PEPEUSDT,FLAT,1.0,2026-06-11T06:05:07.515858+00:00,2026-06-11 14:05:07,2026-06-11,14,,,
live_db_signal,ic32_regime_v1,BNBUSDT,FLAT,1.0,2026-06-11T06:05:09.023288+00:00,2026-06-11 14:05:09,2026-06-11,14,,,
live_db_signal,ic32_regime_v1,ETHUSDT,FLAT,1.0,2026-06-11T06:05:10.439260+00:00,2026-06-11 14:05:10,2026-06-11,14,,,
live_db_signal,ic32_regime_v1,TONUSDT,FLAT,1.0,2026-06-11T06:05:11.935891+00:00,2026-06-11 14:05:11,2026-06-11,14,,,
live_db_signal,ic32_regime_v1,TRXUSDT,FLAT,1.0,2026-06-11T06:05:13.372976+00:00,2026-06-11 14:05:13,2026-06-11,14,,,
live_db_signal,ic32_regime_v1,XRPUSDT,FLAT,1.0,2026-06-11T06:05:14.877088+00:00,2026-06-11 14:05:14,2026-06-11,14,,,
live_db_signal,ic32_regime_v1,ARBUSDT,FLAT,1.0,2026-06-11T06:05:16.297038+00:00,2026-06-11 14:05:16,2026-06-11,14,,,
live_db_signal,ic32_regime_v1,DOGEUSDT,FLAT,1.0,2026-06-11T06:05:17.747266+00:00,2026-06-11 14:05:17,2026-06-11,14,,,
live_db_signal,ic32_regime_v1,LINKUSDT,FLAT,1.0,2026-06-11T06:05:19.217374+00:00,2026-06-11 14:05:19,2026-06-11,14,,,
live_db_signal,ic32_regime_v1,SOLUSDT,FLAT,1.0,2026-06-11T06:05:20.779670+00:00,2026-06-11 14:05:20,2026-06-11,14,,,
live_db_signal,ic32_regime_v1,HBARUSDT,FLAT,1.0,2026-06-11T06:05:22.236595+00:00,2026-06-11 14:05:22,2026-06-11,14,,,
live_db_signal,ic32_regime_v1,ONDOUSDT,FLAT,1.0,2026-06-11T06:05:23.709371+00:00,2026-06-11 14:05:23,2026-06-11,14,,,
live_db_signal,ic32_regime_v1,ADAUSDT,FLAT,1.0,2026-06-11T06:05:25.114961+00:00,2026-06-11 14:05:25,2026-06-11,14,,,
live_db_signal,ic32_regime_v1,1000SHIBUSDT,FLAT,1.0,2026-06-11T06:05:26.576006+00:00,2026-06-11 14:05:26,2026-06-11,14,,,
live_db_signal,ic32_regime_v1,DOTUSDT,FLAT,1.0,2026-06-11T06:05:28.076866+00:00,2026-06-11 14:05:28,2026-06-11,14,,,
live_db_signal,ic32_regime_v1,TAOUSDT,FLAT,1.0,2026-06-11T06:05:29.526150+00:00,2026-06-11 14:05:29,2026-06-11,14,,,
live_db_signal,ic32_regime_v1,SUIUSDT,FLAT,1.0,2026-06-11T07:05:01.807632+00:00,2026-06-11 15:05:01,2026-06-11,15,,,
live_db_signal,ic32_regime_v1,AVAXUSDT,FLAT,1.0,2026-06-11T07:05:03.577315+00:00,2026-06-11 15:05:03,2026-06-11,15,,,
live_db_signal,ic32_regime_v1,NEARUSDT,FLAT,1.0,2026-06-11T07:05:05.131759+00:00,2026-06-11 15:05:05,2026-06-11,15,,,
live_db_signal,ic32_regime_v1,POLUSDT,FLAT,1.0,2026-06-11T07:05:06.667206+00:00,2026-06-11 15:05:06,2026-06-11,15,,,
live_db_signal,ic32_regime_v1,1000PEPEUSDT,FLAT,1.0,2026-06-11T07:05:08.322716+00:00,2026-06-11 15:05:08,2026-06-11,15,,,
live_db_signal,ic32_regime_v1,BNBUSDT,FLAT,1.0,2026-06-11T07:05:09.837860+00:00,2026-06-11 15:05:09,2026-06-11,15,,,
live_db_signal,ic32_regime_v1,ETHUSDT,FLAT,1.0,2026-06-11T07:05:11.341718+00:00,2026-06-11 15:05:11,2026-06-11,15,,,
live_db_signal,ic32_regime_v1,TONUSDT,FLAT,1.0,2026-06-11T07:05:13.064420+00:00,2026-06-11 15:05:13,2026-06-11,15,,,
live_db_signal,ic32_regime_v1,TRXUSDT,FLAT,1.0,2026-06-11T07:05:14.575897+00:00,2026-06-11 15:05:14,2026-06-11,15,,,
live_db_signal,ic32_regime_v1,XRPUSDT,FLAT,1.0,2026-06-11T07:05:16.165995+00:00,2026-06-11 15:05:16,2026-06-11,15,,,
live_db_signal,ic32_regime_v1,ARBUSDT,FLAT,1.0,2026-06-11T07:05:17.697188+00:00,2026-06-11 15:05:17,2026-06-11,15,,,
live_db_signal,ic32_regime_v1,DOGEUSDT,FLAT,1.0,2026-06-11T07:05:19.318902+00:00,2026-06-11 15:05:19,2026-06-11,15,,,
live_db_signal,ic32_regime_v1,LINKUSDT,FLAT,1.0,2026-06-11T07:05:20.900578+00:00,2026-06-11 15:05:20,2026-06-11,15,,,
live_db_signal,ic32_regime_v1,SOLUSDT,FLAT,1.0,2026-06-11T07:05:22.493428+00:00,2026-06-11 15:05:22,2026-06-11,15,,,
live_db_signal,ic32_regime_v1,HBARUSDT,FLAT,1.0,2026-06-11T07:05:24.099632+00:00,2026-06-11 15:05:24,2026-06-11,15,,,
live_db_signal,ic32_regime_v1,ONDOUSDT,FLAT,1.0,2026-06-11T07:05:25.713979+00:00,2026-06-11 15:05:25,2026-06-11,15,,,
live_db_signal,ic32_regime_v1,ADAUSDT,FLAT,1.0,2026-06-11T07:05:27.299985+00:00,2026-06-11 15:05:27,2026-06-11,15,,,
live_db_signal,ic32_regime_v1,1000SHIBUSDT,FLAT,1.0,2026-06-11T07:05:28.836273+00:00,2026-06-11 15:05:28,2026-06-11,15,,,
live_db_signal,ic32_regime_v1,DOTUSDT,FLAT,1.0,2026-06-11T07:05:30.444326+00:00,2026-06-11 15:05:30,2026-06-11,15,,,
live_db_signal,ic32_regime_v1,TAOUSDT,FLAT,1.0,2026-06-11T07:05:31.923651+00:00,2026-06-11 15:05:31,2026-06-11,15,,,
live_db_signal,ic32_regime_v1,SUIUSDT,SHORT,0.7507,2026-06-11T08:05:01.666723+00:00,2026-06-11 16:05:01,2026-06-11,16,,,
live_db_signal,ic32_regime_v1,AVAXUSDT,FLAT,1.0,2026-06-11T08:05:05.024386+00:00,2026-06-11 16:05:05,2026-06-11,16,,,
live_db_signal,ic32_regime_v1,NEARUSDT,FLAT,1.0,2026-06-11T08:05:06.607547+00:00,2026-06-11 16:05:06,2026-06-11,16,,,
live_db_signal,ic32_regime_v1,POLUSDT,FLAT,1.0,2026-06-11T08:05:08.207416+00:00,2026-06-11 16:05:08,2026-06-11,16,,,
live_db_signal,ic32_regime_v1,1000PEPEUSDT,SHORT,0.6763,2026-06-11T08:05:09.980108+00:00,2026-06-11 16:05:09,2026-06-11,16,,,
live_db_signal,ic32_regime_v1,BNBUSDT,FLAT,1.0,2026-06-11T08:05:13.143574+00:00,2026-06-11 16:05:13,2026-06-11,16,,,
live_db_signal,ic32_regime_v1,ETHUSDT,FLAT,1.0,2026-06-11T08:05:14.726058+00:00,2026-06-11 16:05:14,2026-06-11,16,,,
live_db_signal,ic32_regime_v1,TONUSDT,FLAT,1.0,2026-06-11T08:05:16.399083+00:00,2026-06-11 16:05:16,2026-06-11,16,,,
live_db_signal,ic32_regime_v1,TRXUSDT,FLAT,1.0,2026-06-11T08:05:18.151292+00:00,2026-06-11 16:05:18,2026-06-11,16,,,
live_db_signal,ic32_regime_v1,XRPUSDT,FLAT,1.0,2026-06-11T08:05:19.902384+00:00,2026-06-11 16:05:19,2026-06-11,16,,,
live_db_signal,ic32_regime_v1,ARBUSDT,SHORT,0.7162,2026-06-11T08:05:21.835663+00:00,2026-06-11 16:05:21,2026-06-11,16,,,
live_db_signal,ic32_regime_v1,DOGEUSDT,FLAT,1.0,2026-06-11T08:05:24.876797+00:00,2026-06-11 16:05:24,2026-06-11,16,,,
live_db_signal,ic32_regime_v1,LINKUSDT,FLAT,1.0,2026-06-11T08:05:26.717989+00:00,2026-06-11 16:05:26,2026-06-11,16,,,
live_db_signal,ic32_regime_v1,SOLUSDT,FLAT,1.0,2026-06-11T08:05:28.350083+00:00,2026-06-11 16:05:28,2026-06-11,16,,,
live_db_signal,ic32_regime_v1,HBARUSDT,FLAT,1.0,2026-06-11T08:05:29.925500+00:00,2026-06-11 16:05:29,2026-06-11,16,,,
live_db_signal,ic32_regime_v1,ONDOUSDT,FLAT,1.0,2026-06-11T08:05:31.471386+00:00,2026-06-11 16:05:31,2026-06-11,16,,,
live_db_signal,ic32_regime_v1,ADAUSDT,FLAT,1.0,2026-06-11T08:05:33.037319+00:00,2026-06-11 16:05:33,2026-06-11,16,,,
live_db_signal,ic32_regime_v1,1000SHIBUSDT,FLAT,1.0,2026-06-11T08:05:34.583689+00:00,2026-06-11 16:05:34,2026-06-11,16,,,
live_db_signal,ic32_regime_v1,DOTUSDT,FLAT,1.0,2026-06-11T08:05:36.075044+00:00,2026-06-11 16:05:36,2026-06-11,16,,,
live_db_signal,ic32_regime_v1,TAOUSDT,FLAT,1.0,2026-06-11T08:05:37.574177+00:00,2026-06-11 16:05:37,2026-06-11,16,,,
live_db_signal,ic32_regime_v1,SUIUSDT,SHORT,0.7141,2026-06-11T09:05:01.339148+00:00,2026-06-11 17:05:01,2026-06-11,17,,,
live_db_signal,ic32_regime_v1,AVAXUSDT,FLAT,1.0,2026-06-11T09:05:04.617959+00:00,2026-06-11 17:05:04,2026-06-11,17,,,
live_db_signal,ic32_regime_v1,NEARUSDT,FLAT,1.0,2026-06-11T09:05:06.104858+00:00,2026-06-11 17:05:06,2026-06-11,17,,,
live_db_signal,ic32_regime_v1,POLUSDT,FLAT,1.0,2026-06-11T09:05:07.645762+00:00,2026-06-11 17:05:07,2026-06-11,17,,,
live_db_signal,ic32_regime_v1,1000PEPEUSDT,FLAT,1.0,2026-06-11T09:05:09.128520+00:00,2026-06-11 17:05:09,2026-06-11,17,,,
live_db_signal,ic32_regime_v1,BNBUSDT,FLAT,1.0,2026-06-11T09:05:10.717105+00:00,2026-06-11 17:05:10,2026-06-11,17,,,
live_db_signal,ic32_regime_v1,ETHUSDT,FLAT,1.0,2026-06-11T09:05:12.270373+00:00,2026-06-11 17:05:12,2026-06-11,17,,,
live_db_signal,ic32_regime_v1,TONUSDT,FLAT,1.0,2026-06-11T09:05:13.773402+00:00,2026-06-11 17:05:13,2026-06-11,17,,,
live_db_signal,ic32_regime_v1,TRXUSDT,FLAT,1.0,2026-06-11T09:05:15.334860+00:00,2026-06-11 17:05:15,2026-06-11,17,,,
live_db_signal,ic32_regime_v1,XRPUSDT,FLAT,1.0,2026-06-11T09:05:16.897505+00:00,2026-06-11 17:05:16,2026-06-11,17,,,
live_db_signal,ic32_regime_v1,ARBUSDT,FLAT,1.0,2026-06-11T09:05:18.397532+00:00,2026-06-11 17:05:18,2026-06-11,17,,,
live_db_signal,ic32_regime_v1,DOGEUSDT,FLAT,1.0,2026-06-11T09:05:19.977565+00:00,2026-06-11 17:05:19,2026-06-11,17,,,
live_db_signal,ic32_regime_v1,LINKUSDT,FLAT,1.0,2026-06-11T09:05:21.520140+00:00,2026-06-11 17:05:21,2026-06-11,17,,,
live_db_signal,ic32_regime_v1,SOLUSDT,FLAT,1.0,2026-06-11T09:05:23.028920+00:00,2026-06-11 17:05:23,2026-06-11,17,,,
live_db_signal,ic32_regime_v1,HBARUSDT,FLAT,1.0,2026-06-11T09:05:24.524073+00:00,2026-06-11 17:05:24,2026-06-11,17,,,
live_db_signal,ic32_regime_v1,ONDOUSDT,FLAT,1.0,2026-06-11T09:05:25.974184+00:00,2026-06-11 17:05:25,2026-06-11,17,,,
live_db_signal,ic32_regime_v1,ADAUSDT,FLAT,1.0,2026-06-11T09:05:27.452189+00:00,2026-06-11 17:05:27,2026-06-11,17,,,
live_db_signal,ic32_regime_v1,1000SHIBUSDT,FLAT,1.0,2026-06-11T09:05:28.881885+00:00,2026-06-11 17:05:28,2026-06-11,17,,,
live_db_signal,ic32_regime_v1,DOTUSDT,FLAT,1.0,2026-06-11T09:05:30.371266+00:00,2026-06-11 17:05:30,2026-06-11,17,,,
live_db_signal,ic32_regime_v1,TAOUSDT,FLAT,1.0,2026-06-11T09:05:31.804621+00:00,2026-06-11 17:05:31,2026-06-11,17,,,
live_db_signal,ic32_regime_v1,SUIUSDT,FLAT,1.0,2026-06-11T10:05:01.519432+00:00,2026-06-11 18:05:01,2026-06-11,18,,,
live_db_signal,ic32_regime_v1,AVAXUSDT,FLAT,1.0,2026-06-11T10:05:03.660056+00:00,2026-06-11 18:05:03,2026-06-11,18,,,
live_db_signal,ic32_regime_v1,NEARUSDT,FLAT,1.0,2026-06-11T10:05:05.302237+00:00,2026-06-11 18:05:05,2026-06-11,18,,,
live_db_signal,ic32_regime_v1,POLUSDT,FLAT,1.0,2026-06-11T10:05:06.944441+00:00,2026-06-11 18:05:06,2026-06-11,18,,,
live_db_signal,ic32_regime_v1,1000PEPEUSDT,FLAT,1.0,2026-06-11T10:05:08.552406+00:00,2026-06-11 18:05:08,2026-06-11,18,,,
live_db_signal,ic32_regime_v1,BNBUSDT,FLAT,1.0,2026-06-11T10:05:10.062789+00:00,2026-06-11 18:05:10,2026-06-11,18,,,
live_db_signal,ic32_regime_v1,ETHUSDT,FLAT,1.0,2026-06-11T10:05:11.605320+00:00,2026-06-11 18:05:11,2026-06-11,18,,,
live_db_signal,ic32_regime_v1,TONUSDT,FLAT,1.0,2026-06-11T10:05:13.108780+00:00,2026-06-11 18:05:13,2026-06-11,18,,,
live_db_signal,ic32_regime_v1,TRXUSDT,FLAT,1.0,2026-06-11T10:05:14.605013+00:00,2026-06-11 18:05:14,2026-06-11,18,,,
live_db_signal,ic32_regime_v1,XRPUSDT,FLAT,1.0,2026-06-11T10:05:16.248098+00:00,2026-06-11 18:05:16,2026-06-11,18,,,
live_db_signal,ic32_regime_v1,ARBUSDT,FLAT,1.0,2026-06-11T10:05:17.725448+00:00,2026-06-11 18:05:17,2026-06-11,18,,,
live_db_signal,ic32_regime_v1,DOGEUSDT,FLAT,1.0,2026-06-11T10:05:19.201817+00:00,2026-06-11 18:05:19,2026-06-11,18,,,
live_db_signal,ic32_regime_v1,LINKUSDT,FLAT,1.0,2026-06-11T10:05:20.667294+00:00,2026-06-11 18:05:20,2026-06-11,18,,,
live_db_signal,ic32_regime_v1,SOLUSDT,FLAT,1.0,2026-06-11T10:05:22.117614+00:00,2026-06-11 18:05:22,2026-06-11,18,,,
live_db_signal,ic32_regime_v1,HBARUSDT,FLAT,1.0,2026-06-11T10:05:23.593146+00:00,2026-06-11 18:05:23,2026-06-11,18,,,
live_db_signal,ic32_regime_v1,ONDOUSDT,FLAT,1.0,2026-06-11T10:05:25.016163+00:00,2026-06-11 18:05:25,2026-06-11,18,,,
live_db_signal,ic32_regime_v1,ADAUSDT,FLAT,1.0,2026-06-11T10:05:26.459802+00:00,2026-06-11 18:05:26,2026-06-11,18,,,
live_db_signal,ic32_regime_v1,1000SHIBUSDT,FLAT,1.0,2026-06-11T10:05:27.930303+00:00,2026-06-11 18:05:27,2026-06-11,18,,,
live_db_signal,ic32_regime_v1,DOTUSDT,FLAT,1.0,2026-06-11T10:05:29.376528+00:00,2026-06-11 18:05:29,2026-06-11,18,,,
live_db_signal,ic32_regime_v1,TAOUSDT,FLAT,1.0,2026-06-11T10:05:30.905262+00:00,2026-06-11 18:05:30,2026-06-11,18,,,
live_db_signal,ic32_regime_v1,SUIUSDT,FLAT,1.0,2026-06-11T11:05:01.351852+00:00,2026-06-11 19:05:01,2026-06-11,19,,,
live_db_signal,ic32_regime_v1,AVAXUSDT,FLAT,1.0,2026-06-11T11:05:03.081885+00:00,2026-06-11 19:05:03,2026-06-11,19,,,
live_db_signal,ic32_regime_v1,NEARUSDT,FLAT,1.0,2026-06-11T11:05:04.777532+00:00,2026-06-11 19:05:04,2026-06-11,19,,,
live_db_signal,ic32_regime_v1,POLUSDT,FLAT,1.0,2026-06-11T11:05:06.349532+00:00,2026-06-11 19:05:06,2026-06-11,19,,,
live_db_signal,ic32_regime_v1,1000PEPEUSDT,FLAT,1.0,2026-06-11T11:05:07.904790+00:00,2026-06-11 19:05:07,2026-06-11,19,,,
live_db_signal,ic32_regime_v1,BNBUSDT,FLAT,1.0,2026-06-11T11:05:09.375543+00:00,2026-06-11 19:05:09,2026-06-11,19,,,
live_db_signal,ic32_regime_v1,ETHUSDT,FLAT,1.0,2026-06-11T11:05:10.968123+00:00,2026-06-11 19:05:10,2026-06-11,19,,,
live_db_signal,ic32_regime_v1,TONUSDT,FLAT,1.0,2026-06-11T11:05:12.444686+00:00,2026-06-11 19:05:12,2026-06-11,19,,,
live_db_signal,ic32_regime_v1,TRXUSDT,FLAT,1.0,2026-06-11T11:05:13.938386+00:00,2026-06-11 19:05:13,2026-06-11,19,,,
live_db_signal,ic32_regime_v1,XRPUSDT,FLAT,1.0,2026-06-11T11:05:15.487266+00:00,2026-06-11 19:05:15,2026-06-11,19,,,
live_db_signal,ic32_regime_v1,ARBUSDT,FLAT,1.0,2026-06-11T11:05:17.067401+00:00,2026-06-11 19:05:17,2026-06-11,19,,,
live_db_signal,ic32_regime_v1,DOGEUSDT,FLAT,1.0,2026-06-11T11:05:18.598207+00:00,2026-06-11 19:05:18,2026-06-11,19,,,
live_db_signal,ic32_regime_v1,LINKUSDT,FLAT,1.0,2026-06-11T11:05:20.134873+00:00,2026-06-11 19:05:20,2026-06-11,19,,,
live_db_signal,ic32_regime_v1,SOLUSDT,FLAT,1.0,2026-06-11T11:05:21.651131+00:00,2026-06-11 19:05:21,2026-06-11,19,,,
live_db_signal,ic32_regime_v1,HBARUSDT,FLAT,1.0,2026-06-11T11:05:23.163448+00:00,2026-06-11 19:05:23,2026-06-11,19,,,
live_db_signal,ic32_regime_v1,ONDOUSDT,FLAT,1.0,2026-06-11T11:05:24.552405+00:00,2026-06-11 19:05:24,2026-06-11,19,,,
live_db_signal,ic32_regime_v1,ADAUSDT,FLAT,1.0,2026-06-11T11:05:25.993236+00:00,2026-06-11 19:05:25,2026-06-11,19,,,
live_db_signal,ic32_regime_v1,1000SHIBUSDT,FLAT,1.0,2026-06-11T11:05:27.406339+00:00,2026-06-11 19:05:27,2026-06-11,19,,,
live_db_signal,ic32_regime_v1,DOTUSDT,FLAT,1.0,2026-06-11T11:05:28.820255+00:00,2026-06-11 19:05:28,2026-06-11,19,,,
live_db_signal,ic32_regime_v1,TAOUSDT,FLAT,1.0,2026-06-11T11:05:30.260060+00:00,2026-06-11 19:05:30,2026-06-11,19,,,
live_db_signal,ic32_regime_v1,SUIUSDT,FLAT,1.0,2026-06-11T12:05:01.307864+00:00,2026-06-11 20:05:01,2026-06-11,20,,,
live_db_signal,ic32_regime_v1,AVAXUSDT,FLAT,1.0,2026-06-11T12:05:02.945501+00:00,2026-06-11 20:05:02,2026-06-11,20,,,
live_db_signal,ic32_regime_v1,NEARUSDT,FLAT,1.0,2026-06-11T12:05:04.443805+00:00,2026-06-11 20:05:04,2026-06-11,20,,,
live_db_signal,ic32_regime_v1,POLUSDT,FLAT,1.0,2026-06-11T12:05:05.873671+00:00,2026-06-11 20:05:05,2026-06-11,20,,,
live_db_signal,ic32_regime_v1,1000PEPEUSDT,FLAT,1.0,2026-06-11T12:05:07.321675+00:00,2026-06-11 20:05:07,2026-06-11,20,,,
live_db_signal,ic32_regime_v1,BNBUSDT,FLAT,1.0,2026-06-11T12:05:08.844669+00:00,2026-06-11 20:05:08,2026-06-11,20,,,
live_db_signal,ic32_regime_v1,ETHUSDT,FLAT,1.0,2026-06-11T12:05:10.255793+00:00,2026-06-11 20:05:10,2026-06-11,20,,,
live_db_signal,ic32_regime_v1,TONUSDT,FLAT,1.0,2026-06-11T12:05:11.632250+00:00,2026-06-11 20:05:11,2026-06-11,20,,,
live_db_signal,ic32_regime_v1,TRXUSDT,FLAT,1.0,2026-06-11T12:05:13.196600+00:00,2026-06-11 20:05:13,2026-06-11,20,,,
live_db_signal,ic32_regime_v1,XRPUSDT,FLAT,1.0,2026-06-11T12:05:14.652500+00:00,2026-06-11 20:05:14,2026-06-11,20,,,
live_db_signal,ic32_regime_v1,ARBUSDT,FLAT,1.0,2026-06-11T12:05:16.186631+00:00,2026-06-11 20:05:16,2026-06-11,20,,,
live_db_signal,ic32_regime_v1,DOGEUSDT,FLAT,1.0,2026-06-11T12:05:17.613717+00:00,2026-06-11 20:05:17,2026-06-11,20,,,
live_db_signal,ic32_regime_v1,LINKUSDT,FLAT,1.0,2026-06-11T12:05:19.070965+00:00,2026-06-11 20:05:19,2026-06-11,20,,,
live_db_signal,ic32_regime_v1,SOLUSDT,FLAT,1.0,2026-06-11T12:05:20.543497+00:00,2026-06-11 20:05:20,2026-06-11,20,,,
live_db_signal,ic32_regime_v1,HBARUSDT,FLAT,1.0,2026-06-11T12:05:21.998426+00:00,2026-06-11 20:05:21,2026-06-11,20,,,
live_db_signal,ic32_regime_v1,ONDOUSDT,FLAT,1.0,2026-06-11T12:05:23.515781+00:00,2026-06-11 20:05:23,2026-06-11,20,,,
live_db_signal,ic32_regime_v1,ADAUSDT,FLAT,1.0,2026-06-11T12:05:25.011113+00:00,2026-06-11 20:05:25,2026-06-11,20,,,
live_db_signal,ic32_regime_v1,1000SHIBUSDT,FLAT,1.0,2026-06-11T12:05:26.440330+00:00,2026-06-11 20:05:26,2026-06-11,20,,,
live_db_signal,ic32_regime_v1,DOTUSDT,FLAT,1.0,2026-06-11T12:05:27.925185+00:00,2026-06-11 20:05:27,2026-06-11,20,,,
live_db_signal,ic32_regime_v1,TAOUSDT,FLAT,1.0,2026-06-11T12:05:29.374583+00:00,2026-06-11 20:05:29,2026-06-11,20,,,
live_db_signal,ic32_regime_v1,SUIUSDT,FLAT,1.0,2026-06-11T13:05:01.593076+00:00,2026-06-11 21:05:01,2026-06-11,21,,,
live_db_signal,ic32_regime_v1,AVAXUSDT,FLAT,1.0,2026-06-11T13:05:03.226598+00:00,2026-06-11 21:05:03,2026-06-11,21,,,
live_db_signal,ic32_regime_v1,NEARUSDT,FLAT,1.0,2026-06-11T13:05:04.793557+00:00,2026-06-11 21:05:04,2026-06-11,21,,,
live_db_signal,ic32_regime_v1,POLUSDT,FLAT,1.0,2026-06-11T13:05:06.401699+00:00,2026-06-11 21:05:06,2026-06-11,21,,,
live_db_signal,ic32_regime_v1,1000PEPEUSDT,FLAT,1.0,2026-06-11T13:05:07.946808+00:00,2026-06-11 21:05:07,2026-06-11,21,,,
live_db_signal,ic32_regime_v1,BNBUSDT,FLAT,1.0,2026-06-11T13:05:09.497781+00:00,2026-06-11 21:05:09,2026-06-11,21,,,
live_db_signal,ic32_regime_v1,ETHUSDT,FLAT,1.0,2026-06-11T13:05:10.982696+00:00,2026-06-11 21:05:10,2026-06-11,21,,,
live_db_signal,ic32_regime_v1,TONUSDT,FLAT,1.0,2026-06-11T13:05:12.592129+00:00,2026-06-11 21:05:12,2026-06-11,21,,,
live_db_signal,ic32_regime_v1,TRXUSDT,FLAT,1.0,2026-06-11T13:05:14.125164+00:00,2026-06-11 21:05:14,2026-06-11,21,,,
live_db_signal,ic32_regime_v1,XRPUSDT,FLAT,1.0,2026-06-11T13:05:15.686578+00:00,2026-06-11 21:05:15,2026-06-11,21,,,
live_db_signal,ic32_regime_v1,ARBUSDT,FLAT,1.0,2026-06-11T13:05:17.236951+00:00,2026-06-11 21:05:17,2026-06-11,21,,,
live_db_signal,ic32_regime_v1,DOGEUSDT,FLAT,1.0,2026-06-11T13:05:18.768577+00:00,2026-06-11 21:05:18,2026-06-11,21,,,
live_db_signal,ic32_regime_v1,LINKUSDT,FLAT,1.0,2026-06-11T13:05:20.376428+00:00,2026-06-11 21:05:20,2026-06-11,21,,,
live_db_signal,ic32_regime_v1,SOLUSDT,FLAT,1.0,2026-06-11T13:05:21.966458+00:00,2026-06-11 21:05:21,2026-06-11,21,,,
live_db_signal,ic32_regime_v1,HBARUSDT,LONG,0.7747,2026-06-11T13:05:23.539752+00:00,2026-06-11 21:05:23,2026-06-11,21,,,
live_db_signal,ic32_regime_v1,ONDOUSDT,FLAT,1.0,2026-06-11T13:05:26.585273+00:00,2026-06-11 21:05:26,2026-06-11,21,,,
live_db_signal,ic32_regime_v1,ADAUSDT,FLAT,1.0,2026-06-11T13:05:28.134559+00:00,2026-06-11 21:05:28,2026-06-11,21,,,
live_db_signal,ic32_regime_v1,1000SHIBUSDT,FLAT,1.0,2026-06-11T13:05:29.628799+00:00,2026-06-11 21:05:29,2026-06-11,21,,,
live_db_signal,ic32_regime_v1,DOTUSDT,FLAT,1.0,2026-06-11T13:05:31.223259+00:00,2026-06-11 21:05:31,2026-06-11,21,,,
live_db_signal,ic32_regime_v1,TAOUSDT,FLAT,1.0,2026-06-11T13:05:32.805765+00:00,2026-06-11 21:05:32,2026-06-11,21,,,
live_db_signal,ic32_regime_v1,SUIUSDT,FLAT,1.0,2026-06-11T14:05:01.713079+00:00,2026-06-11 22:05:01,2026-06-11,22,,,
live_db_signal,ic32_regime_v1,AVAXUSDT,FLAT,1.0,2026-06-11T14:05:03.432947+00:00,2026-06-11 22:05:03,2026-06-11,22,,,
live_db_signal,ic32_regime_v1,NEARUSDT,FLAT,1.0,2026-06-11T14:05:04.967557+00:00,2026-06-11 22:05:04,2026-06-11,22,,,
live_db_signal,ic32_regime_v1,POLUSDT,FLAT,1.0,2026-06-11T14:05:06.571054+00:00,2026-06-11 22:05:06,2026-06-11,22,,,
live_db_signal,ic32_regime_v1,1000PEPEUSDT,FLAT,1.0,2026-06-11T14:05:08.075834+00:00,2026-06-11 22:05:08,2026-06-11,22,,,
live_db_signal,ic32_regime_v1,BNBUSDT,FLAT,1.0,2026-06-11T14:05:09.566765+00:00,2026-06-11 22:05:09,2026-06-11,22,,,
live_db_signal,ic32_regime_v1,ETHUSDT,FLAT,1.0,2026-06-11T14:05:11.067796+00:00,2026-06-11 22:05:11,2026-06-11,22,,,
live_db_signal,ic32_regime_v1,TONUSDT,FLAT,1.0,2026-06-11T14:05:12.537472+00:00,2026-06-11 22:05:12,2026-06-11,22,,,
live_db_signal,ic32_regime_v1,TRXUSDT,FLAT,1.0,2026-06-11T14:05:14.059568+00:00,2026-06-11 22:05:14,2026-06-11,22,,,
live_db_signal,ic32_regime_v1,XRPUSDT,FLAT,1.0,2026-06-11T14:05:15.647264+00:00,2026-06-11 22:05:15,2026-06-11,22,,,
live_db_signal,ic32_regime_v1,ARBUSDT,FLAT,1.0,2026-06-11T14:05:17.318228+00:00,2026-06-11 22:05:17,2026-06-11,22,,,
live_db_signal,ic32_regime_v1,DOGEUSDT,FLAT,1.0,2026-06-11T14:05:18.953159+00:00,2026-06-11 22:05:18,2026-06-11,22,,,
live_db_signal,ic32_regime_v1,LINKUSDT,FLAT,1.0,2026-06-11T14:05:20.463766+00:00,2026-06-11 22:05:20,2026-06-11,22,,,
live_db_signal,ic32_regime_v1,SOLUSDT,FLAT,1.0,2026-06-11T14:05:21.962398+00:00,2026-06-11 22:05:21,2026-06-11,22,,,
live_db_signal,ic32_regime_v1,HBARUSDT,LONG,0.7754,2026-06-11T14:05:23.489834+00:00,2026-06-11 22:05:23,2026-06-11,22,,,
live_db_signal,ic32_regime_v1,ONDOUSDT,FLAT,1.0,2026-06-11T14:05:27.163417+00:00,2026-06-11 22:05:27,2026-06-11,22,,,
live_db_signal,ic32_regime_v1,ADAUSDT,FLAT,1.0,2026-06-11T14:05:28.765331+00:00,2026-06-11 22:05:28,2026-06-11,22,,,
live_db_signal,ic32_regime_v1,1000SHIBUSDT,FLAT,1.0,2026-06-11T14:05:30.447554+00:00,2026-06-11 22:05:30,2026-06-11,22,,,
live_db_signal,ic32_regime_v1,DOTUSDT,FLAT,1.0,2026-06-11T14:05:32.147048+00:00,2026-06-11 22:05:32,2026-06-11,22,,,
live_db_signal,ic32_regime_v1,TAOUSDT,FLAT,1.0,2026-06-11T14:05:33.615907+00:00,2026-06-11 22:05:33,2026-06-11,22,,,
live_db_signal,ic32_regime_v1,SUIUSDT,FLAT,1.0,2026-06-11T15:05:05.118662+00:00,2026-06-11 23:05:05,2026-06-11,23,,,
live_db_signal,ic32_regime_v1,AVAXUSDT,FLAT,1.0,2026-06-11T15:05:06.573510+00:00,2026-06-11 23:05:06,2026-06-11,23,,,
live_db_signal,ic32_regime_v1,NEARUSDT,FLAT,1.0,2026-06-11T15:05:08.236931+00:00,2026-06-11 23:05:08,2026-06-11,23,,,
live_db_signal,ic32_regime_v1,POLUSDT,FLAT,1.0,2026-06-11T15:05:09.734439+00:00,2026-06-11 23:05:09,2026-06-11,23,,,
live_db_signal,ic32_regime_v1,1000PEPEUSDT,FLAT,1.0,2026-06-11T15:05:11.296342+00:00,2026-06-11 23:05:11,2026-06-11,23,,,
live_db_signal,ic32_regime_v1,BNBUSDT,LONG,0.6938,2026-06-11T15:05:12.774384+00:00,2026-06-11 23:05:12,2026-06-11,23,,,
live_db_signal,ic32_regime_v1,ETHUSDT,FLAT,1.0,2026-06-11T15:05:14.482797+00:00,2026-06-11 23:05:14,2026-06-11,23,,,
live_db_signal,ic32_regime_v1,TONUSDT,FLAT,1.0,2026-06-11T15:05:16.027549+00:00,2026-06-11 23:05:16,2026-06-11,23,,,
live_db_signal,ic32_regime_v1,TRXUSDT,FLAT,1.0,2026-06-11T15:05:17.830703+00:00,2026-06-11 23:05:17,2026-06-11,23,,,
live_db_signal,ic32_regime_v1,XRPUSDT,FLAT,1.0,2026-06-11T15:05:19.325318+00:00,2026-06-11 23:05:19,2026-06-11,23,,,
live_db_signal,ic32_regime_v1,ARBUSDT,FLAT,1.0,2026-06-11T15:05:20.777869+00:00,2026-06-11 23:05:20,2026-06-11,23,,,
live_db_signal,ic32_regime_v1,DOGEUSDT,FLAT,1.0,2026-06-11T15:05:22.257885+00:00,2026-06-11 23:05:22,2026-06-11,23,,,
live_db_signal,ic32_regime_v1,LINKUSDT,FLAT,1.0,2026-06-11T15:05:23.733275+00:00,2026-06-11 23:05:23,2026-06-11,23,,,
live_db_signal,ic32_regime_v1,SOLUSDT,FLAT,1.0,2026-06-11T15:05:25.222451+00:00,2026-06-11 23:05:25,2026-06-11,23,,,
live_db_signal,ic32_regime_v1,HBARUSDT,FLAT,1.0,2026-06-11T15:05:26.692871+00:00,2026-06-11 23:05:26,2026-06-11,23,,,
live_db_signal,ic32_regime_v1,ONDOUSDT,FLAT,1.0,2026-06-11T15:05:28.213303+00:00,2026-06-11 23:05:28,2026-06-11,23,,,
live_db_signal,ic32_regime_v1,ADAUSDT,FLAT,1.0,2026-06-11T15:05:29.664680+00:00,2026-06-11 23:05:29,2026-06-11,23,,,
live_db_signal,ic32_regime_v1,1000SHIBUSDT,FLAT,1.0,2026-06-11T15:05:31.129993+00:00,2026-06-11 23:05:31,2026-06-11,23,,,
live_db_signal,ic32_regime_v1,DOTUSDT,FLAT,1.0,2026-06-11T15:05:32.692435+00:00,2026-06-11 23:05:32,2026-06-11,23,,,
live_db_signal,ic32_regime_v1,TAOUSDT,FLAT,1.0,2026-06-11T15:05:34.327381+00:00,2026-06-11 23:05:34,2026-06-11,23,,,
live_db_signal,ic32_regime_v1,SUIUSDT,FLAT,1.0,2026-06-11T16:05:01.329878+00:00,2026-06-12 00:05:01,2026-06-12,0,,,
live_db_signal,ic32_regime_v1,AVAXUSDT,FLAT,1.0,2026-06-11T16:05:02.974062+00:00,2026-06-12 00:05:02,2026-06-12,0,,,
live_db_signal,ic32_regime_v1,NEARUSDT,FLAT,1.0,2026-06-11T16:05:05.411464+00:00,2026-06-12 00:05:05,2026-06-12,0,,,
live_db_signal,ic32_regime_v1,POLUSDT,FLAT,1.0,2026-06-11T16:05:06.841193+00:00,2026-06-12 00:05:06,2026-06-12,0,,,
live_db_signal,ic32_regime_v1,1000PEPEUSDT,FLAT,1.0,2026-06-11T16:05:08.298384+00:00,2026-06-12 00:05:08,2026-06-12,0,,,
live_db_signal,ic32_regime_v1,BNBUSDT,FLAT,1.0,2026-06-11T16:05:09.875650+00:00,2026-06-12 00:05:09,2026-06-12,0,,,
live_db_signal,ic32_regime_v1,ETHUSDT,FLAT,1.0,2026-06-11T16:05:11.351231+00:00,2026-06-12 00:05:11,2026-06-12,0,,,
live_db_signal,ic32_regime_v1,TONUSDT,FLAT,1.0,2026-06-11T16:05:12.876900+00:00,2026-06-12 00:05:12,2026-06-12,0,,,
live_db_signal,ic32_regime_v1,TRXUSDT,FLAT,1.0,2026-06-11T16:05:14.334694+00:00,2026-06-12 00:05:14,2026-06-12,0,,,
live_db_signal,ic32_regime_v1,XRPUSDT,FLAT,1.0,2026-06-11T16:05:15.780492+00:00,2026-06-12 00:05:15,2026-06-12,0,,,
live_db_signal,ic32_regime_v1,ARBUSDT,FLAT,1.0,2026-06-11T16:05:17.244024+00:00,2026-06-12 00:05:17,2026-06-12,0,,,
live_db_signal,ic32_regime_v1,DOGEUSDT,FLAT,1.0,2026-06-11T16:05:18.717009+00:00,2026-06-12 00:05:18,2026-06-12,0,,,
live_db_signal,ic32_regime_v1,LINKUSDT,FLAT,1.0,2026-06-11T16:05:20.236522+00:00,2026-06-12 00:05:20,2026-06-12,0,,,
live_db_signal,ic32_regime_v1,SOLUSDT,FLAT,1.0,2026-06-11T16:05:21.633883+00:00,2026-06-12 00:05:21,2026-06-12,0,,,
live_db_signal,ic32_regime_v1,HBARUSDT,FLAT,1.0,2026-06-11T16:05:23.160888+00:00,2026-06-12 00:05:23,2026-06-12,0,,,
live_db_signal,ic32_regime_v1,ONDOUSDT,FLAT,1.0,2026-06-11T16:05:24.628370+00:00,2026-06-12 00:05:24,2026-06-12,0,,,
live_db_signal,ic32_regime_v1,ADAUSDT,FLAT,1.0,2026-06-11T16:05:26.078372+00:00,2026-06-12 00:05:26,2026-06-12,0,,,
live_db_signal,ic32_regime_v1,1000SHIBUSDT,FLAT,1.0,2026-06-11T16:05:27.510549+00:00,2026-06-12 00:05:27,2026-06-12,0,,,
live_db_signal,ic32_regime_v1,DOTUSDT,FLAT,1.0,2026-06-11T16:05:28.937256+00:00,2026-06-12 00:05:28,2026-06-12,0,,,
live_db_signal,ic32_regime_v1,TAOUSDT,FLAT,1.0,2026-06-11T16:05:30.418008+00:00,2026-06-12 00:05:30,2026-06-12,0,,,
live_db_signal,ic32_regime_v1,SUIUSDT,FLAT,1.0,2026-06-11T17:05:01.367821+00:00,2026-06-12 01:05:01,2026-06-12,1,,,
live_db_signal,ic32_regime_v1,AVAXUSDT,FLAT,1.0,2026-06-11T17:05:02.932320+00:00,2026-06-12 01:05:02,2026-06-12,1,,,
live_db_signal,ic32_regime_v1,NEARUSDT,FLAT,1.0,2026-06-11T17:05:04.430314+00:00,2026-06-12 01:05:04,2026-06-12,1,,,
live_db_signal,ic32_regime_v1,POLUSDT,FLAT,1.0,2026-06-11T17:05:05.932291+00:00,2026-06-12 01:05:05,2026-06-12,1,,,
live_db_signal,ic32_regime_v1,1000PEPEUSDT,FLAT,1.0,2026-06-11T17:05:07.447233+00:00,2026-06-12 01:05:07,2026-06-12,1,,,
live_db_signal,ic32_regime_v1,BNBUSDT,FLAT,1.0,2026-06-11T17:05:08.940557+00:00,2026-06-12 01:05:08,2026-06-12,1,,,
live_db_signal,ic32_regime_v1,ETHUSDT,FLAT,1.0,2026-06-11T17:05:10.431160+00:00,2026-06-12 01:05:10,2026-06-12,1,,,
live_db_signal,ic32_regime_v1,TONUSDT,FLAT,1.0,2026-06-11T17:05:12.013431+00:00,2026-06-12 01:05:12,2026-06-12,1,,,
live_db_signal,ic32_regime_v1,TRXUSDT,FLAT,1.0,2026-06-11T17:05:13.527540+00:00,2026-06-12 01:05:13,2026-06-12,1,,,
live_db_signal,ic32_regime_v1,XRPUSDT,FLAT,1.0,2026-06-11T17:05:15.166310+00:00,2026-06-12 01:05:15,2026-06-12,1,,,
live_db_signal,ic32_regime_v1,ARBUSDT,FLAT,1.0,2026-06-11T17:05:16.690747+00:00,2026-06-12 01:05:16,2026-06-12,1,,,
live_db_signal,ic32_regime_v1,DOGEUSDT,FLAT,1.0,2026-06-11T17:05:18.214218+00:00,2026-06-12 01:05:18,2026-06-12,1,,,
live_db_signal,ic32_regime_v1,LINKUSDT,FLAT,1.0,2026-06-11T17:05:19.647452+00:00,2026-06-12 01:05:19,2026-06-12,1,,,
live_db_signal,ic32_regime_v1,SOLUSDT,FLAT,1.0,2026-06-11T17:05:21.178175+00:00,2026-06-12 01:05:21,2026-06-12,1,,,
live_db_signal,ic32_regime_v1,HBARUSDT,FLAT,1.0,2026-06-11T17:05:22.687827+00:00,2026-06-12 01:05:22,2026-06-12,1,,,
live_db_signal,ic32_regime_v1,ONDOUSDT,FLAT,1.0,2026-06-11T17:05:24.257078+00:00,2026-06-12 01:05:24,2026-06-12,1,,,
live_db_signal,ic32_regime_v1,ADAUSDT,FLAT,1.0,2026-06-11T17:05:25.763901+00:00,2026-06-12 01:05:25,2026-06-12,1,,,
live_db_signal,ic32_regime_v1,1000SHIBUSDT,FLAT,1.0,2026-06-11T17:05:27.251120+00:00,2026-06-12 01:05:27,2026-06-12,1,,,
live_db_signal,ic32_regime_v1,DOTUSDT,LONG,0.7971,2026-06-11T17:05:28.747857+00:00,2026-06-12 01:05:28,2026-06-12,1,,,
live_db_signal,ic32_regime_v1,TAOUSDT,FLAT,1.0,2026-06-11T17:05:31.801504+00:00,2026-06-12 01:05:31,2026-06-12,1,,,
live_db_signal,ic32_regime_v1,SUIUSDT,FLAT,1.0,2026-06-11T18:05:01.207104+00:00,2026-06-12 02:05:01,2026-06-12,2,,,
live_db_signal,ic32_regime_v1,AVAXUSDT,FLAT,1.0,2026-06-11T18:05:02.847704+00:00,2026-06-12 02:05:02,2026-06-12,2,,,
live_db_signal,ic32_regime_v1,NEARUSDT,FLAT,1.0,2026-06-11T18:05:04.330601+00:00,2026-06-12 02:05:04,2026-06-12,2,,,
live_db_signal,ic32_regime_v1,POLUSDT,FLAT,1.0,2026-06-11T18:05:05.737147+00:00,2026-06-12 02:05:05,2026-06-12,2,,,
live_db_signal,ic32_regime_v1,1000PEPEUSDT,FLAT,1.0,2026-06-11T18:05:07.160145+00:00,2026-06-12 02:05:07,2026-06-12,2,,,
live_db_signal,ic32_regime_v1,BNBUSDT,FLAT,1.0,2026-06-11T18:05:08.572862+00:00,2026-06-12 02:05:08,2026-06-12,2,,,
live_db_signal,ic32_regime_v1,ETHUSDT,FLAT,1.0,2026-06-11T18:05:10.376205+00:00,2026-06-12 02:05:10,2026-06-12,2,,,
live_db_signal,ic32_regime_v1,TONUSDT,FLAT,1.0,2026-06-11T18:05:11.865551+00:00,2026-06-12 02:05:11,2026-06-12,2,,,
live_db_signal,ic32_regime_v1,TRXUSDT,FLAT,1.0,2026-06-11T18:05:13.502299+00:00,2026-06-12 02:05:13,2026-06-12,2,,,
live_db_signal,ic32_regime_v1,XRPUSDT,FLAT,1.0,2026-06-11T18:05:14.962593+00:00,2026-06-12 02:05:14,2026-06-12,2,,,
live_db_signal,ic32_regime_v1,ARBUSDT,LONG,0.7768,2026-06-11T18:05:16.481712+00:00,2026-06-12 02:05:16,2026-06-12,2,,,
live_db_signal,ic32_regime_v1,DOGEUSDT,FLAT,1.0,2026-06-11T18:05:17.905423+00:00,2026-06-12 02:05:17,2026-06-12,2,,,
live_db_signal,ic32_regime_v1,LINKUSDT,FLAT,1.0,2026-06-11T18:05:19.358797+00:00,2026-06-12 02:05:19,2026-06-12,2,,,
live_db_signal,ic32_regime_v1,SOLUSDT,FLAT,1.0,2026-06-11T18:05:20.772164+00:00,2026-06-12 02:05:20,2026-06-12,2,,,
live_db_signal,ic32_regime_v1,HBARUSDT,FLAT,1.0,2026-06-11T18:05:22.188012+00:00,2026-06-12 02:05:22,2026-06-12,2,,,
live_db_signal,ic32_regime_v1,ONDOUSDT,FLAT,1.0,2026-06-11T18:05:23.626819+00:00,2026-06-12 02:05:23,2026-06-12,2,,,
live_db_signal,ic32_regime_v1,ADAUSDT,FLAT,1.0,2026-06-11T18:05:25.045838+00:00,2026-06-12 02:05:25,2026-06-12,2,,,
live_db_signal,ic32_regime_v1,1000SHIBUSDT,FLAT,1.0,2026-06-11T18:05:26.617522+00:00,2026-06-12 02:05:26,2026-06-12,2,,,
live_db_signal,ic32_regime_v1,DOTUSDT,FLAT,1.0,2026-06-11T18:05:28.210065+00:00,2026-06-12 02:05:28,2026-06-12,2,,,
live_db_signal,ic32_regime_v1,TAOUSDT,FLAT,1.0,2026-06-11T18:05:29.675669+00:00,2026-06-12 02:05:29,2026-06-12,2,,,
live_db_signal,ic32_regime_v1,SUIUSDT,FLAT,1.0,2026-06-11T19:05:01.212055+00:00,2026-06-12 03:05:01,2026-06-12,3,,,
live_db_signal,ic32_regime_v1,AVAXUSDT,FLAT,1.0,2026-06-11T19:05:03.093861+00:00,2026-06-12 03:05:03,2026-06-12,3,,,
live_db_signal,ic32_regime_v1,NEARUSDT,FLAT,1.0,2026-06-11T19:05:04.582045+00:00,2026-06-12 03:05:04,2026-06-12,3,,,
live_db_signal,ic32_regime_v1,POLUSDT,FLAT,1.0,2026-06-11T19:05:06.061051+00:00,2026-06-12 03:05:06,2026-06-12,3,,,
live_db_signal,ic32_regime_v1,1000PEPEUSDT,FLAT,1.0,2026-06-11T19:05:07.631373+00:00,2026-06-12 03:05:07,2026-06-12,3,,,
live_db_signal,ic32_regime_v1,BNBUSDT,FLAT,1.0,2026-06-11T19:05:09.101918+00:00,2026-06-12 03:05:09,2026-06-12,3,,,
live_db_signal,ic32_regime_v1,ETHUSDT,FLAT,1.0,2026-06-11T19:05:10.618745+00:00,2026-06-12 03:05:10,2026-06-12,3,,,
live_db_signal,ic32_regime_v1,TONUSDT,FLAT,1.0,2026-06-11T19:05:12.210785+00:00,2026-06-12 03:05:12,2026-06-12,3,,,
live_db_signal,ic32_regime_v1,TRXUSDT,FLAT,1.0,2026-06-11T19:05:13.896291+00:00,2026-06-12 03:05:13,2026-06-12,3,,,
live_db_signal,ic32_regime_v1,XRPUSDT,FLAT,1.0,2026-06-11T19:05:15.376212+00:00,2026-06-12 03:05:15,2026-06-12,3,,,
live_db_signal,ic32_regime_v1,ARBUSDT,FLAT,1.0,2026-06-11T19:05:17.018235+00:00,2026-06-12 03:05:17,2026-06-12,3,,,
live_db_signal,ic32_regime_v1,DOGEUSDT,FLAT,1.0,2026-06-11T19:05:18.474372+00:00,2026-06-12 03:05:18,2026-06-12,3,,,
live_db_signal,ic32_regime_v1,LINKUSDT,FLAT,1.0,2026-06-11T19:05:20.000440+00:00,2026-06-12 03:05:20,2026-06-12,3,,,
live_db_signal,ic32_regime_v1,SOLUSDT,FLAT,1.0,2026-06-11T19:05:21.507977+00:00,2026-06-12 03:05:21,2026-06-12,3,,,
live_db_signal,ic32_regime_v1,HBARUSDT,FLAT,1.0,2026-06-11T19:05:23.035700+00:00,2026-06-12 03:05:23,2026-06-12,3,,,
live_db_signal,ic32_regime_v1,ONDOUSDT,FLAT,1.0,2026-06-11T19:05:24.527774+00:00,2026-06-12 03:05:24,2026-06-12,3,,,
live_db_signal,ic32_regime_v1,ADAUSDT,FLAT,1.0,2026-06-11T19:05:25.983589+00:00,2026-06-12 03:05:25,2026-06-12,3,,,
live_db_signal,ic32_regime_v1,1000SHIBUSDT,FLAT,1.0,2026-06-11T19:05:27.549174+00:00,2026-06-12 03:05:27,2026-06-12,3,,,
live_db_signal,ic32_regime_v1,DOTUSDT,FLAT,1.0,2026-06-11T19:05:29.089359+00:00,2026-06-12 03:05:29,2026-06-12,3,,,
live_db_signal,ic32_regime_v1,TAOUSDT,FLAT,1.0,2026-06-11T19:05:30.580752+00:00,2026-06-12 03:05:30,2026-06-12,3,,,
live_db_signal,ic32_regime_v1,SUIUSDT,FLAT,1.0,2026-06-11T20:05:01.279519+00:00,2026-06-12 04:05:01,2026-06-12,4,,,
live_db_signal,ic32_regime_v1,AVAXUSDT,FLAT,1.0,2026-06-11T20:05:03.623666+00:00,2026-06-12 04:05:03,2026-06-12,4,,,
live_db_signal,ic32_regime_v1,NEARUSDT,FLAT,1.0,2026-06-11T20:05:05.197635+00:00,2026-06-12 04:05:05,2026-06-12,4,,,
live_db_signal,ic32_regime_v1,POLUSDT,FLAT,1.0,2026-06-11T20:05:06.678617+00:00,2026-06-12 04:05:06,2026-06-12,4,,,
live_db_signal,ic32_regime_v1,1000PEPEUSDT,FLAT,1.0,2026-06-11T20:05:08.211213+00:00,2026-06-12 04:05:08,2026-06-12,4,,,
live_db_signal,ic32_regime_v1,BNBUSDT,FLAT,1.0,2026-06-11T20:05:09.658444+00:00,2026-06-12 04:05:09,2026-06-12,4,,,
live_db_signal,ic32_regime_v1,ETHUSDT,FLAT,1.0,2026-06-11T20:05:11.136104+00:00,2026-06-12 04:05:11,2026-06-12,4,,,
live_db_signal,ic32_regime_v1,TONUSDT,FLAT,1.0,2026-06-11T20:05:12.616097+00:00,2026-06-12 04:05:12,2026-06-12,4,,,
live_db_signal,ic32_regime_v1,TRXUSDT,FLAT,1.0,2026-06-11T20:05:14.112617+00:00,2026-06-12 04:05:14,2026-06-12,4,,,
live_db_signal,ic32_regime_v1,XRPUSDT,FLAT,1.0,2026-06-11T20:05:15.563400+00:00,2026-06-12 04:05:15,2026-06-12,4,,,
live_db_signal,ic32_regime_v1,ARBUSDT,FLAT,1.0,2026-06-11T20:05:17.139934+00:00,2026-06-12 04:05:17,2026-06-12,4,,,
live_db_signal,ic32_regime_v1,DOGEUSDT,FLAT,1.0,2026-06-11T20:05:18.597278+00:00,2026-06-12 04:05:18,2026-06-12,4,,,
live_db_signal,ic32_regime_v1,LINKUSDT,FLAT,1.0,2026-06-11T20:05:20.032284+00:00,2026-06-12 04:05:20,2026-06-12,4,,,
live_db_signal,ic32_regime_v1,SOLUSDT,FLAT,1.0,2026-06-11T20:05:21.456519+00:00,2026-06-12 04:05:21,2026-06-12,4,,,
live_db_signal,ic32_regime_v1,HBARUSDT,FLAT,1.0,2026-06-11T20:05:22.870446+00:00,2026-06-12 04:05:22,2026-06-12,4,,,
live_db_signal,ic32_regime_v1,ONDOUSDT,FLAT,1.0,2026-06-11T20:05:24.278872+00:00,2026-06-12 04:05:24,2026-06-12,4,,,
live_db_signal,ic32_regime_v1,ADAUSDT,FLAT,1.0,2026-06-11T20:05:25.831218+00:00,2026-06-12 04:05:25,2026-06-12,4,,,
live_db_signal,ic32_regime_v1,1000SHIBUSDT,FLAT,1.0,2026-06-11T20:05:27.286731+00:00,2026-06-12 04:05:27,2026-06-12,4,,,
live_db_signal,ic32_regime_v1,DOTUSDT,FLAT,1.0,2026-06-11T20:05:28.708446+00:00,2026-06-12 04:05:28,2026-06-12,4,,,
live_db_signal,ic32_regime_v1,TAOUSDT,FLAT,1.0,2026-06-11T20:05:30.154961+00:00,2026-06-12 04:05:30,2026-06-12,4,,,
live_db_signal,ic32_regime_v1,SUIUSDT,SHORT,0.6505,2026-06-11T21:05:01.722263+00:00,2026-06-12 05:05:01,2026-06-12,5,,,
live_db_signal,ic32_regime_v1,AVAXUSDT,FLAT,1.0,2026-06-11T21:05:04.755649+00:00,2026-06-12 05:05:04,2026-06-12,5,,,
live_db_signal,ic32_regime_v1,NEARUSDT,FLAT,1.0,2026-06-11T21:05:06.210908+00:00,2026-06-12 05:05:06,2026-06-12,5,,,
live_db_signal,ic32_regime_v1,POLUSDT,FLAT,1.0,2026-06-11T21:05:07.684030+00:00,2026-06-12 05:05:07,2026-06-12,5,,,
live_db_signal,ic32_regime_v1,1000PEPEUSDT,FLAT,1.0,2026-06-11T21:05:09.143619+00:00,2026-06-12 05:05:09,2026-06-12,5,,,
live_db_signal,ic32_regime_v1,BNBUSDT,SHORT,0.7,2026-06-11T21:05:10.701605+00:00,2026-06-12 05:05:10,2026-06-12,5,,,
live_db_signal,ic32_regime_v1,ETHUSDT,FLAT,1.0,2026-06-11T21:05:13.578637+00:00,2026-06-12 05:05:13,2026-06-12,5,,,
live_db_signal,ic32_regime_v1,TONUSDT,FLAT,1.0,2026-06-11T21:05:15.059223+00:00,2026-06-12 05:05:15,2026-06-12,5,,,
live_db_signal,ic32_regime_v1,TRXUSDT,FLAT,1.0,2026-06-11T21:05:16.549304+00:00,2026-06-12 05:05:16,2026-06-12,5,,,
live_db_signal,ic32_regime_v1,XRPUSDT,FLAT,1.0,2026-06-11T21:05:17.953579+00:00,2026-06-12 05:05:17,2026-06-12,5,,,
live_db_signal,ic32_regime_v1,ARBUSDT,FLAT,1.0,2026-06-11T21:05:19.428292+00:00,2026-06-12 05:05:19,2026-06-12,5,,,
live_db_signal,ic32_regime_v1,DOGEUSDT,FLAT,1.0,2026-06-11T21:05:20.965391+00:00,2026-06-12 05:05:20,2026-06-12,5,,,
live_db_signal,ic32_regime_v1,LINKUSDT,FLAT,1.0,2026-06-11T21:05:22.523388+00:00,2026-06-12 05:05:22,2026-06-12,5,,,
live_db_signal,ic32_regime_v1,SOLUSDT,FLAT,1.0,2026-06-11T21:05:24.024445+00:00,2026-06-12 05:05:24,2026-06-12,5,,,
live_db_signal,ic32_regime_v1,HBARUSDT,FLAT,1.0,2026-06-11T21:05:25.455778+00:00,2026-06-12 05:05:25,2026-06-12,5,,,
live_db_signal,ic32_regime_v1,ONDOUSDT,FLAT,1.0,2026-06-11T21:05:26.889955+00:00,2026-06-12 05:05:26,2026-06-12,5,,,
live_db_signal,ic32_regime_v1,ADAUSDT,FLAT,1.0,2026-06-11T21:05:28.312670+00:00,2026-06-12 05:05:28,2026-06-12,5,,,
live_db_signal,ic32_regime_v1,1000SHIBUSDT,FLAT,1.0,2026-06-11T21:05:29.727330+00:00,2026-06-12 05:05:29,2026-06-12,5,,,
live_db_signal,ic32_regime_v1,DOTUSDT,FLAT,1.0,2026-06-11T21:05:31.173374+00:00,2026-06-12 05:05:31,2026-06-12,5,,,
live_db_signal,ic32_regime_v1,TAOUSDT,FLAT,1.0,2026-06-11T21:05:32.550003+00:00,2026-06-12 05:05:32,2026-06-12,5,,,
live_db_signal,ic32_regime_v1,SUIUSDT,FLAT,1.0,2026-06-11T22:05:01.353304+00:00,2026-06-12 06:05:01,2026-06-12,6,,,
live_db_signal,ic32_regime_v1,AVAXUSDT,FLAT,1.0,2026-06-11T22:05:03.779124+00:00,2026-06-12 06:05:03,2026-06-12,6,,,
live_db_signal,ic32_regime_v1,NEARUSDT,FLAT,1.0,2026-06-11T22:05:05.357787+00:00,2026-06-12 06:05:05,2026-06-12,6,,,
live_db_signal,ic32_regime_v1,POLUSDT,FLAT,1.0,2026-06-11T22:05:06.817161+00:00,2026-06-12 06:05:06,2026-06-12,6,,,
live_db_signal,ic32_regime_v1,1000PEPEUSDT,FLAT,1.0,2026-06-11T22:05:08.380121+00:00,2026-06-12 06:05:08,2026-06-12,6,,,
live_db_signal,ic32_regime_v1,BNBUSDT,FLAT,1.0,2026-06-11T22:05:09.883817+00:00,2026-06-12 06:05:09,2026-06-12,6,,,
live_db_signal,ic32_regime_v1,ETHUSDT,FLAT,1.0,2026-06-11T22:05:11.341751+00:00,2026-06-12 06:05:11,2026-06-12,6,,,
live_db_signal,ic32_regime_v1,TONUSDT,FLAT,1.0,2026-06-11T22:05:12.752226+00:00,2026-06-12 06:05:12,2026-06-12,6,,,
live_db_signal,ic32_regime_v1,TRXUSDT,FLAT,1.0,2026-06-11T22:05:14.209054+00:00,2026-06-12 06:05:14,2026-06-12,6,,,
live_db_signal,ic32_regime_v1,XRPUSDT,FLAT,1.0,2026-06-11T22:05:15.667784+00:00,2026-06-12 06:05:15,2026-06-12,6,,,
live_db_signal,ic32_regime_v1,ARBUSDT,FLAT,1.0,2026-06-11T22:05:17.113050+00:00,2026-06-12 06:05:17,2026-06-12,6,,,
live_db_signal,ic32_regime_v1,DOGEUSDT,FLAT,1.0,2026-06-11T22:05:18.616847+00:00,2026-06-12 06:05:18,2026-06-12,6,,,
live_db_signal,ic32_regime_v1,LINKUSDT,FLAT,1.0,2026-06-11T22:05:20.111142+00:00,2026-06-12 06:05:20,2026-06-12,6,,,
live_db_signal,ic32_regime_v1,SOLUSDT,FLAT,1.0,2026-06-11T22:05:21.535839+00:00,2026-06-12 06:05:21,2026-06-12,6,,,
live_db_signal,ic32_regime_v1,HBARUSDT,FLAT,1.0,2026-06-11T22:05:22.956097+00:00,2026-06-12 06:05:22,2026-06-12,6,,,
live_db_signal,ic32_regime_v1,ONDOUSDT,FLAT,1.0,2026-06-11T22:05:24.379918+00:00,2026-06-12 06:05:24,2026-06-12,6,,,
live_db_signal,ic32_regime_v1,ADAUSDT,FLAT,1.0,2026-06-11T22:05:25.844799+00:00,2026-06-12 06:05:25,2026-06-12,6,,,
live_db_signal,ic32_regime_v1,1000SHIBUSDT,FLAT,1.0,2026-06-11T22:05:27.284066+00:00,2026-06-12 06:05:27,2026-06-12,6,,,
live_db_signal,ic32_regime_v1,DOTUSDT,FLAT,1.0,2026-06-11T22:05:28.710319+00:00,2026-06-12 06:05:28,2026-06-12,6,,,
live_db_signal,ic32_regime_v1,TAOUSDT,FLAT,1.0,2026-06-11T22:05:30.119894+00:00,2026-06-12 06:05:30,2026-06-12,6,,,
live_db_signal,ic32_regime_v1,SUIUSDT,FLAT,1.0,2026-06-11T23:05:01.537649+00:00,2026-06-12 07:05:01,2026-06-12,7,,,
live_db_signal,ic32_regime_v1,AVAXUSDT,FLAT,1.0,2026-06-11T23:05:03.097492+00:00,2026-06-12 07:05:03,2026-06-12,7,,,
live_db_signal,ic32_regime_v1,NEARUSDT,FLAT,1.0,2026-06-11T23:05:04.563054+00:00,2026-06-12 07:05:04,2026-06-12,7,,,
live_db_signal,ic32_regime_v1,POLUSDT,FLAT,1.0,2026-06-11T23:05:06.005275+00:00,2026-06-12 07:05:06,2026-06-12,7,,,
live_db_signal,ic32_regime_v1,1000PEPEUSDT,FLAT,1.0,2026-06-11T23:05:07.548233+00:00,2026-06-12 07:05:07,2026-06-12,7,,,
live_db_signal,ic32_regime_v1,BNBUSDT,FLAT,1.0,2026-06-11T23:05:08.997912+00:00,2026-06-12 07:05:08,2026-06-12,7,,,
live_db_signal,ic32_regime_v1,ETHUSDT,FLAT,1.0,2026-06-11T23:05:10.541941+00:00,2026-06-12 07:05:10,2026-06-12,7,,,
live_db_signal,ic32_regime_v1,TONUSDT,FLAT,1.0,2026-06-11T23:05:11.958189+00:00,2026-06-12 07:05:11,2026-06-12,7,,,
live_db_signal,ic32_regime_v1,TRXUSDT,FLAT,1.0,2026-06-11T23:05:13.402781+00:00,2026-06-12 07:05:13,2026-06-12,7,,,
live_db_signal,ic32_regime_v1,XRPUSDT,FLAT,1.0,2026-06-11T23:05:14.844780+00:00,2026-06-12 07:05:14,2026-06-12,7,,,
live_db_signal,ic32_regime_v1,ARBUSDT,FLAT,1.0,2026-06-11T23:05:16.323448+00:00,2026-06-12 07:05:16,2026-06-12,7,,,
live_db_signal,ic32_regime_v1,DOGEUSDT,FLAT,1.0,2026-06-11T23:05:17.727542+00:00,2026-06-12 07:05:17,2026-06-12,7,,,
live_db_signal,ic32_regime_v1,LINKUSDT,FLAT,1.0,2026-06-11T23:05:19.152726+00:00,2026-06-12 07:05:19,2026-06-12,7,,,
live_db_signal,ic32_regime_v1,SOLUSDT,FLAT,1.0,2026-06-11T23:05:20.575364+00:00,2026-06-12 07:05:20,2026-06-12,7,,,
live_db_signal,ic32_regime_v1,HBARUSDT,FLAT,1.0,2026-06-11T23:05:21.993074+00:00,2026-06-12 07:05:21,2026-06-12,7,,,
live_db_signal,ic32_regime_v1,ONDOUSDT,FLAT,1.0,2026-06-11T23:05:23.402809+00:00,2026-06-12 07:05:23,2026-06-12,7,,,
live_db_signal,ic32_regime_v1,ADAUSDT,FLAT,1.0,2026-06-11T23:05:24.845090+00:00,2026-06-12 07:05:24,2026-06-12,7,,,
live_db_signal,ic32_regime_v1,1000SHIBUSDT,FLAT,1.0,2026-06-11T23:05:26.307537+00:00,2026-06-12 07:05:26,2026-06-12,7,,,
live_db_signal,ic32_regime_v1,DOTUSDT,FLAT,1.0,2026-06-11T23:05:27.848994+00:00,2026-06-12 07:05:27,2026-06-12,7,,,
live_db_signal,ic32_regime_v1,TAOUSDT,FLAT,1.0,2026-06-11T23:05:29.329687+00:00,2026-06-12 07:05:29,2026-06-12,7,,,
live_db_signal,ic32_regime_v1,SUIUSDT,FLAT,0.4145,2026-06-12T00:05:01.372119+00:00,2026-06-12 08:05:01,2026-06-12,8,,,
live_db_signal,ic32_regime_v1,AVAXUSDT,FLAT,1.0,2026-06-12T00:05:02.967143+00:00,2026-06-12 08:05:02,2026-06-12,8,,,
live_db_signal,ic32_regime_v1,NEARUSDT,FLAT,1.0,2026-06-12T00:05:04.547715+00:00,2026-06-12 08:05:04,2026-06-12,8,,,
live_db_signal,ic32_regime_v1,POLUSDT,FLAT,1.0,2026-06-12T00:05:06.011420+00:00,2026-06-12 08:05:06,2026-06-12,8,,,
live_db_signal,ic32_regime_v1,1000PEPEUSDT,SHORT,0.6418,2026-06-12T00:05:07.529754+00:00,2026-06-12 08:05:07,2026-06-12,8,,,
live_db_signal,ic32_regime_v1,BNBUSDT,FLAT,1.0,2026-06-12T00:05:10.424856+00:00,2026-06-12 08:05:10,2026-06-12,8,,,
live_db_signal,ic32_regime_v1,ETHUSDT,FLAT,1.0,2026-06-12T00:05:11.883195+00:00,2026-06-12 08:05:11,2026-06-12,8,,,
live_db_signal,ic32_regime_v1,TONUSDT,FLAT,1.0,2026-06-12T00:05:13.387596+00:00,2026-06-12 08:05:13,2026-06-12,8,,,
live_db_signal,ic32_regime_v1,TRXUSDT,SHORT,0.5955,2026-06-12T00:05:14.851866+00:00,2026-06-12 08:05:14,2026-06-12,8,,,
live_db_signal,ic32_regime_v1,XRPUSDT,FLAT,1.0,2026-06-12T00:05:17.692114+00:00,2026-06-12 08:05:17,2026-06-12,8,,,
live_db_signal,ic32_regime_v1,ARBUSDT,FLAT,0.3886,2026-06-12T00:05:19.184528+00:00,2026-06-12 08:05:19,2026-06-12,8,,,
live_db_signal,ic32_regime_v1,DOGEUSDT,FLAT,1.0,2026-06-12T00:05:20.622864+00:00,2026-06-12 08:05:20,2026-06-12,8,,,
live_db_signal,ic32_regime_v1,LINKUSDT,FLAT,1.0,2026-06-12T00:05:22.047289+00:00,2026-06-12 08:05:22,2026-06-12,8,,,
live_db_signal,ic32_regime_v1,SOLUSDT,FLAT,1.0,2026-06-12T00:05:23.501286+00:00,2026-06-12 08:05:23,2026-06-12,8,,,
live_db_signal,ic32_regime_v1,HBARUSDT,FLAT,1.0,2026-06-12T00:05:24.925653+00:00,2026-06-12 08:05:24,2026-06-12,8,,,
live_db_signal,ic32_regime_v1,ONDOUSDT,FLAT,1.0,2026-06-12T00:05:26.367918+00:00,2026-06-12 08:05:26,2026-06-12,8,,,
live_db_signal,ic32_regime_v1,ADAUSDT,FLAT,1.0,2026-06-12T00:05:27.908531+00:00,2026-06-12 08:05:27,2026-06-12,8,,,
live_db_signal,ic32_regime_v1,1000SHIBUSDT,FLAT,1.0,2026-06-12T00:05:29.403819+00:00,2026-06-12 08:05:29,2026-06-12,8,,,
live_db_signal,ic32_regime_v1,DOTUSDT,FLAT,1.0,2026-06-12T00:05:30.816370+00:00,2026-06-12 08:05:30,2026-06-12,8,,,
live_db_signal,ic32_regime_v1,TAOUSDT,FLAT,1.0,2026-06-12T00:05:32.420933+00:00,2026-06-12 08:05:32,2026-06-12,8,,,
live_db_signal,ic32_regime_v1,SUIUSDT,LONG,0.7108,2026-06-12T01:05:01.261633+00:00,2026-06-12 09:05:01,2026-06-12,9,,,
live_db_signal,ic32_regime_v1,AVAXUSDT,FLAT,1.0,2026-06-12T01:05:04.645345+00:00,2026-06-12 09:05:04,2026-06-12,9,,,
live_db_signal,ic32_regime_v1,NEARUSDT,FLAT,1.0,2026-06-12T01:05:06.181304+00:00,2026-06-12 09:05:06,2026-06-12,9,,,
live_db_signal,ic32_regime_v1,POLUSDT,FLAT,1.0,2026-06-12T01:05:07.667274+00:00,2026-06-12 09:05:07,2026-06-12,9,,,
live_db_signal,ic32_regime_v1,1000PEPEUSDT,FLAT,1.0,2026-06-12T01:05:09.138306+00:00,2026-06-12 09:05:09,2026-06-12,9,,,
live_db_signal,ic32_regime_v1,BNBUSDT,FLAT,1.0,2026-06-12T01:05:10.647563+00:00,2026-06-12 09:05:10,2026-06-12,9,,,
live_db_signal,ic32_regime_v1,ETHUSDT,FLAT,1.0,2026-06-12T01:05:12.133402+00:00,2026-06-12 09:05:12,2026-06-12,9,,,
live_db_signal,ic32_regime_v1,TONUSDT,FLAT,1.0,2026-06-12T01:05:13.576126+00:00,2026-06-12 09:05:13,2026-06-12,9,,,
live_db_signal,ic32_regime_v1,TRXUSDT,FLAT,1.0,2026-06-12T01:05:15.170765+00:00,2026-06-12 09:05:15,2026-06-12,9,,,
live_db_signal,ic32_regime_v1,XRPUSDT,FLAT,1.0,2026-06-12T01:05:16.600835+00:00,2026-06-12 09:05:16,2026-06-12,9,,,
live_db_signal,ic32_regime_v1,ARBUSDT,FLAT,1.0,2026-06-12T01:05:18.152553+00:00,2026-06-12 09:05:18,2026-06-12,9,,,
live_db_signal,ic32_regime_v1,DOGEUSDT,FLAT,1.0,2026-06-12T01:05:19.740237+00:00,2026-06-12 09:05:19,2026-06-12,9,,,
live_db_signal,ic32_regime_v1,LINKUSDT,FLAT,1.0,2026-06-12T01:05:21.279295+00:00,2026-06-12 09:05:21,2026-06-12,9,,,
live_db_signal,ic32_regime_v1,SOLUSDT,FLAT,1.0,2026-06-12T01:05:22.737734+00:00,2026-06-12 09:05:22,2026-06-12,9,,,
live_db_signal,ic32_regime_v1,HBARUSDT,FLAT,1.0,2026-06-12T01:05:24.356196+00:00,2026-06-12 09:05:24,2026-06-12,9,,,
live_db_signal,ic32_regime_v1,ONDOUSDT,FLAT,1.0,2026-06-12T01:05:25.823109+00:00,2026-06-12 09:05:25,2026-06-12,9,,,
live_db_signal,ic32_regime_v1,ADAUSDT,FLAT,1.0,2026-06-12T01:05:27.288003+00:00,2026-06-12 09:05:27,2026-06-12,9,,,
live_db_signal,ic32_regime_v1,1000SHIBUSDT,FLAT,1.0,2026-06-12T01:05:28.770029+00:00,2026-06-12 09:05:28,2026-06-12,9,,,
live_db_signal,ic32_regime_v1,DOTUSDT,FLAT,1.0,2026-06-12T01:05:30.271521+00:00,2026-06-12 09:05:30,2026-06-12,9,,,
live_db_signal,ic32_regime_v1,TAOUSDT,FLAT,1.0,2026-06-12T01:05:31.732028+00:00,2026-06-12 09:05:31,2026-06-12,9,,,
live_db_signal,ic32_regime_v1,SUIUSDT,LONG,0.811,2026-06-12T02:05:01.572356+00:00,2026-06-12 10:05:01,2026-06-12,10,,,
live_db_signal,ic32_regime_v1,AVAXUSDT,FLAT,1.0,2026-06-12T02:05:05.381955+00:00,2026-06-12 10:05:05,2026-06-12,10,,,
live_db_signal,ic32_regime_v1,NEARUSDT,FLAT,1.0,2026-06-12T02:05:06.900283+00:00,2026-06-12 10:05:06,2026-06-12,10,,,
live_db_signal,ic32_regime_v1,POLUSDT,FLAT,1.0,2026-06-12T02:05:08.409425+00:00,2026-06-12 10:05:08,2026-06-12,10,,,
live_db_signal,ic32_regime_v1,1000PEPEUSDT,FLAT,1.0,2026-06-12T02:05:09.946080+00:00,2026-06-12 10:05:09,2026-06-12,10,,,
live_db_signal,ic32_regime_v1,BNBUSDT,FLAT,1.0,2026-06-12T02:05:11.446814+00:00,2026-06-12 10:05:11,2026-06-12,10,,,
live_db_signal,ic32_regime_v1,ETHUSDT,FLAT,1.0,2026-06-12T02:05:12.918465+00:00,2026-06-12 10:05:12,2026-06-12,10,,,
live_db_signal,ic32_regime_v1,TONUSDT,FLAT,1.0,2026-06-12T02:05:14.480487+00:00,2026-06-12 10:05:14,2026-06-12,10,,,
live_db_signal,ic32_regime_v1,TRXUSDT,FLAT,1.0,2026-06-12T02:05:16.060951+00:00,2026-06-12 10:05:16,2026-06-12,10,,,
live_db_signal,ic32_regime_v1,XRPUSDT,FLAT,1.0,2026-06-12T02:05:17.520028+00:00,2026-06-12 10:05:17,2026-06-12,10,,,
live_db_signal,ic32_regime_v1,ARBUSDT,FLAT,1.0,2026-06-12T02:05:19.003735+00:00,2026-06-12 10:05:19,2026-06-12,10,,,
live_db_signal,ic32_regime_v1,DOGEUSDT,SHORT,0.6507,2026-06-12T02:05:20.494195+00:00,2026-06-12 10:05:20,2026-06-12,10,,,
live_db_signal,ic32_regime_v1,LINKUSDT,FLAT,1.0,2026-06-12T02:05:23.347564+00:00,2026-06-12 10:05:23,2026-06-12,10,,,
live_db_signal,ic32_regime_v1,SOLUSDT,FLAT,1.0,2026-06-12T02:05:24.780921+00:00,2026-06-12 10:05:24,2026-06-12,10,,,
live_db_signal,ic32_regime_v1,HBARUSDT,FLAT,1.0,2026-06-12T02:05:26.306272+00:00,2026-06-12 10:05:26,2026-06-12,10,,,
live_db_signal,ic32_regime_v1,ONDOUSDT,FLAT,1.0,2026-06-12T02:05:27.862336+00:00,2026-06-12 10:05:27,2026-06-12,10,,,
live_db_signal,ic32_regime_v1,ADAUSDT,FLAT,1.0,2026-06-12T02:05:29.430169+00:00,2026-06-12 10:05:29,2026-06-12,10,,,
live_db_signal,ic32_regime_v1,1000SHIBUSDT,FLAT,1.0,2026-06-12T02:05:30.903113+00:00,2026-06-12 10:05:30,2026-06-12,10,,,
live_db_signal,ic32_regime_v1,DOTUSDT,FLAT,1.0,2026-06-12T02:05:32.397987+00:00,2026-06-12 10:05:32,2026-06-12,10,,,
live_db_signal,ic32_regime_v1,TAOUSDT,FLAT,1.0,2026-06-12T02:05:33.860059+00:00,2026-06-12 10:05:33,2026-06-12,10,,,
live_db_signal,ic32_regime_v1,SUIUSDT,FLAT,1.0,2026-06-12T03:05:01.317413+00:00,2026-06-12 11:05:01,2026-06-12,11,,,
live_db_signal,ic32_regime_v1,AVAXUSDT,FLAT,1.0,2026-06-12T03:05:04.512686+00:00,2026-06-12 11:05:04,2026-06-12,11,,,
live_db_signal,ic32_regime_v1,NEARUSDT,FLAT,1.0,2026-06-12T03:05:05.993451+00:00,2026-06-12 11:05:05,2026-06-12,11,,,
live_db_signal,ic32_regime_v1,POLUSDT,FLAT,1.0,2026-06-12T03:05:07.487799+00:00,2026-06-12 11:05:07,2026-06-12,11,,,
live_db_signal,ic32_regime_v1,1000PEPEUSDT,FLAT,1.0,2026-06-12T03:05:09.079096+00:00,2026-06-12 11:05:09,2026-06-12,11,,,
live_db_signal,ic32_regime_v1,BNBUSDT,FLAT,1.0,2026-06-12T03:05:10.627159+00:00,2026-06-12 11:05:10,2026-06-12,11,,,
live_db_signal,ic32_regime_v1,ETHUSDT,FLAT,1.0,2026-06-12T03:05:12.127909+00:00,2026-06-12 11:05:12,2026-06-12,11,,,
live_db_signal,ic32_regime_v1,TONUSDT,FLAT,1.0,2026-06-12T03:05:13.618757+00:00,2026-06-12 11:05:13,2026-06-12,11,,,
live_db_signal,ic32_regime_v1,TRXUSDT,FLAT,1.0,2026-06-12T03:05:15.240703+00:00,2026-06-12 11:05:15,2026-06-12,11,,,
live_db_signal,ic32_regime_v1,XRPUSDT,FLAT,1.0,2026-06-12T03:05:16.770917+00:00,2026-06-12 11:05:16,2026-06-12,11,,,
live_db_signal,ic32_regime_v1,ARBUSDT,FLAT,1.0,2026-06-12T03:05:18.275259+00:00,2026-06-12 11:05:18,2026-06-12,11,,,
live_db_signal,ic32_regime_v1,DOGEUSDT,FLAT,1.0,2026-06-12T03:05:19.759466+00:00,2026-06-12 11:05:19,2026-06-12,11,,,
live_db_signal,ic32_regime_v1,LINKUSDT,FLAT,1.0,2026-06-12T03:05:21.286254+00:00,2026-06-12 11:05:21,2026-06-12,11,,,
live_db_signal,ic32_regime_v1,SOLUSDT,FLAT,1.0,2026-06-12T03:05:22.774728+00:00,2026-06-12 11:05:22,2026-06-12,11,,,
live_db_signal,ic32_regime_v1,HBARUSDT,FLAT,1.0,2026-06-12T03:05:24.239847+00:00,2026-06-12 11:05:24,2026-06-12,11,,,
live_db_signal,ic32_regime_v1,ONDOUSDT,FLAT,1.0,2026-06-12T03:05:25.674793+00:00,2026-06-12 11:05:25,2026-06-12,11,,,
live_db_signal,ic32_regime_v1,ADAUSDT,FLAT,1.0,2026-06-12T03:05:27.171402+00:00,2026-06-12 11:05:27,2026-06-12,11,,,
live_db_signal,ic32_regime_v1,1000SHIBUSDT,FLAT,1.0,2026-06-12T03:05:28.634851+00:00,2026-06-12 11:05:28,2026-06-12,11,,,
live_db_signal,ic32_regime_v1,DOTUSDT,FLAT,1.0,2026-06-12T03:05:30.122837+00:00,2026-06-12 11:05:30,2026-06-12,11,,,
live_db_signal,ic32_regime_v1,TAOUSDT,FLAT,1.0,2026-06-12T03:05:31.575165+00:00,2026-06-12 11:05:31,2026-06-12,11,,,
live_db_signal,ic32_regime_v1,SUIUSDT,FLAT,1.0,2026-06-12T04:05:01.347461+00:00,2026-06-12 12:05:01,2026-06-12,12,,,
live_db_signal,ic32_regime_v1,AVAXUSDT,FLAT,1.0,2026-06-12T04:05:02.976951+00:00,2026-06-12 12:05:02,2026-06-12,12,,,
live_db_signal,ic32_regime_v1,NEARUSDT,FLAT,1.0,2026-06-12T04:05:04.627184+00:00,2026-06-12 12:05:04,2026-06-12,12,,,
live_db_signal,ic32_regime_v1,POLUSDT,FLAT,1.0,2026-06-12T04:05:06.247371+00:00,2026-06-12 12:05:06,2026-06-12,12,,,
live_db_signal,ic32_regime_v1,1000PEPEUSDT,FLAT,1.0,2026-06-12T04:05:07.804298+00:00,2026-06-12 12:05:07,2026-06-12,12,,,
live_db_signal,ic32_regime_v1,BNBUSDT,FLAT,1.0,2026-06-12T04:05:09.277594+00:00,2026-06-12 12:05:09,2026-06-12,12,,,
live_db_signal,ic32_regime_v1,ETHUSDT,FLAT,1.0,2026-06-12T04:05:10.762223+00:00,2026-06-12 12:05:10,2026-06-12,12,,,
live_db_signal,ic32_regime_v1,TONUSDT,FLAT,1.0,2026-06-12T04:05:12.261219+00:00,2026-06-12 12:05:12,2026-06-12,12,,,
live_db_signal,ic32_regime_v1,TRXUSDT,FLAT,1.0,2026-06-12T04:05:13.795993+00:00,2026-06-12 12:05:13,2026-06-12,12,,,
live_db_signal,ic32_regime_v1,XRPUSDT,FLAT,1.0,2026-06-12T04:05:15.427447+00:00,2026-06-12 12:05:15,2026-06-12,12,,,
live_db_signal,ic32_regime_v1,ARBUSDT,FLAT,1.0,2026-06-12T04:05:17.120576+00:00,2026-06-12 12:05:17,2026-06-12,12,,,
live_db_signal,ic32_regime_v1,DOGEUSDT,FLAT,1.0,2026-06-12T04:05:18.778853+00:00,2026-06-12 12:05:18,2026-06-12,12,,,
live_db_signal,ic32_regime_v1,LINKUSDT,FLAT,1.0,2026-06-12T04:05:20.347719+00:00,2026-06-12 12:05:20,2026-06-12,12,,,
live_db_signal,ic32_regime_v1,SOLUSDT,FLAT,1.0,2026-06-12T04:05:21.881417+00:00,2026-06-12 12:05:21,2026-06-12,12,,,
live_db_signal,ic32_regime_v1,HBARUSDT,FLAT,1.0,2026-06-12T04:05:23.427890+00:00,2026-06-12 12:05:23,2026-06-12,12,,,
live_db_signal,ic32_regime_v1,ONDOUSDT,FLAT,1.0,2026-06-12T04:05:25.221898+00:00,2026-06-12 12:05:25,2026-06-12,12,,,
live_db_signal,ic32_regime_v1,ADAUSDT,FLAT,1.0,2026-06-12T04:05:26.814237+00:00,2026-06-12 12:05:26,2026-06-12,12,,,
live_db_signal,ic32_regime_v1,1000SHIBUSDT,FLAT,1.0,2026-06-12T04:05:28.504160+00:00,2026-06-12 12:05:28,2026-06-12,12,,,
live_db_signal,ic32_regime_v1,DOTUSDT,FLAT,1.0,2026-06-12T04:05:30.271205+00:00,2026-06-12 12:05:30,2026-06-12,12,,,
live_db_signal,ic32_regime_v1,TAOUSDT,FLAT,1.0,2026-06-12T04:05:31.799866+00:00,2026-06-12 12:05:31,2026-06-12,12,,,
live_db_signal,ic32_regime_v1,SUIUSDT,FLAT,1.0,2026-06-12T05:05:01.281618+00:00,2026-06-12 13:05:01,2026-06-12,13,,,
live_db_signal,ic32_regime_v1,AVAXUSDT,FLAT,1.0,2026-06-12T05:05:02.828303+00:00,2026-06-12 13:05:02,2026-06-12,13,,,
live_db_signal,ic32_regime_v1,NEARUSDT,FLAT,1.0,2026-06-12T05:05:04.341149+00:00,2026-06-12 13:05:04,2026-06-12,13,,,
live_db_signal,ic32_regime_v1,POLUSDT,FLAT,1.0,2026-06-12T05:05:05.843455+00:00,2026-06-12 13:05:05,2026-06-12,13,,,
live_db_signal,ic32_regime_v1,1000PEPEUSDT,FLAT,1.0,2026-06-12T05:05:07.413341+00:00,2026-06-12 13:05:07,2026-06-12,13,,,
live_db_signal,ic32_regime_v1,BNBUSDT,FLAT,1.0,2026-06-12T05:05:08.873924+00:00,2026-06-12 13:05:08,2026-06-12,13,,,
live_db_signal,ic32_regime_v1,ETHUSDT,FLAT,1.0,2026-06-12T05:05:10.435681+00:00,2026-06-12 13:05:10,2026-06-12,13,,,
live_db_signal,ic32_regime_v1,TONUSDT,FLAT,1.0,2026-06-12T05:05:11.932373+00:00,2026-06-12 13:05:11,2026-06-12,13,,,
live_db_signal,ic32_regime_v1,TRXUSDT,FLAT,1.0,2026-06-12T05:05:13.594549+00:00,2026-06-12 13:05:13,2026-06-12,13,,,
live_db_signal,ic32_regime_v1,XRPUSDT,FLAT,1.0,2026-06-12T05:05:15.109524+00:00,2026-06-12 13:05:15,2026-06-12,13,,,
live_db_signal,ic32_regime_v1,ARBUSDT,FLAT,1.0,2026-06-12T05:05:16.704838+00:00,2026-06-12 13:05:16,2026-06-12,13,,,
live_db_signal,ic32_regime_v1,DOGEUSDT,FLAT,1.0,2026-06-12T05:05:18.168620+00:00,2026-06-12 13:05:18,2026-06-12,13,,,
live_db_signal,ic32_regime_v1,LINKUSDT,FLAT,1.0,2026-06-12T05:05:19.691244+00:00,2026-06-12 13:05:19,2026-06-12,13,,,
live_db_signal,ic32_regime_v1,SOLUSDT,FLAT,1.0,2026-06-12T05:05:21.221026+00:00,2026-06-12 13:05:21,2026-06-12,13,,,
live_db_signal,ic32_regime_v1,HBARUSDT,FLAT,1.0,2026-06-12T05:05:22.859782+00:00,2026-06-12 13:05:22,2026-06-12,13,,,
live_db_signal,ic32_regime_v1,ONDOUSDT,FLAT,1.0,2026-06-12T05:05:24.468399+00:00,2026-06-12 13:05:24,2026-06-12,13,,,
live_db_signal,ic32_regime_v1,ADAUSDT,FLAT,1.0,2026-06-12T05:05:25.987997+00:00,2026-06-12 13:05:25,2026-06-12,13,,,
live_db_signal,ic32_regime_v1,1000SHIBUSDT,FLAT,1.0,2026-06-12T05:05:27.536024+00:00,2026-06-12 13:05:27,2026-06-12,13,,,
live_db_signal,ic32_regime_v1,DOTUSDT,FLAT,1.0,2026-06-12T05:05:29.038346+00:00,2026-06-12 13:05:29,2026-06-12,13,,,
live_db_signal,ic32_regime_v1,TAOUSDT,FLAT,1.0,2026-06-12T05:05:30.591667+00:00,2026-06-12 13:05:30,2026-06-12,13,,,
live_db_signal,ic32_regime_v1,SUIUSDT,FLAT,1.0,2026-06-12T06:05:01.356008+00:00,2026-06-12 14:05:01,2026-06-12,14,,,
live_db_signal,ic32_regime_v1,AVAXUSDT,FLAT,1.0,2026-06-12T06:05:04.130367+00:00,2026-06-12 14:05:04,2026-06-12,14,,,
live_db_signal,ic32_regime_v1,NEARUSDT,FLAT,1.0,2026-06-12T06:05:05.577278+00:00,2026-06-12 14:05:05,2026-06-12,14,,,
live_db_signal,ic32_regime_v1,POLUSDT,FLAT,1.0,2026-06-12T06:05:07.052404+00:00,2026-06-12 14:05:07,2026-06-12,14,,,
live_db_signal,ic32_regime_v1,1000PEPEUSDT,FLAT,1.0,2026-06-12T06:05:08.567482+00:00,2026-06-12 14:05:08,2026-06-12,14,,,
live_db_signal,ic32_regime_v1,BNBUSDT,FLAT,1.0,2026-06-12T06:05:10.046267+00:00,2026-06-12 14:05:10,2026-06-12,14,,,
live_db_signal,ic32_regime_v1,ETHUSDT,FLAT,1.0,2026-06-12T06:05:11.483883+00:00,2026-06-12 14:05:11,2026-06-12,14,,,
live_db_signal,ic32_regime_v1,TONUSDT,FLAT,1.0,2026-06-12T06:05:13.063592+00:00,2026-06-12 14:05:13,2026-06-12,14,,,
live_db_signal,ic32_regime_v1,TRXUSDT,FLAT,1.0,2026-06-12T06:05:14.565011+00:00,2026-06-12 14:05:14,2026-06-12,14,,,
live_db_signal,ic32_regime_v1,XRPUSDT,FLAT,1.0,2026-06-12T06:05:16.144309+00:00,2026-06-12 14:05:16,2026-06-12,14,,,
live_db_signal,ic32_regime_v1,ARBUSDT,FLAT,1.0,2026-06-12T06:05:17.803364+00:00,2026-06-12 14:05:17,2026-06-12,14,,,
live_db_signal,ic32_regime_v1,DOGEUSDT,FLAT,1.0,2026-06-12T06:05:19.306154+00:00,2026-06-12 14:05:19,2026-06-12,14,,,
live_db_signal,ic32_regime_v1,LINKUSDT,FLAT,1.0,2026-06-12T06:05:20.775480+00:00,2026-06-12 14:05:20,2026-06-12,14,,,
live_db_signal,ic32_regime_v1,SOLUSDT,FLAT,1.0,2026-06-12T06:05:22.269423+00:00,2026-06-12 14:05:22,2026-06-12,14,,,
live_db_signal,ic32_regime_v1,HBARUSDT,FLAT,1.0,2026-06-12T06:05:23.728298+00:00,2026-06-12 14:05:23,2026-06-12,14,,,
live_db_signal,ic32_regime_v1,ONDOUSDT,FLAT,1.0,2026-06-12T06:05:25.241109+00:00,2026-06-12 14:05:25,2026-06-12,14,,,
live_db_signal,ic32_regime_v1,ADAUSDT,FLAT,1.0,2026-06-12T06:05:26.754018+00:00,2026-06-12 14:05:26,2026-06-12,14,,,
live_db_signal,ic32_regime_v1,1000SHIBUSDT,FLAT,1.0,2026-06-12T06:05:28.245474+00:00,2026-06-12 14:05:28,2026-06-12,14,,,
live_db_signal,ic32_regime_v1,DOTUSDT,FLAT,1.0,2026-06-12T06:05:29.676318+00:00,2026-06-12 14:05:29,2026-06-12,14,,,
live_db_signal,ic32_regime_v1,TAOUSDT,FLAT,1.0,2026-06-12T06:05:31.161910+00:00,2026-06-12 14:05:31,2026-06-12,14,,,
live_db_signal,ic32_regime_v1,SUIUSDT,FLAT,1.0,2026-06-12T07:05:01.431705+00:00,2026-06-12 15:05:01,2026-06-12,15,,,
live_db_signal,ic32_regime_v1,AVAXUSDT,FLAT,1.0,2026-06-12T07:05:03.062773+00:00,2026-06-12 15:05:03,2026-06-12,15,,,
live_db_signal,ic32_regime_v1,NEARUSDT,FLAT,1.0,2026-06-12T07:05:04.650161+00:00,2026-06-12 15:05:04,2026-06-12,15,,,
live_db_signal,ic32_regime_v1,POLUSDT,FLAT,1.0,2026-06-12T07:05:06.221789+00:00,2026-06-12 15:05:06,2026-06-12,15,,,
live_db_signal,ic32_regime_v1,1000PEPEUSDT,FLAT,1.0,2026-06-12T07:05:07.707072+00:00,2026-06-12 15:05:07,2026-06-12,15,,,
live_db_signal,ic32_regime_v1,BNBUSDT,FLAT,1.0,2026-06-12T07:05:09.191343+00:00,2026-06-12 15:05:09,2026-06-12,15,,,
live_db_signal,ic32_regime_v1,ETHUSDT,FLAT,1.0,2026-06-12T07:05:10.631822+00:00,2026-06-12 15:05:10,2026-06-12,15,,,
live_db_signal,ic32_regime_v1,TONUSDT,FLAT,1.0,2026-06-12T07:05:12.165354+00:00,2026-06-12 15:05:12,2026-06-12,15,,,
live_db_signal,ic32_regime_v1,TRXUSDT,FLAT,1.0,2026-06-12T07:05:13.644246+00:00,2026-06-12 15:05:13,2026-06-12,15,,,
live_db_signal,ic32_regime_v1,XRPUSDT,FLAT,1.0,2026-06-12T07:05:15.183595+00:00,2026-06-12 15:05:15,2026-06-12,15,,,
live_db_signal,ic32_regime_v1,ARBUSDT,FLAT,1.0,2026-06-12T07:05:16.644459+00:00,2026-06-12 15:05:16,2026-06-12,15,,,
live_db_signal,ic32_regime_v1,DOGEUSDT,FLAT,1.0,2026-06-12T07:05:18.303009+00:00,2026-06-12 15:05:18,2026-06-12,15,,,
live_db_signal,ic32_regime_v1,LINKUSDT,FLAT,1.0,2026-06-12T07:05:19.767173+00:00,2026-06-12 15:05:19,2026-06-12,15,,,
live_db_signal,ic32_regime_v1,SOLUSDT,FLAT,1.0,2026-06-12T07:05:21.304015+00:00,2026-06-12 15:05:21,2026-06-12,15,,,
live_db_signal,ic32_regime_v1,HBARUSDT,FLAT,1.0,2026-06-12T07:05:22.798073+00:00,2026-06-12 15:05:22,2026-06-12,15,,,
live_db_signal,ic32_regime_v1,ONDOUSDT,FLAT,1.0,2026-06-12T07:05:24.295538+00:00,2026-06-12 15:05:24,2026-06-12,15,,,
live_db_signal,ic32_regime_v1,ADAUSDT,FLAT,1.0,2026-06-12T07:05:25.788433+00:00,2026-06-12 15:05:25,2026-06-12,15,,,
live_db_signal,ic32_regime_v1,1000SHIBUSDT,FLAT,1.0,2026-06-12T07:05:27.362347+00:00,2026-06-12 15:05:27,2026-06-12,15,,,
live_db_signal,ic32_regime_v1,DOTUSDT,FLAT,1.0,2026-06-12T07:05:29.052682+00:00,2026-06-12 15:05:29,2026-06-12,15,,,
live_db_signal,ic32_regime_v1,TAOUSDT,FLAT,1.0,2026-06-12T07:05:30.620348+00:00,2026-06-12 15:05:30,2026-06-12,15,,,
live_db_signal,ic32_regime_v1,SUIUSDT,FLAT,1.0,2026-06-12T08:05:01.522560+00:00,2026-06-12 16:05:01,2026-06-12,16,,,
live_db_signal,ic32_regime_v1,AVAXUSDT,FLAT,1.0,2026-06-12T08:05:03.209665+00:00,2026-06-12 16:05:03,2026-06-12,16,,,
live_db_signal,ic32_regime_v1,NEARUSDT,FLAT,1.0,2026-06-12T08:05:05.053414+00:00,2026-06-12 16:05:05,2026-06-12,16,,,
live_db_signal,ic32_regime_v1,POLUSDT,FLAT,1.0,2026-06-12T08:05:07.001471+00:00,2026-06-12 16:05:07,2026-06-12,16,,,
live_db_signal,ic32_regime_v1,1000PEPEUSDT,FLAT,1.0,2026-06-12T08:05:08.654078+00:00,2026-06-12 16:05:08,2026-06-12,16,,,
live_db_signal,ic32_regime_v1,BNBUSDT,FLAT,1.0,2026-06-12T08:05:10.510718+00:00,2026-06-12 16:05:10,2026-06-12,16,,,
live_db_signal,ic32_regime_v1,ETHUSDT,FLAT,1.0,2026-06-12T08:05:12.092305+00:00,2026-06-12 16:05:12,2026-06-12,16,,,
live_db_signal,ic32_regime_v1,TONUSDT,FLAT,1.0,2026-06-12T08:05:13.645202+00:00,2026-06-12 16:05:13,2026-06-12,16,,,
live_db_signal,ic32_regime_v1,TRXUSDT,FLAT,1.0,2026-06-12T08:05:15.215150+00:00,2026-06-12 16:05:15,2026-06-12,16,,,
live_db_signal,ic32_regime_v1,XRPUSDT,FLAT,1.0,2026-06-12T08:05:16.840833+00:00,2026-06-12 16:05:16,2026-06-12,16,,,
live_db_signal,ic32_regime_v1,ARBUSDT,FLAT,1.0,2026-06-12T08:05:18.636169+00:00,2026-06-12 16:05:18,2026-06-12,16,,,
live_db_signal,ic32_regime_v1,DOGEUSDT,FLAT,1.0,2026-06-12T08:05:20.115638+00:00,2026-06-12 16:05:20,2026-06-12,16,,,
live_db_signal,ic32_regime_v1,LINKUSDT,FLAT,1.0,2026-06-12T08:05:21.607280+00:00,2026-06-12 16:05:21,2026-06-12,16,,,
live_db_signal,ic32_regime_v1,SOLUSDT,FLAT,1.0,2026-06-12T08:05:23.022158+00:00,2026-06-12 16:05:23,2026-06-12,16,,,
live_db_signal,ic32_regime_v1,HBARUSDT,FLAT,1.0,2026-06-12T08:05:24.415244+00:00,2026-06-12 16:05:24,2026-06-12,16,,,
live_db_signal,ic32_regime_v1,ONDOUSDT,FLAT,1.0,2026-06-12T08:05:25.887493+00:00,2026-06-12 16:05:25,2026-06-12,16,,,
live_db_signal,ic32_regime_v1,ADAUSDT,FLAT,1.0,2026-06-12T08:05:27.501037+00:00,2026-06-12 16:05:27,2026-06-12,16,,,
live_db_signal,ic32_regime_v1,1000SHIBUSDT,FLAT,1.0,2026-06-12T08:05:29.004606+00:00,2026-06-12 16:05:29,2026-06-12,16,,,
live_db_signal,ic32_regime_v1,DOTUSDT,FLAT,1.0,2026-06-12T08:05:30.467395+00:00,2026-06-12 16:05:30,2026-06-12,16,,,
live_db_signal,ic32_regime_v1,TAOUSDT,FLAT,1.0,2026-06-12T08:05:32.065872+00:00,2026-06-12 16:05:32,2026-06-12,16,,,
live_db_signal,ic32_regime_v1,SUIUSDT,FLAT,1.0,2026-06-12T09:05:01.861551+00:00,2026-06-12 17:05:01,2026-06-12,17,,,
live_db_signal,ic32_regime_v1,AVAXUSDT,FLAT,1.0,2026-06-12T09:05:04.079307+00:00,2026-06-12 17:05:04,2026-06-12,17,,,
live_db_signal,ic32_regime_v1,NEARUSDT,FLAT,1.0,2026-06-12T09:05:05.724282+00:00,2026-06-12 17:05:05,2026-06-12,17,,,
live_db_signal,ic32_regime_v1,POLUSDT,FLAT,1.0,2026-06-12T09:05:07.249480+00:00,2026-06-12 17:05:07,2026-06-12,17,,,
live_db_signal,ic32_regime_v1,1000PEPEUSDT,FLAT,1.0,2026-06-12T09:05:08.764331+00:00,2026-06-12 17:05:08,2026-06-12,17,,,
live_db_signal,ic32_regime_v1,BNBUSDT,FLAT,1.0,2026-06-12T09:05:10.245792+00:00,2026-06-12 17:05:10,2026-06-12,17,,,
live_db_signal,ic32_regime_v1,ETHUSDT,FLAT,1.0,2026-06-12T09:05:11.732792+00:00,2026-06-12 17:05:11,2026-06-12,17,,,
live_db_signal,ic32_regime_v1,TONUSDT,FLAT,1.0,2026-06-12T09:05:13.204467+00:00,2026-06-12 17:05:13,2026-06-12,17,,,
live_db_signal,ic32_regime_v1,TRXUSDT,FLAT,1.0,2026-06-12T09:05:14.657932+00:00,2026-06-12 17:05:14,2026-06-12,17,,,
live_db_signal,ic32_regime_v1,XRPUSDT,FLAT,0.4864,2026-06-12T09:05:16.203702+00:00,2026-06-12 17:05:16,2026-06-12,17,,,
live_db_signal,ic32_regime_v1,ARBUSDT,FLAT,1.0,2026-06-12T09:05:17.775493+00:00,2026-06-12 17:05:17,2026-06-12,17,,,
live_db_signal,ic32_regime_v1,DOGEUSDT,FLAT,1.0,2026-06-12T09:05:19.315267+00:00,2026-06-12 17:05:19,2026-06-12,17,,,
live_db_signal,ic32_regime_v1,LINKUSDT,FLAT,1.0,2026-06-12T09:05:20.759739+00:00,2026-06-12 17:05:20,2026-06-12,17,,,
live_db_signal,ic32_regime_v1,SOLUSDT,FLAT,1.0,2026-06-12T09:05:22.186435+00:00,2026-06-12 17:05:22,2026-06-12,17,,,
live_db_signal,ic32_regime_v1,HBARUSDT,FLAT,1.0,2026-06-12T09:05:23.623970+00:00,2026-06-12 17:05:23,2026-06-12,17,,,
live_db_signal,ic32_regime_v1,ONDOUSDT,FLAT,1.0,2026-06-12T09:05:25.082586+00:00,2026-06-12 17:05:25,2026-06-12,17,,,
live_db_signal,ic32_regime_v1,ADAUSDT,FLAT,1.0,2026-06-12T09:05:26.511824+00:00,2026-06-12 17:05:26,2026-06-12,17,,,
live_db_signal,ic32_regime_v1,1000SHIBUSDT,FLAT,1.0,2026-06-12T09:05:27.932267+00:00,2026-06-12 17:05:27,2026-06-12,17,,,
live_db_signal,ic32_regime_v1,DOTUSDT,FLAT,1.0,2026-06-12T09:05:29.359204+00:00,2026-06-12 17:05:29,2026-06-12,17,,,
live_db_signal,ic32_regime_v1,TAOUSDT,FLAT,1.0,2026-06-12T09:05:30.849117+00:00,2026-06-12 17:05:30,2026-06-12,17,,,
live_db_signal,ic32_regime_v1,SUIUSDT,FLAT,1.0,2026-06-12T10:05:01.302346+00:00,2026-06-12 18:05:01,2026-06-12,18,,,
live_db_signal,ic32_regime_v1,AVAXUSDT,FLAT,1.0,2026-06-12T10:05:03.387794+00:00,2026-06-12 18:05:03,2026-06-12,18,,,
live_db_signal,ic32_regime_v1,NEARUSDT,FLAT,1.0,2026-06-12T10:05:04.923882+00:00,2026-06-12 18:05:04,2026-06-12,18,,,
live_db_signal,ic32_regime_v1,POLUSDT,FLAT,1.0,2026-06-12T10:05:06.455486+00:00,2026-06-12 18:05:06,2026-06-12,18,,,
live_db_signal,ic32_regime_v1,1000PEPEUSDT,FLAT,1.0,2026-06-12T10:05:08.023372+00:00,2026-06-12 18:05:08,2026-06-12,18,,,
live_db_signal,ic32_regime_v1,BNBUSDT,FLAT,1.0,2026-06-12T10:05:09.509565+00:00,2026-06-12 18:05:09,2026-06-12,18,,,
live_db_signal,ic32_regime_v1,ETHUSDT,FLAT,1.0,2026-06-12T10:05:11.001133+00:00,2026-06-12 18:05:11,2026-06-12,18,,,
live_db_signal,ic32_regime_v1,TONUSDT,FLAT,1.0,2026-06-12T10:05:12.473322+00:00,2026-06-12 18:05:12,2026-06-12,18,,,
live_db_signal,ic32_regime_v1,TRXUSDT,FLAT,1.0,2026-06-12T10:05:14.066631+00:00,2026-06-12 18:05:14,2026-06-12,18,,,
live_db_signal,ic32_regime_v1,XRPUSDT,FLAT,1.0,2026-06-12T10:05:15.493979+00:00,2026-06-12 18:05:15,2026-06-12,18,,,
live_db_signal,ic32_regime_v1,ARBUSDT,FLAT,1.0,2026-06-12T10:05:17.292683+00:00,2026-06-12 18:05:17,2026-06-12,18,,,
live_db_signal,ic32_regime_v1,DOGEUSDT,FLAT,1.0,2026-06-12T10:05:18.805447+00:00,2026-06-12 18:05:18,2026-06-12,18,,,
live_db_signal,ic32_regime_v1,LINKUSDT,FLAT,1.0,2026-06-12T10:05:20.336915+00:00,2026-06-12 18:05:20,2026-06-12,18,,,
live_db_signal,ic32_regime_v1,SOLUSDT,FLAT,1.0,2026-06-12T10:05:21.782294+00:00,2026-06-12 18:05:21,2026-06-12,18,,,
live_db_signal,ic32_regime_v1,HBARUSDT,LONG,0.7566,2026-06-12T10:05:23.231670+00:00,2026-06-12 18:05:23,2026-06-12,18,,,
live_db_signal,ic32_regime_v1,ONDOUSDT,FLAT,1.0,2026-06-12T10:05:26.242969+00:00,2026-06-12 18:05:26,2026-06-12,18,,,
live_db_signal,ic32_regime_v1,ADAUSDT,FLAT,1.0,2026-06-12T10:05:27.786457+00:00,2026-06-12 18:05:27,2026-06-12,18,,,
live_db_signal,ic32_regime_v1,1000SHIBUSDT,FLAT,1.0,2026-06-12T10:05:29.279758+00:00,2026-06-12 18:05:29,2026-06-12,18,,,
live_db_signal,ic32_regime_v1,DOTUSDT,FLAT,1.0,2026-06-12T10:05:30.760069+00:00,2026-06-12 18:05:30,2026-06-12,18,,,
live_db_signal,ic32_regime_v1,TAOUSDT,FLAT,1.0,2026-06-12T10:05:32.271952+00:00,2026-06-12 18:05:32,2026-06-12,18,,,
live_db_signal,ic32_regime_v1,SUIUSDT,FLAT,1.0,2026-06-12T11:05:02.024748+00:00,2026-06-12 19:05:02,2026-06-12,19,,,
live_db_signal,ic32_regime_v1,AVAXUSDT,FLAT,1.0,2026-06-12T11:05:03.804582+00:00,2026-06-12 19:05:03,2026-06-12,19,,,
live_db_signal,ic32_regime_v1,NEARUSDT,FLAT,1.0,2026-06-12T11:05:05.403387+00:00,2026-06-12 19:05:05,2026-06-12,19,,,
live_db_signal,ic32_regime_v1,POLUSDT,FLAT,1.0,2026-06-12T11:05:07.008656+00:00,2026-06-12 19:05:07,2026-06-12,19,,,
live_db_signal,ic32_regime_v1,1000PEPEUSDT,FLAT,1.0,2026-06-12T11:05:08.620419+00:00,2026-06-12 19:05:08,2026-06-12,19,,,
live_db_signal,ic32_regime_v1,BNBUSDT,FLAT,1.0,2026-06-12T11:05:10.180750+00:00,2026-06-12 19:05:10,2026-06-12,19,,,
live_db_signal,ic32_regime_v1,ETHUSDT,FLAT,1.0,2026-06-12T11:05:12.133727+00:00,2026-06-12 19:05:12,2026-06-12,19,,,
live_db_signal,ic32_regime_v1,TONUSDT,FLAT,1.0,2026-06-12T11:05:13.671291+00:00,2026-06-12 19:05:13,2026-06-12,19,,,
live_db_signal,ic32_regime_v1,TRXUSDT,FLAT,1.0,2026-06-12T11:05:15.624802+00:00,2026-06-12 19:05:15,2026-06-12,19,,,
live_db_signal,ic32_regime_v1,XRPUSDT,FLAT,1.0,2026-06-12T11:05:17.281163+00:00,2026-06-12 19:05:17,2026-06-12,19,,,
live_db_signal,ic32_regime_v1,ARBUSDT,FLAT,1.0,2026-06-12T11:05:19.167174+00:00,2026-06-12 19:05:19,2026-06-12,19,,,
live_db_signal,ic32_regime_v1,DOGEUSDT,FLAT,1.0,2026-06-12T11:05:20.758070+00:00,2026-06-12 19:05:20,2026-06-12,19,,,
live_db_signal,ic32_regime_v1,LINKUSDT,FLAT,1.0,2026-06-12T11:05:22.697095+00:00,2026-06-12 19:05:22,2026-06-12,19,,,
live_db_signal,ic32_regime_v1,SOLUSDT,FLAT,1.0,2026-06-12T11:05:24.424941+00:00,2026-06-12 19:05:24,2026-06-12,19,,,
live_db_signal,ic32_regime_v1,HBARUSDT,FLAT,1.0,2026-06-12T11:05:25.995366+00:00,2026-06-12 19:05:25,2026-06-12,19,,,
live_db_signal,ic32_regime_v1,ONDOUSDT,FLAT,1.0,2026-06-12T11:05:27.505248+00:00,2026-06-12 19:05:27,2026-06-12,19,,,
live_db_signal,ic32_regime_v1,ADAUSDT,FLAT,1.0,2026-06-12T11:05:29.001624+00:00,2026-06-12 19:05:29,2026-06-12,19,,,
live_db_signal,ic32_regime_v1,1000SHIBUSDT,FLAT,1.0,2026-06-12T11:05:30.515991+00:00,2026-06-12 19:05:30,2026-06-12,19,,,
live_db_signal,ic32_regime_v1,DOTUSDT,FLAT,1.0,2026-06-12T11:05:31.971578+00:00,2026-06-12 19:05:31,2026-06-12,19,,,
live_db_signal,ic32_regime_v1,TAOUSDT,FLAT,1.0,2026-06-12T11:05:33.441356+00:00,2026-06-12 19:05:33,2026-06-12,19,,,
live_db_signal,ic32_regime_v1,SUIUSDT,SHORT,0.724,2026-06-12T12:05:01.460814+00:00,2026-06-12 20:05:01,2026-06-12,20,,,
live_db_signal,ic32_regime_v1,AVAXUSDT,SHORT,0.6077,2026-06-12T12:05:04.659935+00:00,2026-06-12 20:05:04,2026-06-12,20,,,
live_db_signal,ic32_regime_v1,NEARUSDT,FLAT,1.0,2026-06-12T12:05:07.619761+00:00,2026-06-12 20:05:07,2026-06-12,20,,,
live_db_signal,ic32_regime_v1,POLUSDT,FLAT,1.0,2026-06-12T12:05:09.184371+00:00,2026-06-12 20:05:09,2026-06-12,20,,,
live_db_signal,ic32_regime_v1,1000PEPEUSDT,FLAT,1.0,2026-06-12T12:05:10.680570+00:00,2026-06-12 20:05:10,2026-06-12,20,,,
live_db_signal,ic32_regime_v1,BNBUSDT,FLAT,1.0,2026-06-12T12:05:12.172809+00:00,2026-06-12 20:05:12,2026-06-12,20,,,
live_db_signal,ic32_regime_v1,ETHUSDT,SHORT,0.7466,2026-06-12T12:05:13.710422+00:00,2026-06-12 20:05:13,2026-06-12,20,,,
live_db_signal,ic32_regime_v1,TONUSDT,FLAT,1.0,2026-06-12T12:05:16.222464+00:00,2026-06-12 20:05:16,2026-06-12,20,,,
live_db_signal,ic32_regime_v1,TRXUSDT,FLAT,1.0,2026-06-12T12:05:17.717194+00:00,2026-06-12 20:05:17,2026-06-12,20,,,
live_db_signal,ic32_regime_v1,XRPUSDT,SHORT,0.8714,2026-06-12T12:05:19.460082+00:00,2026-06-12 20:05:19,2026-06-12,20,,,
live_db_signal,ic32_regime_v1,ARBUSDT,FLAT,1.0,2026-06-12T12:05:21.265708+00:00,2026-06-12 20:05:21,2026-06-12,20,,,
live_db_signal,ic32_regime_v1,DOGEUSDT,FLAT,1.0,2026-06-12T12:05:22.813873+00:00,2026-06-12 20:05:22,2026-06-12,20,,,
live_db_signal,ic32_regime_v1,LINKUSDT,SHORT,0.6949,2026-06-12T12:05:24.404089+00:00,2026-06-12 20:05:24,2026-06-12,20,,,
live_db_signal,ic32_regime_v1,SOLUSDT,SHORT,0.8418,2026-06-12T12:05:26.214221+00:00,2026-06-12 20:05:26,2026-06-12,20,,,
live_db_signal,ic32_regime_v1,HBARUSDT,FLAT,1.0,2026-06-12T12:05:28.030307+00:00,2026-06-12 20:05:28,2026-06-12,20,,,
live_db_signal,ic32_regime_v1,ONDOUSDT,FLAT,1.0,2026-06-12T12:05:29.620007+00:00,2026-06-12 20:05:29,2026-06-12,20,,,
live_db_signal,ic32_regime_v1,ADAUSDT,FLAT,1.0,2026-06-12T12:05:31.151347+00:00,2026-06-12 20:05:31,2026-06-12,20,,,
live_db_signal,ic32_regime_v1,1000SHIBUSDT,FLAT,1.0,2026-06-12T12:05:32.645378+00:00,2026-06-12 20:05:32,2026-06-12,20,,,
live_db_signal,ic32_regime_v1,DOTUSDT,FLAT,1.0,2026-06-12T12:05:34.152844+00:00,2026-06-12 20:05:34,2026-06-12,20,,,
live_db_signal,ic32_regime_v1,TAOUSDT,SHORT,0.7177,2026-06-12T12:05:35.677759+00:00,2026-06-12 20:05:35,2026-06-12,20,,,
live_db_signal,ic32_regime_v1,SUIUSDT,FLAT,1.0,2026-06-12T13:05:01.227777+00:00,2026-06-12 21:05:01,2026-06-12,21,,,
live_db_signal,ic32_regime_v1,AVAXUSDT,FLAT,1.0,2026-06-12T13:05:02.870367+00:00,2026-06-12 21:05:02,2026-06-12,21,,,
live_db_signal,ic32_regime_v1,NEARUSDT,FLAT,1.0,2026-06-12T13:05:04.471185+00:00,2026-06-12 21:05:04,2026-06-12,21,,,
live_db_signal,ic32_regime_v1,POLUSDT,FLAT,1.0,2026-06-12T13:05:05.946819+00:00,2026-06-12 21:05:05,2026-06-12,21,,,
live_db_signal,ic32_regime_v1,1000PEPEUSDT,FLAT,1.0,2026-06-12T13:05:07.523873+00:00,2026-06-12 21:05:07,2026-06-12,21,,,
live_db_signal,ic32_regime_v1,BNBUSDT,FLAT,1.0,2026-06-12T13:05:09.026179+00:00,2026-06-12 21:05:09,2026-06-12,21,,,
live_db_signal,ic32_regime_v1,ETHUSDT,SHORT,0.612,2026-06-12T13:05:10.477301+00:00,2026-06-12 21:05:10,2026-06-12,21,,,
live_db_signal,ic32_regime_v1,TONUSDT,FLAT,1.0,2026-06-12T13:05:13.303426+00:00,2026-06-12 21:05:13,2026-06-12,21,,,
live_db_signal,ic32_regime_v1,TRXUSDT,FLAT,1.0,2026-06-12T13:05:14.814102+00:00,2026-06-12 21:05:14,2026-06-12,21,,,
live_db_signal,ic32_regime_v1,XRPUSDT,FLAT,1.0,2026-06-12T13:05:16.253969+00:00,2026-06-12 21:05:16,2026-06-12,21,,,
live_db_signal,ic32_regime_v1,ARBUSDT,FLAT,1.0,2026-06-12T13:05:17.691510+00:00,2026-06-12 21:05:17,2026-06-12,21,,,
live_db_signal,ic32_regime_v1,DOGEUSDT,FLAT,1.0,2026-06-12T13:05:19.224299+00:00,2026-06-12 21:05:19,2026-06-12,21,,,
live_db_signal,ic32_regime_v1,LINKUSDT,SHORT,0.5927,2026-06-12T13:05:21.016005+00:00,2026-06-12 21:05:21,2026-06-12,21,,,
live_db_signal,ic32_regime_v1,SOLUSDT,SHORT,0.7672,2026-06-12T13:05:23.407896+00:00,2026-06-12 21:05:23,2026-06-12,21,,,
live_db_signal,ic32_regime_v1,HBARUSDT,FLAT,1.0,2026-06-12T13:05:25.058826+00:00,2026-06-12 21:05:25,2026-06-12,21,,,
live_db_signal,ic32_regime_v1,ONDOUSDT,FLAT,1.0,2026-06-12T13:05:26.545056+00:00,2026-06-12 21:05:26,2026-06-12,21,,,
live_db_signal,ic32_regime_v1,ADAUSDT,FLAT,1.0,2026-06-12T13:05:27.999572+00:00,2026-06-12 21:05:27,2026-06-12,21,,,
live_db_signal,ic32_regime_v1,1000SHIBUSDT,FLAT,0.4678,2026-06-12T13:05:29.455661+00:00,2026-06-12 21:05:29,2026-06-12,21,,,
live_db_signal,ic32_regime_v1,DOTUSDT,FLAT,1.0,2026-06-12T13:05:30.940628+00:00,2026-06-12 21:05:30,2026-06-12,21,,,
live_db_signal,ic32_regime_v1,TAOUSDT,SHORT,0.5989,2026-06-12T13:05:32.371323+00:00,2026-06-12 21:05:32,2026-06-12,21,,,
live_db_signal,ic32_regime_v1,SUIUSDT,FLAT,1.0,2026-06-12T14:05:01.316952+00:00,2026-06-12 22:05:01,2026-06-12,22,,,
live_db_signal,ic32_regime_v1,AVAXUSDT,FLAT,1.0,2026-06-12T14:05:02.970435+00:00,2026-06-12 22:05:02,2026-06-12,22,,,
live_db_signal,ic32_regime_v1,NEARUSDT,FLAT,1.0,2026-06-12T14:05:04.476050+00:00,2026-06-12 22:05:04,2026-06-12,22,,,
live_db_signal,ic32_regime_v1,POLUSDT,FLAT,1.0,2026-06-12T14:05:06.019958+00:00,2026-06-12 22:05:06,2026-06-12,22,,,
live_db_signal,ic32_regime_v1,1000PEPEUSDT,FLAT,1.0,2026-06-12T14:05:07.518724+00:00,2026-06-12 22:05:07,2026-06-12,22,,,
live_db_signal,ic32_regime_v1,BNBUSDT,FLAT,1.0,2026-06-12T14:05:09.088609+00:00,2026-06-12 22:05:09,2026-06-12,22,,,
live_db_signal,ic32_regime_v1,ETHUSDT,FLAT,1.0,2026-06-12T14:05:10.618847+00:00,2026-06-12 22:05:10,2026-06-12,22,,,
live_db_signal,ic32_regime_v1,TONUSDT,FLAT,1.0,2026-06-12T14:05:12.240771+00:00,2026-06-12 22:05:12,2026-06-12,22,,,
live_db_signal,ic32_regime_v1,TRXUSDT,FLAT,1.0,2026-06-12T14:05:13.712289+00:00,2026-06-12 22:05:13,2026-06-12,22,,,
live_db_signal,ic32_regime_v1,XRPUSDT,FLAT,1.0,2026-06-12T14:05:15.241156+00:00,2026-06-12 22:05:15,2026-06-12,22,,,
live_db_signal,ic32_regime_v1,ARBUSDT,FLAT,1.0,2026-06-12T14:05:16.843467+00:00,2026-06-12 22:05:16,2026-06-12,22,,,
live_db_signal,ic32_regime_v1,DOGEUSDT,FLAT,1.0,2026-06-12T14:05:18.553322+00:00,2026-06-12 22:05:18,2026-06-12,22,,,
live_db_signal,ic32_regime_v1,LINKUSDT,SHORT,0.6327,2026-06-12T14:05:20.042615+00:00,2026-06-12 22:05:20,2026-06-12,22,,,
live_db_signal,ic32_regime_v1,SOLUSDT,FLAT,1.0,2026-06-12T14:05:22.925548+00:00,2026-06-12 22:05:22,2026-06-12,22,,,
live_db_signal,ic32_regime_v1,HBARUSDT,FLAT,1.0,2026-06-12T14:05:24.471654+00:00,2026-06-12 22:05:24,2026-06-12,22,,,
live_db_signal,ic32_regime_v1,ONDOUSDT,FLAT,0.4483,2026-06-12T14:05:25.939262+00:00,2026-06-12 22:05:25,2026-06-12,22,,,
live_db_signal,ic32_regime_v1,ADAUSDT,FLAT,1.0,2026-06-12T14:05:27.491435+00:00,2026-06-12 22:05:27,2026-06-12,22,,,
live_db_signal,ic32_regime_v1,1000SHIBUSDT,FLAT,0.4122,2026-06-12T14:05:28.970793+00:00,2026-06-12 22:05:28,2026-06-12,22,,,
live_db_signal,ic32_regime_v1,DOTUSDT,FLAT,1.0,2026-06-12T14:05:30.453913+00:00,2026-06-12 22:05:30,2026-06-12,22,,,
live_db_signal,ic32_regime_v1,TAOUSDT,SHORT,0.7459,2026-06-12T14:05:31.910951+00:00,2026-06-12 22:05:31,2026-06-12,22,,,
live_db_signal,ic32_regime_v1,SUIUSDT,FLAT,1.0,2026-06-12T15:05:01.379729+00:00,2026-06-12 23:05:01,2026-06-12,23,,,
live_db_signal,ic32_regime_v1,AVAXUSDT,FLAT,1.0,2026-06-12T15:05:02.989914+00:00,2026-06-12 23:05:02,2026-06-12,23,,,
live_db_signal,ic32_regime_v1,NEARUSDT,FLAT,1.0,2026-06-12T15:05:04.602202+00:00,2026-06-12 23:05:04,2026-06-12,23,,,
live_db_signal,ic32_regime_v1,POLUSDT,FLAT,1.0,2026-06-12T15:05:06.160627+00:00,2026-06-12 23:05:06,2026-06-12,23,,,
live_db_signal,ic32_regime_v1,1000PEPEUSDT,FLAT,1.0,2026-06-12T15:05:07.693749+00:00,2026-06-12 23:05:07,2026-06-12,23,,,
live_db_signal,ic32_regime_v1,BNBUSDT,FLAT,1.0,2026-06-12T15:05:09.189431+00:00,2026-06-12 23:05:09,2026-06-12,23,,,
live_db_signal,ic32_regime_v1,ETHUSDT,FLAT,1.0,2026-06-12T15:05:10.685473+00:00,2026-06-12 23:05:10,2026-06-12,23,,,
live_db_signal,ic32_regime_v1,TONUSDT,FLAT,1.0,2026-06-12T15:05:12.175296+00:00,2026-06-12 23:05:12,2026-06-12,23,,,
live_db_signal,ic32_regime_v1,TRXUSDT,FLAT,1.0,2026-06-12T15:05:13.763468+00:00,2026-06-12 23:05:13,2026-06-12,23,,,
live_db_signal,ic32_regime_v1,XRPUSDT,FLAT,1.0,2026-06-12T15:05:15.237832+00:00,2026-06-12 23:05:15,2026-06-12,23,,,
live_db_signal,ic32_regime_v1,ARBUSDT,FLAT,1.0,2026-06-12T15:05:16.830158+00:00,2026-06-12 23:05:16,2026-06-12,23,,,
live_db_signal,ic32_regime_v1,DOGEUSDT,FLAT,1.0,2026-06-12T15:05:18.457535+00:00,2026-06-12 23:05:18,2026-06-12,23,,,
live_db_signal,ic32_regime_v1,LINKUSDT,FLAT,1.0,2026-06-12T15:05:20.001300+00:00,2026-06-12 23:05:20,2026-06-12,23,,,
live_db_signal,ic32_regime_v1,SOLUSDT,FLAT,1.0,2026-06-12T15:05:21.532532+00:00,2026-06-12 23:05:21,2026-06-12,23,,,
live_db_signal,ic32_regime_v1,HBARUSDT,FLAT,1.0,2026-06-12T15:05:23.015555+00:00,2026-06-12 23:05:23,2026-06-12,23,,,
live_db_signal,ic32_regime_v1,ONDOUSDT,FLAT,1.0,2026-06-12T15:05:24.445594+00:00,2026-06-12 23:05:24,2026-06-12,23,,,
live_db_signal,ic32_regime_v1,ADAUSDT,FLAT,1.0,2026-06-12T15:05:25.907223+00:00,2026-06-12 23:05:25,2026-06-12,23,,,
live_db_signal,ic32_regime_v1,1000SHIBUSDT,FLAT,1.0,2026-06-12T15:05:27.394645+00:00,2026-06-12 23:05:27,2026-06-12,23,,,
live_db_signal,ic32_regime_v1,DOTUSDT,FLAT,1.0,2026-06-12T15:05:28.861352+00:00,2026-06-12 23:05:28,2026-06-12,23,,,
live_db_signal,ic32_regime_v1,TAOUSDT,FLAT,1.0,2026-06-12T15:05:30.321145+00:00,2026-06-12 23:05:30,2026-06-12,23,,,
live_db_signal,ic32_regime_v1,SUIUSDT,FLAT,1.0,2026-06-12T16:05:01.200869+00:00,2026-06-13 00:05:01,2026-06-13,0,,,
live_db_signal,ic32_regime_v1,AVAXUSDT,FLAT,1.0,2026-06-12T16:05:03.606190+00:00,2026-06-13 00:05:03,2026-06-13,0,,,
live_db_signal,ic32_regime_v1,NEARUSDT,FLAT,1.0,2026-06-12T16:05:05.189546+00:00,2026-06-13 00:05:05,2026-06-13,0,,,
live_db_signal,ic32_regime_v1,POLUSDT,FLAT,1.0,2026-06-12T16:05:06.624343+00:00,2026-06-13 00:05:06,2026-06-13,0,,,
live_db_signal,ic32_regime_v1,1000PEPEUSDT,FLAT,1.0,2026-06-12T16:05:08.171441+00:00,2026-06-13 00:05:08,2026-06-13,0,,,
live_db_signal,ic32_regime_v1,BNBUSDT,FLAT,1.0,2026-06-12T16:05:09.615400+00:00,2026-06-13 00:05:09,2026-06-13,0,,,
live_db_signal,ic32_regime_v1,ETHUSDT,FLAT,1.0,2026-06-12T16:05:11.080555+00:00,2026-06-13 00:05:11,2026-06-13,0,,,
live_db_signal,ic32_regime_v1,TONUSDT,FLAT,1.0,2026-06-12T16:05:12.729119+00:00,2026-06-13 00:05:12,2026-06-13,0,,,
live_db_signal,ic32_regime_v1,TRXUSDT,FLAT,1.0,2026-06-12T16:05:14.301105+00:00,2026-06-13 00:05:14,2026-06-13,0,,,
live_db_signal,ic32_regime_v1,XRPUSDT,FLAT,1.0,2026-06-12T16:05:15.823778+00:00,2026-06-13 00:05:15,2026-06-13,0,,,
live_db_signal,ic32_regime_v1,ARBUSDT,FLAT,1.0,2026-06-12T16:05:17.291439+00:00,2026-06-13 00:05:17,2026-06-13,0,,,
live_db_signal,ic32_regime_v1,DOGEUSDT,FLAT,1.0,2026-06-12T16:05:18.778793+00:00,2026-06-13 00:05:18,2026-06-13,0,,,
live_db_signal,ic32_regime_v1,LINKUSDT,FLAT,1.0,2026-06-12T16:05:20.325358+00:00,2026-06-13 00:05:20,2026-06-13,0,,,
live_db_signal,ic32_regime_v1,SOLUSDT,FLAT,1.0,2026-06-12T16:05:21.755625+00:00,2026-06-13 00:05:21,2026-06-13,0,,,
live_db_signal,ic32_regime_v1,HBARUSDT,FLAT,1.0,2026-06-12T16:05:23.315957+00:00,2026-06-13 00:05:23,2026-06-13,0,,,
live_db_signal,ic32_regime_v1,ONDOUSDT,FLAT,1.0,2026-06-12T16:05:24.804067+00:00,2026-06-13 00:05:24,2026-06-13,0,,,
live_db_signal,ic32_regime_v1,ADAUSDT,FLAT,1.0,2026-06-12T16:05:26.286155+00:00,2026-06-13 00:05:26,2026-06-13,0,,,
live_db_signal,ic32_regime_v1,1000SHIBUSDT,FLAT,1.0,2026-06-12T16:05:27.950261+00:00,2026-06-13 00:05:27,2026-06-13,0,,,
live_db_signal,ic32_regime_v1,DOTUSDT,FLAT,1.0,2026-06-12T16:05:29.520017+00:00,2026-06-13 00:05:29,2026-06-13,0,,,
live_db_signal,ic32_regime_v1,TAOUSDT,FLAT,1.0,2026-06-12T16:05:31.094958+00:00,2026-06-13 00:05:31,2026-06-13,0,,,
live_db_signal,ic32_regime_v1,SUIUSDT,FLAT,1.0,2026-06-12T17:05:01.184666+00:00,2026-06-13 01:05:01,2026-06-13,1,,,
live_db_signal,ic32_regime_v1,AVAXUSDT,FLAT,1.0,2026-06-12T17:05:03.133349+00:00,2026-06-13 01:05:03,2026-06-13,1,,,
live_db_signal,ic32_regime_v1,NEARUSDT,FLAT,1.0,2026-06-12T17:05:04.666591+00:00,2026-06-13 01:05:04,2026-06-13,1,,,
live_db_signal,ic32_regime_v1,POLUSDT,FLAT,1.0,2026-06-12T17:05:06.190602+00:00,2026-06-13 01:05:06,2026-06-13,1,,,
live_db_signal,ic32_regime_v1,1000PEPEUSDT,FLAT,1.0,2026-06-12T17:05:07.803309+00:00,2026-06-13 01:05:07,2026-06-13,1,,,
live_db_signal,ic32_regime_v1,BNBUSDT,FLAT,1.0,2026-06-12T17:05:09.259971+00:00,2026-06-13 01:05:09,2026-06-13,1,,,
live_db_signal,ic32_regime_v1,ETHUSDT,FLAT,1.0,2026-06-12T17:05:10.781269+00:00,2026-06-13 01:05:10,2026-06-13,1,,,
live_db_signal,ic32_regime_v1,TONUSDT,FLAT,1.0,2026-06-12T17:05:12.388889+00:00,2026-06-13 01:05:12,2026-06-13,1,,,
live_db_signal,ic32_regime_v1,TRXUSDT,FLAT,1.0,2026-06-12T17:05:13.850374+00:00,2026-06-13 01:05:13,2026-06-13,1,,,
live_db_signal,ic32_regime_v1,XRPUSDT,FLAT,1.0,2026-06-12T17:05:15.381460+00:00,2026-06-13 01:05:15,2026-06-13,1,,,
live_db_signal,ic32_regime_v1,ARBUSDT,FLAT,1.0,2026-06-12T17:05:16.853441+00:00,2026-06-13 01:05:16,2026-06-13,1,,,
live_db_signal,ic32_regime_v1,DOGEUSDT,FLAT,1.0,2026-06-12T17:05:18.579673+00:00,2026-06-13 01:05:18,2026-06-13,1,,,
live_db_signal,ic32_regime_v1,LINKUSDT,FLAT,1.0,2026-06-12T17:05:20.052540+00:00,2026-06-13 01:05:20,2026-06-13,1,,,
live_db_signal,ic32_regime_v1,SOLUSDT,FLAT,1.0,2026-06-12T17:05:21.628238+00:00,2026-06-13 01:05:21,2026-06-13,1,,,
live_db_signal,ic32_regime_v1,HBARUSDT,FLAT,1.0,2026-06-12T17:05:23.240713+00:00,2026-06-13 01:05:23,2026-06-13,1,,,
live_db_signal,ic32_regime_v1,ONDOUSDT,FLAT,1.0,2026-06-12T17:05:24.697726+00:00,2026-06-13 01:05:24,2026-06-13,1,,,
live_db_signal,ic32_regime_v1,ADAUSDT,FLAT,1.0,2026-06-12T17:05:26.185298+00:00,2026-06-13 01:05:26,2026-06-13,1,,,
live_db_signal,ic32_regime_v1,1000SHIBUSDT,FLAT,1.0,2026-06-12T17:05:27.753427+00:00,2026-06-13 01:05:27,2026-06-13,1,,,
live_db_signal,ic32_regime_v1,DOTUSDT,FLAT,1.0,2026-06-12T17:05:29.223071+00:00,2026-06-13 01:05:29,2026-06-13,1,,,
live_db_signal,ic32_regime_v1,TAOUSDT,FLAT,1.0,2026-06-12T17:05:30.695212+00:00,2026-06-13 01:05:30,2026-06-13,1,,,
live_db_signal,ic32_regime_v1,SUIUSDT,FLAT,1.0,2026-06-12T18:05:01.790219+00:00,2026-06-13 02:05:01,2026-06-13,2,,,
live_db_signal,ic32_regime_v1,AVAXUSDT,FLAT,1.0,2026-06-12T18:05:03.253315+00:00,2026-06-13 02:05:03,2026-06-13,2,,,
live_db_signal,ic32_regime_v1,NEARUSDT,FLAT,1.0,2026-06-12T18:05:04.742187+00:00,2026-06-13 02:05:04,2026-06-13,2,,,
live_db_signal,ic32_regime_v1,POLUSDT,FLAT,1.0,2026-06-12T18:05:06.238188+00:00,2026-06-13 02:05:06,2026-06-13,2,,,
live_db_signal,ic32_regime_v1,1000PEPEUSDT,LONG,0.7433,2026-06-12T18:05:07.827385+00:00,2026-06-13 02:05:07,2026-06-13,2,,,
live_db_signal,ic32_regime_v1,BNBUSDT,FLAT,1.0,2026-06-12T18:05:10.916814+00:00,2026-06-13 02:05:10,2026-06-13,2,,,
live_db_signal,ic32_regime_v1,ETHUSDT,FLAT,1.0,2026-06-12T18:05:12.509424+00:00,2026-06-13 02:05:12,2026-06-13,2,,,
live_db_signal,ic32_regime_v1,TONUSDT,FLAT,1.0,2026-06-12T18:05:14.066339+00:00,2026-06-13 02:05:14,2026-06-13,2,,,
live_db_signal,ic32_regime_v1,TRXUSDT,FLAT,1.0,2026-06-12T18:05:15.573565+00:00,2026-06-13 02:05:15,2026-06-13,2,,,
live_db_signal,ic32_regime_v1,XRPUSDT,FLAT,1.0,2026-06-12T18:05:17.088558+00:00,2026-06-13 02:05:17,2026-06-13,2,,,
live_db_signal,ic32_regime_v1,ARBUSDT,FLAT,1.0,2026-06-12T18:05:18.687378+00:00,2026-06-13 02:05:18,2026-06-13,2,,,
live_db_signal,ic32_regime_v1,DOGEUSDT,FLAT,1.0,2026-06-12T18:05:20.146676+00:00,2026-06-13 02:05:20,2026-06-13,2,,,
live_db_signal,ic32_regime_v1,LINKUSDT,FLAT,1.0,2026-06-12T18:05:21.733573+00:00,2026-06-13 02:05:21,2026-06-13,2,,,
live_db_signal,ic32_regime_v1,SOLUSDT,FLAT,1.0,2026-06-12T18:05:23.304556+00:00,2026-06-13 02:05:23,2026-06-13,2,,,
live_db_signal,ic32_regime_v1,HBARUSDT,FLAT,1.0,2026-06-12T18:05:24.793022+00:00,2026-06-13 02:05:24,2026-06-13,2,,,
live_db_signal,ic32_regime_v1,ONDOUSDT,FLAT,1.0,2026-06-12T18:05:26.285594+00:00,2026-06-13 02:05:26,2026-06-13,2,,,
live_db_signal,ic32_regime_v1,ADAUSDT,FLAT,1.0,2026-06-12T18:05:27.848879+00:00,2026-06-13 02:05:27,2026-06-13,2,,,
live_db_signal,ic32_regime_v1,1000SHIBUSDT,FLAT,1.0,2026-06-12T18:05:29.469220+00:00,2026-06-13 02:05:29,2026-06-13,2,,,
live_db_signal,ic32_regime_v1,DOTUSDT,LONG,0.8886,2026-06-12T18:05:31.083082+00:00,2026-06-13 02:05:31,2026-06-13,2,,,
live_db_signal,ic32_regime_v1,TAOUSDT,FLAT,1.0,2026-06-12T18:05:34.034418+00:00,2026-06-13 02:05:34,2026-06-13,2,,,
live_db_signal,ic32_regime_v1,SUIUSDT,FLAT,1.0,2026-06-12T19:05:01.192729+00:00,2026-06-13 03:05:01,2026-06-13,3,,,
live_db_signal,ic32_regime_v1,AVAXUSDT,LONG,0.7364,2026-06-12T19:05:02.705646+00:00,2026-06-13 03:05:02,2026-06-13,3,,,
live_db_signal,ic32_regime_v1,NEARUSDT,FLAT,1.0,2026-06-12T19:05:05.621844+00:00,2026-06-13 03:05:05,2026-06-13,3,,,
live_db_signal,ic32_regime_v1,POLUSDT,FLAT,1.0,2026-06-12T19:05:07.110036+00:00,2026-06-13 03:05:07,2026-06-13,3,,,
live_db_signal,ic32_regime_v1,1000PEPEUSDT,FLAT,1.0,2026-06-12T19:05:08.567470+00:00,2026-06-13 03:05:08,2026-06-13,3,,,
live_db_signal,ic32_regime_v1,BNBUSDT,FLAT,1.0,2026-06-12T19:05:10.046108+00:00,2026-06-13 03:05:10,2026-06-13,3,,,
live_db_signal,ic32_regime_v1,ETHUSDT,FLAT,1.0,2026-06-12T19:05:11.451153+00:00,2026-06-13 03:05:11,2026-06-13,3,,,
live_db_signal,ic32_regime_v1,TONUSDT,FLAT,1.0,2026-06-12T19:05:12.912617+00:00,2026-06-13 03:05:12,2026-06-13,3,,,
live_db_signal,ic32_regime_v1,TRXUSDT,FLAT,1.0,2026-06-12T19:05:14.345965+00:00,2026-06-13 03:05:14,2026-06-13,3,,,
live_db_signal,ic32_regime_v1,XRPUSDT,FLAT,1.0,2026-06-12T19:05:15.804675+00:00,2026-06-13 03:05:15,2026-06-13,3,,,
live_db_signal,ic32_regime_v1,ARBUSDT,FLAT,1.0,2026-06-12T19:05:17.253359+00:00,2026-06-13 03:05:17,2026-06-13,3,,,
live_db_signal,ic32_regime_v1,DOGEUSDT,FLAT,1.0,2026-06-12T19:05:18.712855+00:00,2026-06-13 03:05:18,2026-06-13,3,,,
live_db_signal,ic32_regime_v1,LINKUSDT,FLAT,1.0,2026-06-12T19:05:20.188928+00:00,2026-06-13 03:05:20,2026-06-13,3,,,
live_db_signal,ic32_regime_v1,SOLUSDT,FLAT,1.0,2026-06-12T19:05:21.743659+00:00,2026-06-13 03:05:21,2026-06-13,3,,,
live_db_signal,ic32_regime_v1,HBARUSDT,FLAT,1.0,2026-06-12T19:05:23.208678+00:00,2026-06-13 03:05:23,2026-06-13,3,,,
live_db_signal,ic32_regime_v1,ONDOUSDT,FLAT,1.0,2026-06-12T19:05:24.679725+00:00,2026-06-13 03:05:24,2026-06-13,3,,,
live_db_signal,ic32_regime_v1,ADAUSDT,FLAT,1.0,2026-06-12T19:05:26.159780+00:00,2026-06-13 03:05:26,2026-06-13,3,,,
live_db_signal,ic32_regime_v1,1000SHIBUSDT,FLAT,1.0,2026-06-12T19:05:27.709562+00:00,2026-06-13 03:05:27,2026-06-13,3,,,
live_db_signal,ic32_regime_v1,DOTUSDT,FLAT,1.0,2026-06-12T19:05:29.225957+00:00,2026-06-13 03:05:29,2026-06-13,3,,,
live_db_signal,ic32_regime_v1,TAOUSDT,FLAT,1.0,2026-06-12T19:05:30.704345+00:00,2026-06-13 03:05:30,2026-06-13,3,,,
live_db_signal,ic32_regime_v1,SUIUSDT,FLAT,1.0,2026-06-12T20:05:01.399370+00:00,2026-06-13 04:05:01,2026-06-13,4,,,
live_db_signal,ic32_regime_v1,AVAXUSDT,FLAT,1.0,2026-06-12T20:05:02.959085+00:00,2026-06-13 04:05:02,2026-06-13,4,,,
live_db_signal,ic32_regime_v1,NEARUSDT,FLAT,1.0,2026-06-12T20:05:04.760960+00:00,2026-06-13 04:05:04,2026-06-13,4,,,
live_db_signal,ic32_regime_v1,POLUSDT,FLAT,1.0,2026-06-12T20:05:06.162133+00:00,2026-06-13 04:05:06,2026-06-13,4,,,
live_db_signal,ic32_regime_v1,1000PEPEUSDT,FLAT,1.0,2026-06-12T20:05:07.606724+00:00,2026-06-13 04:05:07,2026-06-13,4,,,
live_db_signal,ic32_regime_v1,BNBUSDT,FLAT,1.0,2026-06-12T20:05:08.968535+00:00,2026-06-13 04:05:08,2026-06-13,4,,,
live_db_signal,ic32_regime_v1,ETHUSDT,FLAT,1.0,2026-06-12T20:05:10.546180+00:00,2026-06-13 04:05:10,2026-06-13,4,,,
live_db_signal,ic32_regime_v1,TONUSDT,FLAT,1.0,2026-06-12T20:05:12.243362+00:00,2026-06-13 04:05:12,2026-06-13,4,,,
live_db_signal,ic32_regime_v1,TRXUSDT,FLAT,1.0,2026-06-12T20:05:13.818883+00:00,2026-06-13 04:05:13,2026-06-13,4,,,
live_db_signal,ic32_regime_v1,XRPUSDT,FLAT,1.0,2026-06-12T20:05:15.337844+00:00,2026-06-13 04:05:15,2026-06-13,4,,,
live_db_signal,ic32_regime_v1,ARBUSDT,FLAT,1.0,2026-06-12T20:05:16.845974+00:00,2026-06-13 04:05:16,2026-06-13,4,,,
live_db_signal,ic32_regime_v1,DOGEUSDT,FLAT,1.0,2026-06-12T20:05:18.426171+00:00,2026-06-13 04:05:18,2026-06-13,4,,,
live_db_signal,ic32_regime_v1,LINKUSDT,FLAT,1.0,2026-06-12T20:05:19.977068+00:00,2026-06-13 04:05:19,2026-06-13,4,,,
live_db_signal,ic32_regime_v1,SOLUSDT,FLAT,1.0,2026-06-12T20:05:21.450575+00:00,2026-06-13 04:05:21,2026-06-13,4,,,
live_db_signal,ic32_regime_v1,HBARUSDT,FLAT,1.0,2026-06-12T20:05:22.887006+00:00,2026-06-13 04:05:22,2026-06-13,4,,,
live_db_signal,ic32_regime_v1,ONDOUSDT,FLAT,1.0,2026-06-12T20:05:24.344612+00:00,2026-06-13 04:05:24,2026-06-13,4,,,
live_db_signal,ic32_regime_v1,ADAUSDT,FLAT,0.4269,2026-06-12T20:05:25.796306+00:00,2026-06-13 04:05:25,2026-06-13,4,,,
live_db_signal,ic32_regime_v1,1000SHIBUSDT,SHORT,0.757,2026-06-12T20:05:27.402113+00:00,2026-06-13 04:05:27,2026-06-13,4,,,
live_db_signal,ic32_regime_v1,DOTUSDT,LONG,0.8066,2026-06-12T20:05:29.857220+00:00,2026-06-13 04:05:29,2026-06-13,4,,,
live_db_signal,ic32_regime_v1,TAOUSDT,FLAT,1.0,2026-06-12T20:05:31.496272+00:00,2026-06-13 04:05:31,2026-06-13,4,,,
live_db_signal,ic32_regime_v1,SUIUSDT,FLAT,1.0,2026-06-12T21:05:01.216915+00:00,2026-06-13 05:05:01,2026-06-13,5,,,
live_db_signal,ic32_regime_v1,AVAXUSDT,FLAT,1.0,2026-06-12T21:05:02.751098+00:00,2026-06-13 05:05:02,2026-06-13,5,,,
live_db_signal,ic32_regime_v1,NEARUSDT,FLAT,1.0,2026-06-12T21:05:04.333991+00:00,2026-06-13 05:05:04,2026-06-13,5,,,
live_db_signal,ic32_regime_v1,POLUSDT,FLAT,1.0,2026-06-12T21:05:05.883175+00:00,2026-06-13 05:05:05,2026-06-13,5,,,
live_db_signal,ic32_regime_v1,1000PEPEUSDT,FLAT,1.0,2026-06-12T21:05:07.816742+00:00,2026-06-13 05:05:07,2026-06-13,5,,,
live_db_signal,ic32_regime_v1,BNBUSDT,FLAT,1.0,2026-06-12T21:05:09.377963+00:00,2026-06-13 05:05:09,2026-06-13,5,,,
live_db_signal,ic32_regime_v1,ETHUSDT,FLAT,1.0,2026-06-12T21:05:10.914338+00:00,2026-06-13 05:05:10,2026-06-13,5,,,
live_db_signal,ic32_regime_v1,TONUSDT,FLAT,1.0,2026-06-12T21:05:12.364532+00:00,2026-06-13 05:05:12,2026-06-13,5,,,
live_db_signal,ic32_regime_v1,TRXUSDT,FLAT,1.0,2026-06-12T21:05:13.845029+00:00,2026-06-13 05:05:13,2026-06-13,5,,,
live_db_signal,ic32_regime_v1,XRPUSDT,FLAT,1.0,2026-06-12T21:05:15.266904+00:00,2026-06-13 05:05:15,2026-06-13,5,,,
live_db_signal,ic32_regime_v1,ARBUSDT,FLAT,1.0,2026-06-12T21:05:16.714326+00:00,2026-06-13 05:05:16,2026-06-13,5,,,
live_db_signal,ic32_regime_v1,DOGEUSDT,FLAT,1.0,2026-06-12T21:05:18.218949+00:00,2026-06-13 05:05:18,2026-06-13,5,,,
live_db_signal,ic32_regime_v1,LINKUSDT,FLAT,1.0,2026-06-12T21:05:19.668475+00:00,2026-06-13 05:05:19,2026-06-13,5,,,
live_db_signal,ic32_regime_v1,SOLUSDT,FLAT,1.0,2026-06-12T21:05:21.251576+00:00,2026-06-13 05:05:21,2026-06-13,5,,,
live_db_signal,ic32_regime_v1,HBARUSDT,FLAT,1.0,2026-06-12T21:05:22.722215+00:00,2026-06-13 05:05:22,2026-06-13,5,,,
live_db_signal,ic32_regime_v1,ONDOUSDT,FLAT,1.0,2026-06-12T21:05:24.257184+00:00,2026-06-13 05:05:24,2026-06-13,5,,,
live_db_signal,ic32_regime_v1,ADAUSDT,FLAT,1.0,2026-06-12T21:05:25.703399+00:00,2026-06-13 05:05:25,2026-06-13,5,,,
live_db_signal,ic32_regime_v1,1000SHIBUSDT,FLAT,1.0,2026-06-12T21:05:27.141329+00:00,2026-06-13 05:05:27,2026-06-13,5,,,
live_db_signal,ic32_regime_v1,DOTUSDT,FLAT,1.0,2026-06-12T21:05:28.669782+00:00,2026-06-13 05:05:28,2026-06-13,5,,,
live_db_signal,ic32_regime_v1,TAOUSDT,FLAT,1.0,2026-06-12T21:05:30.220438+00:00,2026-06-13 05:05:30,2026-06-13,5,,,
live_db_signal,ic32_regime_v1,SUIUSDT,FLAT,1.0,2026-06-12T22:05:01.256224+00:00,2026-06-13 06:05:01,2026-06-13,6,,,
live_db_signal,ic32_regime_v1,AVAXUSDT,FLAT,1.0,2026-06-12T22:05:02.937845+00:00,2026-06-13 06:05:02,2026-06-13,6,,,
live_db_signal,ic32_regime_v1,NEARUSDT,FLAT,1.0,2026-06-12T22:05:04.498873+00:00,2026-06-13 06:05:04,2026-06-13,6,,,
live_db_signal,ic32_regime_v1,POLUSDT,SHORT,0.6637,2026-06-12T22:05:05.998350+00:00,2026-06-13 06:05:05,2026-06-13,6,,,
live_db_signal,ic32_regime_v1,1000PEPEUSDT,FLAT,1.0,2026-06-12T22:05:08.381183+00:00,2026-06-13 06:05:08,2026-06-13,6,,,
live_db_signal,ic32_regime_v1,BNBUSDT,FLAT,1.0,2026-06-12T22:05:09.852649+00:00,2026-06-13 06:05:09,2026-06-13,6,,,
live_db_signal,ic32_regime_v1,ETHUSDT,FLAT,1.0,2026-06-12T22:05:11.285871+00:00,2026-06-13 06:05:11,2026-06-13,6,,,
live_db_signal,ic32_regime_v1,TONUSDT,FLAT,1.0,2026-06-12T22:05:12.713856+00:00,2026-06-13 06:05:12,2026-06-13,6,,,
live_db_signal,ic32_regime_v1,TRXUSDT,FLAT,1.0,2026-06-12T22:05:14.133994+00:00,2026-06-13 06:05:14,2026-06-13,6,,,
live_db_signal,ic32_regime_v1,XRPUSDT,FLAT,1.0,2026-06-12T22:05:15.560196+00:00,2026-06-13 06:05:15,2026-06-13,6,,,
live_db_signal,ic32_regime_v1,ARBUSDT,FLAT,1.0,2026-06-12T22:05:17.007397+00:00,2026-06-13 06:05:17,2026-06-13,6,,,
live_db_signal,ic32_regime_v1,DOGEUSDT,FLAT,1.0,2026-06-12T22:05:18.486596+00:00,2026-06-13 06:05:18,2026-06-13,6,,,
live_db_signal,ic32_regime_v1,LINKUSDT,FLAT,1.0,2026-06-12T22:05:19.935070+00:00,2026-06-13 06:05:19,2026-06-13,6,,,
live_db_signal,ic32_regime_v1,SOLUSDT,FLAT,1.0,2026-06-12T22:05:21.407380+00:00,2026-06-13 06:05:21,2026-06-13,6,,,
live_db_signal,ic32_regime_v1,HBARUSDT,FLAT,1.0,2026-06-12T22:05:22.992302+00:00,2026-06-13 06:05:22,2026-06-13,6,,,
live_db_signal,ic32_regime_v1,ONDOUSDT,FLAT,1.0,2026-06-12T22:05:24.445044+00:00,2026-06-13 06:05:24,2026-06-13,6,,,
live_db_signal,ic32_regime_v1,ADAUSDT,FLAT,1.0,2026-06-12T22:05:25.891774+00:00,2026-06-13 06:05:25,2026-06-13,6,,,
live_db_signal,ic32_regime_v1,1000SHIBUSDT,FLAT,1.0,2026-06-12T22:05:27.334917+00:00,2026-06-13 06:05:27,2026-06-13,6,,,
live_db_signal,ic32_regime_v1,DOTUSDT,FLAT,1.0,2026-06-12T22:05:28.802799+00:00,2026-06-13 06:05:28,2026-06-13,6,,,
live_db_signal,ic32_regime_v1,TAOUSDT,FLAT,1.0,2026-06-12T22:05:30.277187+00:00,2026-06-13 06:05:30,2026-06-13,6,,,
live_db_signal,ic32_regime_v1,SUIUSDT,FLAT,1.0,2026-06-12T23:05:01.268419+00:00,2026-06-13 07:05:01,2026-06-13,7,,,
live_db_signal,ic32_regime_v1,AVAXUSDT,FLAT,1.0,2026-06-12T23:05:02.763531+00:00,2026-06-13 07:05:02,2026-06-13,7,,,
live_db_signal,ic32_regime_v1,NEARUSDT,FLAT,1.0,2026-06-12T23:05:04.179231+00:00,2026-06-13 07:05:04,2026-06-13,7,,,
live_db_signal,ic32_regime_v1,POLUSDT,FLAT,1.0,2026-06-12T23:05:05.626195+00:00,2026-06-13 07:05:05,2026-06-13,7,,,
live_db_signal,ic32_regime_v1,1000PEPEUSDT,FLAT,1.0,2026-06-12T23:05:07.279504+00:00,2026-06-13 07:05:07,2026-06-13,7,,,
live_db_signal,ic32_regime_v1,BNBUSDT,FLAT,1.0,2026-06-12T23:05:08.678976+00:00,2026-06-13 07:05:08,2026-06-13,7,,,
live_db_signal,ic32_regime_v1,ETHUSDT,FLAT,1.0,2026-06-12T23:05:10.150452+00:00,2026-06-13 07:05:10,2026-06-13,7,,,
live_db_signal,ic32_regime_v1,TONUSDT,FLAT,1.0,2026-06-12T23:05:11.576933+00:00,2026-06-13 07:05:11,2026-06-13,7,,,
live_db_signal,ic32_regime_v1,TRXUSDT,FLAT,1.0,2026-06-12T23:05:13.029769+00:00,2026-06-13 07:05:13,2026-06-13,7,,,
live_db_signal,ic32_regime_v1,XRPUSDT,FLAT,1.0,2026-06-12T23:05:14.523493+00:00,2026-06-13 07:05:14,2026-06-13,7,,,
live_db_signal,ic32_regime_v1,ARBUSDT,FLAT,1.0,2026-06-12T23:05:15.992869+00:00,2026-06-13 07:05:15,2026-06-13,7,,,
live_db_signal,ic32_regime_v1,DOGEUSDT,FLAT,1.0,2026-06-12T23:05:17.480838+00:00,2026-06-13 07:05:17,2026-06-13,7,,,
live_db_signal,ic32_regime_v1,LINKUSDT,FLAT,1.0,2026-06-12T23:05:18.897960+00:00,2026-06-13 07:05:18,2026-06-13,7,,,
live_db_signal,ic32_regime_v1,SOLUSDT,FLAT,1.0,2026-06-12T23:05:20.313951+00:00,2026-06-13 07:05:20,2026-06-13,7,,,
live_db_signal,ic32_regime_v1,HBARUSDT,FLAT,1.0,2026-06-12T23:05:21.710239+00:00,2026-06-13 07:05:21,2026-06-13,7,,,
live_db_signal,ic32_regime_v1,ONDOUSDT,FLAT,1.0,2026-06-12T23:05:23.132344+00:00,2026-06-13 07:05:23,2026-06-13,7,,,
live_db_signal,ic32_regime_v1,ADAUSDT,FLAT,1.0,2026-06-12T23:05:24.520556+00:00,2026-06-13 07:05:24,2026-06-13,7,,,
live_db_signal,ic32_regime_v1,1000SHIBUSDT,FLAT,1.0,2026-06-12T23:05:25.971843+00:00,2026-06-13 07:05:25,2026-06-13,7,,,
live_db_signal,ic32_regime_v1,DOTUSDT,FLAT,1.0,2026-06-12T23:05:27.436293+00:00,2026-06-13 07:05:27,2026-06-13,7,,,
live_db_signal,ic32_regime_v1,TAOUSDT,FLAT,1.0,2026-06-12T23:05:28.898672+00:00,2026-06-13 07:05:28,2026-06-13,7,,,
live_db_signal,ic32_regime_v1,SUIUSDT,FLAT,1.0,2026-06-13T00:05:01.394628+00:00,2026-06-13 08:05:01,2026-06-13,8,,,
live_db_signal,ic32_regime_v1,AVAXUSDT,FLAT,1.0,2026-06-13T00:05:02.884803+00:00,2026-06-13 08:05:02,2026-06-13,8,,,
live_db_signal,ic32_regime_v1,NEARUSDT,FLAT,1.0,2026-06-13T00:05:04.463776+00:00,2026-06-13 08:05:04,2026-06-13,8,,,
live_db_signal,ic32_regime_v1,POLUSDT,FLAT,1.0,2026-06-13T00:05:05.896714+00:00,2026-06-13 08:05:05,2026-06-13,8,,,
live_db_signal,ic32_regime_v1,1000PEPEUSDT,FLAT,1.0,2026-06-13T00:05:07.351416+00:00,2026-06-13 08:05:07,2026-06-13,8,,,
live_db_signal,ic32_regime_v1,BNBUSDT,FLAT,1.0,2026-06-13T00:05:08.837211+00:00,2026-06-13 08:05:08,2026-06-13,8,,,
live_db_signal,ic32_regime_v1,ETHUSDT,FLAT,1.0,2026-06-13T00:05:10.297544+00:00,2026-06-13 08:05:10,2026-06-13,8,,,
live_db_signal,ic32_regime_v1,TONUSDT,FLAT,1.0,2026-06-13T00:05:11.771293+00:00,2026-06-13 08:05:11,2026-06-13,8,,,
live_db_signal,ic32_regime_v1,TRXUSDT,FLAT,1.0,2026-06-13T00:05:13.249944+00:00,2026-06-13 08:05:13,2026-06-13,8,,,
live_db_signal,ic32_regime_v1,XRPUSDT,FLAT,1.0,2026-06-13T00:05:14.696587+00:00,2026-06-13 08:05:14,2026-06-13,8,,,
live_db_signal,ic32_regime_v1,ARBUSDT,FLAT,1.0,2026-06-13T00:05:16.149226+00:00,2026-06-13 08:05:16,2026-06-13,8,,,
live_db_signal,ic32_regime_v1,DOGEUSDT,FLAT,1.0,2026-06-13T00:05:17.681878+00:00,2026-06-13 08:05:17,2026-06-13,8,,,
live_db_signal,ic32_regime_v1,LINKUSDT,FLAT,1.0,2026-06-13T00:05:19.164674+00:00,2026-06-13 08:05:19,2026-06-13,8,,,
live_db_signal,ic32_regime_v1,SOLUSDT,FLAT,1.0,2026-06-13T00:05:20.614877+00:00,2026-06-13 08:05:20,2026-06-13,8,,,
live_db_signal,ic32_regime_v1,HBARUSDT,FLAT,1.0,2026-06-13T00:05:22.105889+00:00,2026-06-13 08:05:22,2026-06-13,8,,,
live_db_signal,ic32_regime_v1,ONDOUSDT,FLAT,1.0,2026-06-13T00:05:23.535751+00:00,2026-06-13 08:05:23,2026-06-13,8,,,
live_db_signal,ic32_regime_v1,ADAUSDT,FLAT,1.0,2026-06-13T00:05:25.070064+00:00,2026-06-13 08:05:25,2026-06-13,8,,,
live_db_signal,ic32_regime_v1,1000SHIBUSDT,LONG,0.8008,2026-06-13T00:05:26.538834+00:00,2026-06-13 08:05:26,2026-06-13,8,,,
live_db_signal,ic32_regime_v1,DOTUSDT,LONG,0.863,2026-06-13T00:05:29.403444+00:00,2026-06-13 08:05:29,2026-06-13,8,,,
live_db_signal,ic32_regime_v1,TAOUSDT,FLAT,1.0,2026-06-13T00:05:31.729841+00:00,2026-06-13 08:05:31,2026-06-13,8,,,
live_db_signal,ic32_regime_v1,SUIUSDT,FLAT,1.0,2026-06-13T01:05:01.914356+00:00,2026-06-13 09:05:01,2026-06-13,9,,,
live_db_signal,ic32_regime_v1,AVAXUSDT,LONG,0.7067,2026-06-13T01:05:05.000983+00:00,2026-06-13 09:05:05,2026-06-13,9,,,
live_db_signal,ic32_regime_v1,NEARUSDT,FLAT,1.0,2026-06-13T01:05:06.666171+00:00,2026-06-13 09:05:06,2026-06-13,9,,,
live_db_signal,ic32_regime_v1,POLUSDT,FLAT,1.0,2026-06-13T01:05:08.134255+00:00,2026-06-13 09:05:08,2026-06-13,9,,,
live_db_signal,ic32_regime_v1,1000PEPEUSDT,LONG,0.8489,2026-06-13T01:05:09.592303+00:00,2026-06-13 09:05:09,2026-06-13,9,,,
live_db_signal,ic32_regime_v1,BNBUSDT,FLAT,1.0,2026-06-13T01:05:11.202581+00:00,2026-06-13 09:05:11,2026-06-13,9,,,
live_db_signal,ic32_regime_v1,ETHUSDT,FLAT,1.0,2026-06-13T01:05:12.648130+00:00,2026-06-13 09:05:12,2026-06-13,9,,,
live_db_signal,ic32_regime_v1,TONUSDT,FLAT,1.0,2026-06-13T01:05:14.104125+00:00,2026-06-13 09:05:14,2026-06-13,9,,,
live_db_signal,ic32_regime_v1,TRXUSDT,FLAT,1.0,2026-06-13T01:05:15.576821+00:00,2026-06-13 09:05:15,2026-06-13,9,,,
live_db_signal,ic32_regime_v1,XRPUSDT,FLAT,1.0,2026-06-13T01:05:17.042267+00:00,2026-06-13 09:05:17,2026-06-13,9,,,
live_db_signal,ic32_regime_v1,ARBUSDT,FLAT,1.0,2026-06-13T01:05:18.731961+00:00,2026-06-13 09:05:18,2026-06-13,9,,,
live_db_signal,ic32_regime_v1,DOGEUSDT,FLAT,1.0,2026-06-13T01:05:20.253266+00:00,2026-06-13 09:05:20,2026-06-13,9,,,
live_db_signal,ic32_regime_v1,LINKUSDT,FLAT,1.0,2026-06-13T01:05:21.738589+00:00,2026-06-13 09:05:21,2026-06-13,9,,,
live_db_signal,ic32_regime_v1,SOLUSDT,FLAT,1.0,2026-06-13T01:05:23.203691+00:00,2026-06-13 09:05:23,2026-06-13,9,,,
live_db_signal,ic32_regime_v1,HBARUSDT,FLAT,1.0,2026-06-13T01:05:24.713573+00:00,2026-06-13 09:05:24,2026-06-13,9,,,
live_db_signal,ic32_regime_v1,ONDOUSDT,FLAT,1.0,2026-06-13T01:05:26.162628+00:00,2026-06-13 09:05:26,2026-06-13,9,,,
live_db_signal,ic32_regime_v1,ADAUSDT,FLAT,1.0,2026-06-13T01:05:27.630270+00:00,2026-06-13 09:05:27,2026-06-13,9,,,
live_db_signal,ic32_regime_v1,1000SHIBUSDT,FLAT,1.0,2026-06-13T01:05:29.103136+00:00,2026-06-13 09:05:29,2026-06-13,9,,,
live_db_signal,ic32_regime_v1,DOTUSDT,FLAT,1.0,2026-06-13T01:05:30.724862+00:00,2026-06-13 09:05:30,2026-06-13,9,,,
live_db_signal,ic32_regime_v1,TAOUSDT,FLAT,1.0,2026-06-13T01:05:32.272882+00:00,2026-06-13 09:05:32,2026-06-13,9,,,
live_db_signal,ic32_regime_v1,SUIUSDT,FLAT,1.0,2026-06-13T02:05:01.216334+00:00,2026-06-13 10:05:01,2026-06-13,10,,,
live_db_signal,ic32_regime_v1,AVAXUSDT,FLAT,1.0,2026-06-13T02:05:03.187967+00:00,2026-06-13 10:05:03,2026-06-13,10,,,
live_db_signal,ic32_regime_v1,NEARUSDT,FLAT,1.0,2026-06-13T02:05:04.663726+00:00,2026-06-13 10:05:04,2026-06-13,10,,,
live_db_signal,ic32_regime_v1,POLUSDT,FLAT,1.0,2026-06-13T02:05:06.094328+00:00,2026-06-13 10:05:06,2026-06-13,10,,,
live_db_signal,ic32_regime_v1,1000PEPEUSDT,FLAT,1.0,2026-06-13T02:05:07.503122+00:00,2026-06-13 10:05:07,2026-06-13,10,,,
live_db_signal,ic32_regime_v1,BNBUSDT,FLAT,1.0,2026-06-13T02:05:08.927190+00:00,2026-06-13 10:05:08,2026-06-13,10,,,
live_db_signal,ic32_regime_v1,ETHUSDT,FLAT,1.0,2026-06-13T02:05:10.332473+00:00,2026-06-13 10:05:10,2026-06-13,10,,,
live_db_signal,ic32_regime_v1,TONUSDT,FLAT,1.0,2026-06-13T02:05:11.742401+00:00,2026-06-13 10:05:11,2026-06-13,10,,,
live_db_signal,ic32_regime_v1,TRXUSDT,FLAT,1.0,2026-06-13T02:05:13.122000+00:00,2026-06-13 10:05:13,2026-06-13,10,,,
live_db_signal,ic32_regime_v1,XRPUSDT,FLAT,1.0,2026-06-13T02:05:14.556745+00:00,2026-06-13 10:05:14,2026-06-13,10,,,
live_db_signal,ic32_regime_v1,ARBUSDT,FLAT,1.0,2026-06-13T02:05:15.948934+00:00,2026-06-13 10:05:15,2026-06-13,10,,,
live_db_signal,ic32_regime_v1,DOGEUSDT,FLAT,1.0,2026-06-13T02:05:17.385459+00:00,2026-06-13 10:05:17,2026-06-13,10,,,
live_db_signal,ic32_regime_v1,LINKUSDT,FLAT,1.0,2026-06-13T02:05:18.806196+00:00,2026-06-13 10:05:18,2026-06-13,10,,,
live_db_signal,ic32_regime_v1,SOLUSDT,FLAT,0.6225,2026-06-13T02:05:20.256899+00:00,2026-06-13 10:05:20,2026-06-13,10,,,
live_db_signal,ic32_regime_v1,HBARUSDT,FLAT,1.0,2026-06-13T02:05:21.713052+00:00,2026-06-13 10:05:21,2026-06-13,10,,,
live_db_signal,ic32_regime_v1,ONDOUSDT,FLAT,1.0,2026-06-13T02:05:23.159980+00:00,2026-06-13 10:05:23,2026-06-13,10,,,
live_db_signal,ic32_regime_v1,ADAUSDT,FLAT,1.0,2026-06-13T02:05:24.651465+00:00,2026-06-13 10:05:24,2026-06-13,10,,,
live_db_signal,ic32_regime_v1,1000SHIBUSDT,FLAT,1.0,2026-06-13T02:05:26.152105+00:00,2026-06-13 10:05:26,2026-06-13,10,,,
live_db_signal,ic32_regime_v1,DOTUSDT,FLAT,1.0,2026-06-13T02:05:27.596322+00:00,2026-06-13 10:05:27,2026-06-13,10,,,
live_db_signal,ic32_regime_v1,TAOUSDT,FLAT,1.0,2026-06-13T02:05:29.030963+00:00,2026-06-13 10:05:29,2026-06-13,10,,,
live_db_signal,ic32_regime_v1,SUIUSDT,FLAT,1.0,2026-06-13T03:05:01.253735+00:00,2026-06-13 11:05:01,2026-06-13,11,,,
live_db_signal,ic32_regime_v1,AVAXUSDT,FLAT,1.0,2026-06-13T03:05:03.849445+00:00,2026-06-13 11:05:03,2026-06-13,11,,,
live_db_signal,ic32_regime_v1,NEARUSDT,FLAT,1.0,2026-06-13T03:05:05.572487+00:00,2026-06-13 11:05:05,2026-06-13,11,,,
live_db_signal,ic32_regime_v1,POLUSDT,FLAT,1.0,2026-06-13T03:05:07.111996+00:00,2026-06-13 11:05:07,2026-06-13,11,,,
live_db_signal,ic32_regime_v1,1000PEPEUSDT,FLAT,1.0,2026-06-13T03:05:08.626648+00:00,2026-06-13 11:05:08,2026-06-13,11,,,
live_db_signal,ic32_regime_v1,BNBUSDT,FLAT,1.0,2026-06-13T03:05:10.112422+00:00,2026-06-13 11:05:10,2026-06-13,11,,,
live_db_signal,ic32_regime_v1,ETHUSDT,FLAT,1.0,2026-06-13T03:05:11.529969+00:00,2026-06-13 11:05:11,2026-06-13,11,,,
live_db_signal,ic32_regime_v1,TONUSDT,FLAT,1.0,2026-06-13T03:05:12.990680+00:00,2026-06-13 11:05:12,2026-06-13,11,,,
live_db_signal,ic32_regime_v1,TRXUSDT,FLAT,1.0,2026-06-13T03:05:14.414179+00:00,2026-06-13 11:05:14,2026-06-13,11,,,
live_db_signal,ic32_regime_v1,XRPUSDT,FLAT,1.0,2026-06-13T03:05:15.859603+00:00,2026-06-13 11:05:15,2026-06-13,11,,,
live_db_signal,ic32_regime_v1,ARBUSDT,FLAT,1.0,2026-06-13T03:05:17.263015+00:00,2026-06-13 11:05:17,2026-06-13,11,,,
live_db_signal,ic32_regime_v1,DOGEUSDT,LONG,0.8228,2026-06-13T03:05:18.674547+00:00,2026-06-13 11:05:18,2026-06-13,11,,,
live_db_signal,ic32_regime_v1,LINKUSDT,FLAT,1.0,2026-06-13T03:05:20.949145+00:00,2026-06-13 11:05:20,2026-06-13,11,,,
live_db_signal,ic32_regime_v1,SOLUSDT,FLAT,1.0,2026-06-13T03:05:22.347585+00:00,2026-06-13 11:05:22,2026-06-13,11,,,
live_db_signal,ic32_regime_v1,HBARUSDT,FLAT,1.0,2026-06-13T03:05:23.750300+00:00,2026-06-13 11:05:23,2026-06-13,11,,,
live_db_signal,ic32_regime_v1,ONDOUSDT,FLAT,1.0,2026-06-13T03:05:25.195474+00:00,2026-06-13 11:05:25,2026-06-13,11,,,
live_db_signal,ic32_regime_v1,ADAUSDT,FLAT,1.0,2026-06-13T03:05:26.647018+00:00,2026-06-13 11:05:26,2026-06-13,11,,,
live_db_signal,ic32_regime_v1,1000SHIBUSDT,FLAT,1.0,2026-06-13T03:05:28.069111+00:00,2026-06-13 11:05:28,2026-06-13,11,,,
live_db_signal,ic32_regime_v1,DOTUSDT,FLAT,1.0,2026-06-13T03:05:29.493908+00:00,2026-06-13 11:05:29,2026-06-13,11,,,
live_db_signal,ic32_regime_v1,TAOUSDT,FLAT,1.0,2026-06-13T03:05:30.926648+00:00,2026-06-13 11:05:30,2026-06-13,11,,,
live_db_signal,ic32_regime_v1,SUIUSDT,FLAT,1.0,2026-06-13T04:05:01.435554+00:00,2026-06-13 12:05:01,2026-06-13,12,,,
live_db_signal,ic32_regime_v1,AVAXUSDT,FLAT,1.0,2026-06-13T04:05:02.973942+00:00,2026-06-13 12:05:02,2026-06-13,12,,,
live_db_signal,ic32_regime_v1,NEARUSDT,FLAT,1.0,2026-06-13T04:05:04.454932+00:00,2026-06-13 12:05:04,2026-06-13,12,,,
live_db_signal,ic32_regime_v1,POLUSDT,FLAT,1.0,2026-06-13T04:05:06.001094+00:00,2026-06-13 12:05:06,2026-06-13,12,,,
live_db_signal,ic32_regime_v1,1000PEPEUSDT,FLAT,1.0,2026-06-13T04:05:07.509205+00:00,2026-06-13 12:05:07,2026-06-13,12,,,
live_db_signal,ic32_regime_v1,BNBUSDT,FLAT,1.0,2026-06-13T04:05:09.008097+00:00,2026-06-13 12:05:09,2026-06-13,12,,,
live_db_signal,ic32_regime_v1,ETHUSDT,FLAT,1.0,2026-06-13T04:05:10.508813+00:00,2026-06-13 12:05:10,2026-06-13,12,,,
live_db_signal,ic32_regime_v1,TONUSDT,FLAT,1.0,2026-06-13T04:05:11.954264+00:00,2026-06-13 12:05:11,2026-06-13,12,,,
live_db_signal,ic32_regime_v1,TRXUSDT,FLAT,1.0,2026-06-13T04:05:13.462035+00:00,2026-06-13 12:05:13,2026-06-13,12,,,
live_db_signal,ic32_regime_v1,XRPUSDT,FLAT,1.0,2026-06-13T04:05:14.961132+00:00,2026-06-13 12:05:14,2026-06-13,12,,,
live_db_signal,ic32_regime_v1,ARBUSDT,FLAT,1.0,2026-06-13T04:05:16.467747+00:00,2026-06-13 12:05:16,2026-06-13,12,,,
live_db_signal,ic32_regime_v1,DOGEUSDT,FLAT,1.0,2026-06-13T04:05:17.985508+00:00,2026-06-13 12:05:17,2026-06-13,12,,,
live_db_signal,ic32_regime_v1,LINKUSDT,FLAT,1.0,2026-06-13T04:05:19.519036+00:00,2026-06-13 12:05:19,2026-06-13,12,,,
live_db_signal,ic32_regime_v1,SOLUSDT,FLAT,1.0,2026-06-13T04:05:20.957872+00:00,2026-06-13 12:05:20,2026-06-13,12,,,
live_db_signal,ic32_regime_v1,HBARUSDT,FLAT,1.0,2026-06-13T04:05:22.469046+00:00,2026-06-13 12:05:22,2026-06-13,12,,,
live_db_signal,ic32_regime_v1,ONDOUSDT,FLAT,1.0,2026-06-13T04:05:23.977841+00:00,2026-06-13 12:05:23,2026-06-13,12,,,
live_db_signal,ic32_regime_v1,ADAUSDT,FLAT,1.0,2026-06-13T04:05:25.507590+00:00,2026-06-13 12:05:25,2026-06-13,12,,,
live_db_signal,ic32_regime_v1,1000SHIBUSDT,FLAT,1.0,2026-06-13T04:05:27.103827+00:00,2026-06-13 12:05:27,2026-06-13,12,,,
live_db_signal,ic32_regime_v1,DOTUSDT,SHORT,0.7352,2026-06-13T04:05:28.582153+00:00,2026-06-13 12:05:28,2026-06-13,12,,,
live_db_signal,ic32_regime_v1,TAOUSDT,FLAT,1.0,2026-06-13T04:05:31.555443+00:00,2026-06-13 12:05:31,2026-06-13,12,,,
live_db_signal,ic32_regime_v1,SUIUSDT,FLAT,1.0,2026-06-13T05:05:01.280902+00:00,2026-06-13 13:05:01,2026-06-13,13,,,
live_db_signal,ic32_regime_v1,AVAXUSDT,SHORT,0.7357,2026-06-13T05:05:02.761594+00:00,2026-06-13 13:05:02,2026-06-13,13,,,
live_db_signal,ic32_regime_v1,NEARUSDT,FLAT,1.0,2026-06-13T05:05:05.535770+00:00,2026-06-13 13:05:05,2026-06-13,13,,,
live_db_signal,ic32_regime_v1,POLUSDT,FLAT,1.0,2026-06-13T05:05:06.971527+00:00,2026-06-13 13:05:06,2026-06-13,13,,,
live_db_signal,ic32_regime_v1,1000PEPEUSDT,FLAT,1.0,2026-06-13T05:05:08.399449+00:00,2026-06-13 13:05:08,2026-06-13,13,,,
live_db_signal,ic32_regime_v1,BNBUSDT,FLAT,1.0,2026-06-13T05:05:09.929102+00:00,2026-06-13 13:05:09,2026-06-13,13,,,
live_db_signal,ic32_regime_v1,ETHUSDT,FLAT,1.0,2026-06-13T05:05:11.428160+00:00,2026-06-13 13:05:11,2026-06-13,13,,,
live_db_signal,ic32_regime_v1,TONUSDT,FLAT,1.0,2026-06-13T05:05:12.853435+00:00,2026-06-13 13:05:12,2026-06-13,13,,,
live_db_signal,ic32_regime_v1,TRXUSDT,FLAT,1.0,2026-06-13T05:05:14.280228+00:00,2026-06-13 13:05:14,2026-06-13,13,,,
live_db_signal,ic32_regime_v1,XRPUSDT,FLAT,1.0,2026-06-13T05:05:15.719024+00:00,2026-06-13 13:05:15,2026-06-13,13,,,
live_db_signal,ic32_regime_v1,ARBUSDT,FLAT,1.0,2026-06-13T05:05:17.153117+00:00,2026-06-13 13:05:17,2026-06-13,13,,,
live_db_signal,ic32_regime_v1,DOGEUSDT,FLAT,1.0,2026-06-13T05:05:18.575196+00:00,2026-06-13 13:05:18,2026-06-13,13,,,
live_db_signal,ic32_regime_v1,LINKUSDT,SHORT,0.7118,2026-06-13T05:05:20.044766+00:00,2026-06-13 13:05:20,2026-06-13,13,,,
live_db_signal,ic32_regime_v1,SOLUSDT,FLAT,1.0,2026-06-13T05:05:22.413578+00:00,2026-06-13 13:05:22,2026-06-13,13,,,
live_db_signal,ic32_regime_v1,HBARUSDT,FLAT,1.0,2026-06-13T05:05:23.821423+00:00,2026-06-13 13:05:23,2026-06-13,13,,,
live_db_signal,ic32_regime_v1,ONDOUSDT,FLAT,1.0,2026-06-13T05:05:25.226792+00:00,2026-06-13 13:05:25,2026-06-13,13,,,
live_db_signal,ic32_regime_v1,ADAUSDT,FLAT,1.0,2026-06-13T05:05:26.670250+00:00,2026-06-13 13:05:26,2026-06-13,13,,,
live_db_signal,ic32_regime_v1,1000SHIBUSDT,FLAT,1.0,2026-06-13T05:05:28.132306+00:00,2026-06-13 13:05:28,2026-06-13,13,,,
live_db_signal,ic32_regime_v1,DOTUSDT,FLAT,1.0,2026-06-13T05:05:29.571645+00:00,2026-06-13 13:05:29,2026-06-13,13,,,
live_db_signal,ic32_regime_v1,TAOUSDT,FLAT,1.0,2026-06-13T05:05:30.996531+00:00,2026-06-13 13:05:30,2026-06-13,13,,,
live_db_signal,ic32_regime_v1,SUIUSDT,FLAT,1.0,2026-06-13T06:05:01.318954+00:00,2026-06-13 14:05:01,2026-06-13,14,,,
live_db_signal,ic32_regime_v1,AVAXUSDT,FLAT,1.0,2026-06-13T06:05:04.247543+00:00,2026-06-13 14:05:04,2026-06-13,14,,,
live_db_signal,ic32_regime_v1,NEARUSDT,FLAT,1.0,2026-06-13T06:05:05.786699+00:00,2026-06-13 14:05:05,2026-06-13,14,,,
live_db_signal,ic32_regime_v1,POLUSDT,FLAT,1.0,2026-06-13T06:05:07.304848+00:00,2026-06-13 14:05:07,2026-06-13,14,,,
live_db_signal,ic32_regime_v1,1000PEPEUSDT,FLAT,1.0,2026-06-13T06:05:08.822745+00:00,2026-06-13 14:05:08,2026-06-13,14,,,
live_db_signal,ic32_regime_v1,BNBUSDT,FLAT,1.0,2026-06-13T06:05:10.391619+00:00,2026-06-13 14:05:10,2026-06-13,14,,,
live_db_signal,ic32_regime_v1,ETHUSDT,FLAT,1.0,2026-06-13T06:05:11.924624+00:00,2026-06-13 14:05:11,2026-06-13,14,,,
live_db_signal,ic32_regime_v1,TONUSDT,FLAT,1.0,2026-06-13T06:05:13.441688+00:00,2026-06-13 14:05:13,2026-06-13,14,,,
live_db_signal,ic32_regime_v1,TRXUSDT,FLAT,1.0,2026-06-13T06:05:14.950674+00:00,2026-06-13 14:05:14,2026-06-13,14,,,
live_db_signal,ic32_regime_v1,XRPUSDT,FLAT,1.0,2026-06-13T06:05:16.471975+00:00,2026-06-13 14:05:16,2026-06-13,14,,,
live_db_signal,ic32_regime_v1,ARBUSDT,FLAT,1.0,2026-06-13T06:05:18.321668+00:00,2026-06-13 14:05:18,2026-06-13,14,,,
live_db_signal,ic32_regime_v1,DOGEUSDT,FLAT,1.0,2026-06-13T06:05:19.816598+00:00,2026-06-13 14:05:19,2026-06-13,14,,,
live_db_signal,ic32_regime_v1,LINKUSDT,FLAT,0.6246,2026-06-13T06:05:21.356295+00:00,2026-06-13 14:05:21,2026-06-13,14,,,
live_db_signal,ic32_regime_v1,SOLUSDT,FLAT,1.0,2026-06-13T06:05:22.843611+00:00,2026-06-13 14:05:22,2026-06-13,14,,,
live_db_signal,ic32_regime_v1,HBARUSDT,FLAT,1.0,2026-06-13T06:05:24.380545+00:00,2026-06-13 14:05:24,2026-06-13,14,,,
live_db_signal,ic32_regime_v1,ONDOUSDT,FLAT,1.0,2026-06-13T06:05:25.911662+00:00,2026-06-13 14:05:25,2026-06-13,14,,,
live_db_signal,ic32_regime_v1,ADAUSDT,FLAT,1.0,2026-06-13T06:05:27.524262+00:00,2026-06-13 14:05:27,2026-06-13,14,,,
live_db_signal,ic32_regime_v1,1000SHIBUSDT,FLAT,1.0,2026-06-13T06:05:29.058883+00:00,2026-06-13 14:05:29,2026-06-13,14,,,
live_db_signal,ic32_regime_v1,DOTUSDT,FLAT,1.0,2026-06-13T06:05:30.515528+00:00,2026-06-13 14:05:30,2026-06-13,14,,,
live_db_signal,ic32_regime_v1,TAOUSDT,FLAT,1.0,2026-06-13T06:05:32.053521+00:00,2026-06-13 14:05:32,2026-06-13,14,,,
live_db_signal,ic32_regime_v1,SUIUSDT,FLAT,0.5047,2026-06-13T07:05:01.381215+00:00,2026-06-13 15:05:01,2026-06-13,15,,,
live_db_signal,ic32_regime_v1,AVAXUSDT,FLAT,1.0,2026-06-13T07:05:03.129313+00:00,2026-06-13 15:05:03,2026-06-13,15,,,
live_db_signal,ic32_regime_v1,NEARUSDT,FLAT,1.0,2026-06-13T07:05:04.480194+00:00,2026-06-13 15:05:04,2026-06-13,15,,,
live_db_signal,ic32_regime_v1,POLUSDT,FLAT,1.0,2026-06-13T07:05:05.831009+00:00,2026-06-13 15:05:05,2026-06-13,15,,,
live_db_signal,ic32_regime_v1,1000PEPEUSDT,FLAT,1.0,2026-06-13T07:05:07.312818+00:00,2026-06-13 15:05:07,2026-06-13,15,,,
live_db_signal,ic32_regime_v1,BNBUSDT,FLAT,1.0,2026-06-13T07:05:08.734017+00:00,2026-06-13 15:05:08,2026-06-13,15,,,
live_db_signal,ic32_regime_v1,ETHUSDT,FLAT,0.6267,2026-06-13T07:05:10.301049+00:00,2026-06-13 15:05:10,2026-06-13,15,,,
live_db_signal,ic32_regime_v1,TONUSDT,FLAT,1.0,2026-06-13T07:05:11.717214+00:00,2026-06-13 15:05:11,2026-06-13,15,,,
live_db_signal,ic32_regime_v1,TRXUSDT,FLAT,1.0,2026-06-13T07:05:13.145098+00:00,2026-06-13 15:05:13,2026-06-13,15,,,
live_db_signal,ic32_regime_v1,XRPUSDT,FLAT,1.0,2026-06-13T07:05:14.590929+00:00,2026-06-13 15:05:14,2026-06-13,15,,,
live_db_signal,ic32_regime_v1,ARBUSDT,FLAT,1.0,2026-06-13T07:05:16.055947+00:00,2026-06-13 15:05:16,2026-06-13,15,,,
live_db_signal,ic32_regime_v1,DOGEUSDT,FLAT,1.0,2026-06-13T07:05:17.516677+00:00,2026-06-13 15:05:17,2026-06-13,15,,,
live_db_signal,ic32_regime_v1,LINKUSDT,FLAT,1.0,2026-06-13T07:05:19.127241+00:00,2026-06-13 15:05:19,2026-06-13,15,,,
live_db_signal,ic32_regime_v1,SOLUSDT,FLAT,1.0,2026-06-13T07:05:20.659572+00:00,2026-06-13 15:05:20,2026-06-13,15,,,
live_db_signal,ic32_regime_v1,HBARUSDT,FLAT,1.0,2026-06-13T07:05:22.160362+00:00,2026-06-13 15:05:22,2026-06-13,15,,,
live_db_signal,ic32_regime_v1,ONDOUSDT,FLAT,1.0,2026-06-13T07:05:23.627957+00:00,2026-06-13 15:05:23,2026-06-13,15,,,
live_db_signal,ic32_regime_v1,ADAUSDT,FLAT,0.5017,2026-06-13T07:05:25.206303+00:00,2026-06-13 15:05:25,2026-06-13,15,,,
live_db_signal,ic32_regime_v1,1000SHIBUSDT,FLAT,1.0,2026-06-13T07:05:26.679736+00:00,2026-06-13 15:05:26,2026-06-13,15,,,
live_db_signal,ic32_regime_v1,DOTUSDT,FLAT,1.0,2026-06-13T07:05:28.149623+00:00,2026-06-13 15:05:28,2026-06-13,15,,,
live_db_signal,ic32_regime_v1,TAOUSDT,FLAT,1.0,2026-06-13T07:05:29.608344+00:00,2026-06-13 15:05:29,2026-06-13,15,,,
live_db_signal,ic32_regime_v1,SUIUSDT,FLAT,1.0,2026-06-13T08:05:07.367364+00:00,2026-06-13 16:05:07,2026-06-13,16,,,
live_db_signal,ic32_regime_v1,AVAXUSDT,FLAT,1.0,2026-06-13T08:05:08.834811+00:00,2026-06-13 16:05:08,2026-06-13,16,,,
live_db_signal,ic32_regime_v1,NEARUSDT,FLAT,1.0,2026-06-13T08:05:10.279863+00:00,2026-06-13 16:05:10,2026-06-13,16,,,
live_db_signal,ic32_regime_v1,POLUSDT,FLAT,1.0,2026-06-13T08:05:11.790835+00:00,2026-06-13 16:05:11,2026-06-13,16,,,
live_db_signal,ic32_regime_v1,1000PEPEUSDT,FLAT,1.0,2026-06-13T08:05:13.279057+00:00,2026-06-13 16:05:13,2026-06-13,16,,,
live_db_signal,ic32_regime_v1,BNBUSDT,LONG,0.7064,2026-06-13T08:05:14.854273+00:00,2026-06-13 16:05:14,2026-06-13,16,,,
live_db_signal,ic32_regime_v1,ETHUSDT,FLAT,1.0,2026-06-13T08:05:16.443504+00:00,2026-06-13 16:05:16,2026-06-13,16,,,
live_db_signal,ic32_regime_v1,TONUSDT,FLAT,1.0,2026-06-13T08:05:17.914782+00:00,2026-06-13 16:05:17,2026-06-13,16,,,
live_db_signal,ic32_regime_v1,TRXUSDT,FLAT,1.0,2026-06-13T08:05:19.376757+00:00,2026-06-13 16:05:19,2026-06-13,16,,,
live_db_signal,ic32_regime_v1,XRPUSDT,FLAT,1.0,2026-06-13T08:05:20.951004+00:00,2026-06-13 16:05:20,2026-06-13,16,,,
live_db_signal,ic32_regime_v1,ARBUSDT,FLAT,1.0,2026-06-13T08:05:22.416315+00:00,2026-06-13 16:05:22,2026-06-13,16,,,
live_db_signal,ic32_regime_v1,DOGEUSDT,FLAT,1.0,2026-06-13T08:05:23.950587+00:00,2026-06-13 16:05:23,2026-06-13,16,,,
live_db_signal,ic32_regime_v1,LINKUSDT,FLAT,1.0,2026-06-13T08:05:25.423906+00:00,2026-06-13 16:05:25,2026-06-13,16,,,
live_db_signal,ic32_regime_v1,SOLUSDT,FLAT,1.0,2026-06-13T08:05:26.947913+00:00,2026-06-13 16:05:26,2026-06-13,16,,,
live_db_signal,ic32_regime_v1,HBARUSDT,FLAT,1.0,2026-06-13T08:05:28.372460+00:00,2026-06-13 16:05:28,2026-06-13,16,,,
live_db_signal,ic32_regime_v1,ONDOUSDT,FLAT,1.0,2026-06-13T08:05:29.892923+00:00,2026-06-13 16:05:29,2026-06-13,16,,,
live_db_signal,ic32_regime_v1,ADAUSDT,FLAT,1.0,2026-06-13T08:05:31.472167+00:00,2026-06-13 16:05:31,2026-06-13,16,,,
live_db_signal,ic32_regime_v1,1000SHIBUSDT,FLAT,1.0,2026-06-13T08:05:32.937774+00:00,2026-06-13 16:05:32,2026-06-13,16,,,
live_db_signal,ic32_regime_v1,DOTUSDT,FLAT,1.0,2026-06-13T08:05:36.134386+00:00,2026-06-13 16:05:36,2026-06-13,16,,,
live_db_signal,ic32_regime_v1,TAOUSDT,FLAT,1.0,2026-06-13T08:05:38.363947+00:00,2026-06-13 16:05:38,2026-06-13,16,,,
live_db_signal,ic32_regime_v1,SUIUSDT,FLAT,1.0,2026-06-13T09:05:03.331500+00:00,2026-06-13 17:05:03,2026-06-13,17,,,
live_db_signal,ic32_regime_v1,AVAXUSDT,FLAT,1.0,2026-06-13T09:05:04.802919+00:00,2026-06-13 17:05:04,2026-06-13,17,,,
live_db_signal,ic32_regime_v1,NEARUSDT,FLAT,1.0,2026-06-13T09:05:06.257406+00:00,2026-06-13 17:05:06,2026-06-13,17,,,
live_db_signal,ic32_regime_v1,POLUSDT,FLAT,1.0,2026-06-13T09:05:07.875105+00:00,2026-06-13 17:05:07,2026-06-13,17,,,
live_db_signal,ic32_regime_v1,1000PEPEUSDT,FLAT,1.0,2026-06-13T09:05:09.371362+00:00,2026-06-13 17:05:09,2026-06-13,17,,,
live_db_signal,ic32_regime_v1,BNBUSDT,FLAT,1.0,2026-06-13T09:05:10.896511+00:00,2026-06-13 17:05:10,2026-06-13,17,,,
live_db_signal,ic32_regime_v1,ETHUSDT,FLAT,1.0,2026-06-13T09:05:12.372666+00:00,2026-06-13 17:05:12,2026-06-13,17,,,
live_db_signal,ic32_regime_v1,TONUSDT,FLAT,1.0,2026-06-13T09:05:13.856338+00:00,2026-06-13 17:05:13,2026-06-13,17,,,
live_db_signal,ic32_regime_v1,TRXUSDT,FLAT,1.0,2026-06-13T09:05:15.348474+00:00,2026-06-13 17:05:15,2026-06-13,17,,,
live_db_signal,ic32_regime_v1,XRPUSDT,FLAT,1.0,2026-06-13T09:05:16.815095+00:00,2026-06-13 17:05:16,2026-06-13,17,,,
live_db_signal,ic32_regime_v1,ARBUSDT,FLAT,1.0,2026-06-13T09:05:18.262946+00:00,2026-06-13 17:05:18,2026-06-13,17,,,
live_db_signal,ic32_regime_v1,DOGEUSDT,FLAT,1.0,2026-06-13T09:05:19.759627+00:00,2026-06-13 17:05:19,2026-06-13,17,,,
live_db_signal,ic32_regime_v1,LINKUSDT,FLAT,1.0,2026-06-13T09:05:21.182108+00:00,2026-06-13 17:05:21,2026-06-13,17,,,
live_db_signal,ic32_regime_v1,SOLUSDT,FLAT,1.0,2026-06-13T09:05:22.661817+00:00,2026-06-13 17:05:22,2026-06-13,17,,,
live_db_signal,ic32_regime_v1,HBARUSDT,FLAT,1.0,2026-06-13T09:05:24.271114+00:00,2026-06-13 17:05:24,2026-06-13,17,,,
live_db_signal,ic32_regime_v1,ONDOUSDT,FLAT,1.0,2026-06-13T09:05:25.705211+00:00,2026-06-13 17:05:25,2026-06-13,17,,,
live_db_signal,ic32_regime_v1,ADAUSDT,FLAT,1.0,2026-06-13T09:05:27.148084+00:00,2026-06-13 17:05:27,2026-06-13,17,,,
live_db_signal,ic32_regime_v1,1000SHIBUSDT,FLAT,1.0,2026-06-13T09:05:28.637539+00:00,2026-06-13 17:05:28,2026-06-13,17,,,
live_db_signal,ic32_regime_v1,DOTUSDT,FLAT,1.0,2026-06-13T09:05:30.076416+00:00,2026-06-13 17:05:30,2026-06-13,17,,,
live_db_signal,ic32_regime_v1,TAOUSDT,FLAT,1.0,2026-06-13T09:05:31.500063+00:00,2026-06-13 17:05:31,2026-06-13,17,,,
live_db_signal,ic32_regime_v1,SUIUSDT,FLAT,1.0,2026-06-13T10:05:01.381400+00:00,2026-06-13 18:05:01,2026-06-13,18,,,
live_db_signal,ic32_regime_v1,AVAXUSDT,FLAT,1.0,2026-06-13T10:05:03.407318+00:00,2026-06-13 18:05:03,2026-06-13,18,,,
live_db_signal,ic32_regime_v1,NEARUSDT,FLAT,1.0,2026-06-13T10:05:04.878371+00:00,2026-06-13 18:05:04,2026-06-13,18,,,
live_db_signal,ic32_regime_v1,POLUSDT,FLAT,1.0,2026-06-13T10:05:06.376450+00:00,2026-06-13 18:05:06,2026-06-13,18,,,
live_db_signal,ic32_regime_v1,1000PEPEUSDT,FLAT,1.0,2026-06-13T10:05:07.854041+00:00,2026-06-13 18:05:07,2026-06-13,18,,,
live_db_signal,ic32_regime_v1,BNBUSDT,FLAT,1.0,2026-06-13T10:05:09.348584+00:00,2026-06-13 18:05:09,2026-06-13,18,,,
live_db_signal,ic32_regime_v1,ETHUSDT,FLAT,1.0,2026-06-13T10:05:10.855125+00:00,2026-06-13 18:05:10,2026-06-13,18,,,
live_db_signal,ic32_regime_v1,TONUSDT,FLAT,1.0,2026-06-13T10:05:12.345853+00:00,2026-06-13 18:05:12,2026-06-13,18,,,
live_db_signal,ic32_regime_v1,TRXUSDT,FLAT,1.0,2026-06-13T10:05:13.848755+00:00,2026-06-13 18:05:13,2026-06-13,18,,,
live_db_signal,ic32_regime_v1,XRPUSDT,FLAT,1.0,2026-06-13T10:05:15.352472+00:00,2026-06-13 18:05:15,2026-06-13,18,,,
live_db_signal,ic32_regime_v1,ARBUSDT,FLAT,1.0,2026-06-13T10:05:16.828822+00:00,2026-06-13 18:05:16,2026-06-13,18,,,
live_db_signal,ic32_regime_v1,DOGEUSDT,FLAT,1.0,2026-06-13T10:05:18.341677+00:00,2026-06-13 18:05:18,2026-06-13,18,,,
live_db_signal,ic32_regime_v1,LINKUSDT,FLAT,1.0,2026-06-13T10:05:19.845784+00:00,2026-06-13 18:05:19,2026-06-13,18,,,
live_db_signal,ic32_regime_v1,SOLUSDT,FLAT,1.0,2026-06-13T10:05:21.380136+00:00,2026-06-13 18:05:21,2026-06-13,18,,,
live_db_signal,ic32_regime_v1,HBARUSDT,FLAT,1.0,2026-06-13T10:05:22.869949+00:00,2026-06-13 18:05:22,2026-06-13,18,,,
live_db_signal,ic32_regime_v1,ONDOUSDT,FLAT,1.0,2026-06-13T10:05:24.414057+00:00,2026-06-13 18:05:24,2026-06-13,18,,,
live_db_signal,ic32_regime_v1,ADAUSDT,FLAT,1.0,2026-06-13T10:05:25.925244+00:00,2026-06-13 18:05:25,2026-06-13,18,,,
live_db_signal,ic32_regime_v1,1000SHIBUSDT,FLAT,1.0,2026-06-13T10:05:27.410982+00:00,2026-06-13 18:05:27,2026-06-13,18,,,
live_db_signal,ic32_regime_v1,DOTUSDT,FLAT,1.0,2026-06-13T10:05:28.899507+00:00,2026-06-13 18:05:28,2026-06-13,18,,,
live_db_signal,ic32_regime_v1,TAOUSDT,FLAT,1.0,2026-06-13T10:05:30.442065+00:00,2026-06-13 18:05:30,2026-06-13,18,,,
live_db_signal,ic32_regime_v1,SUIUSDT,FLAT,1.0,2026-06-13T11:05:06.809872+00:00,2026-06-13 19:05:06,2026-06-13,19,,,
live_db_signal,ic32_regime_v1,AVAXUSDT,FLAT,1.0,2026-06-13T11:05:08.338225+00:00,2026-06-13 19:05:08,2026-06-13,19,,,
live_db_signal,ic32_regime_v1,NEARUSDT,FLAT,1.0,2026-06-13T11:05:09.867582+00:00,2026-06-13 19:05:09,2026-06-13,19,,,
live_db_signal,ic32_regime_v1,POLUSDT,FLAT,1.0,2026-06-13T11:05:11.322666+00:00,2026-06-13 19:05:11,2026-06-13,19,,,
live_db_signal,ic32_regime_v1,1000PEPEUSDT,FLAT,1.0,2026-06-13T11:05:12.762445+00:00,2026-06-13 19:05:12,2026-06-13,19,,,
live_db_signal,ic32_regime_v1,BNBUSDT,FLAT,1.0,2026-06-13T11:05:14.212235+00:00,2026-06-13 19:05:14,2026-06-13,19,,,
live_db_signal,ic32_regime_v1,ETHUSDT,FLAT,1.0,2026-06-13T11:05:15.679419+00:00,2026-06-13 19:05:15,2026-06-13,19,,,
live_db_signal,ic32_regime_v1,TONUSDT,FLAT,1.0,2026-06-13T11:05:17.159117+00:00,2026-06-13 19:05:17,2026-06-13,19,,,
live_db_signal,ic32_regime_v1,TRXUSDT,FLAT,1.0,2026-06-13T11:05:18.603485+00:00,2026-06-13 19:05:18,2026-06-13,19,,,
live_db_signal,ic32_regime_v1,XRPUSDT,FLAT,1.0,2026-06-13T11:05:20.054992+00:00,2026-06-13 19:05:20,2026-06-13,19,,,
live_db_signal,ic32_regime_v1,ARBUSDT,FLAT,1.0,2026-06-13T11:05:21.558027+00:00,2026-06-13 19:05:21,2026-06-13,19,,,
live_db_signal,ic32_regime_v1,DOGEUSDT,FLAT,1.0,2026-06-13T11:05:23.010831+00:00,2026-06-13 19:05:23,2026-06-13,19,,,
live_db_signal,ic32_regime_v1,LINKUSDT,FLAT,1.0,2026-06-13T11:05:24.492141+00:00,2026-06-13 19:05:24,2026-06-13,19,,,
live_db_signal,ic32_regime_v1,SOLUSDT,FLAT,1.0,2026-06-13T11:05:25.975702+00:00,2026-06-13 19:05:25,2026-06-13,19,,,
live_db_signal,ic32_regime_v1,HBARUSDT,FLAT,1.0,2026-06-13T11:05:27.545907+00:00,2026-06-13 19:05:27,2026-06-13,19,,,
live_db_signal,ic32_regime_v1,ONDOUSDT,FLAT,1.0,2026-06-13T11:05:29.080506+00:00,2026-06-13 19:05:29,2026-06-13,19,,,
live_db_signal,ic32_regime_v1,ADAUSDT,FLAT,1.0,2026-06-13T11:05:30.598131+00:00,2026-06-13 19:05:30,2026-06-13,19,,,
live_db_signal,ic32_regime_v1,1000SHIBUSDT,FLAT,1.0,2026-06-13T11:05:32.218420+00:00,2026-06-13 19:05:32,2026-06-13,19,,,
live_db_signal,ic32_regime_v1,DOTUSDT,FLAT,1.0,2026-06-13T11:05:33.694660+00:00,2026-06-13 19:05:33,2026-06-13,19,,,
live_db_signal,ic32_regime_v1,TAOUSDT,FLAT,1.0,2026-06-13T11:05:35.187277+00:00,2026-06-13 19:05:35,2026-06-13,19,,,
live_db_signal,ic32_regime_v1,SUIUSDT,FLAT,1.0,2026-06-13T12:05:03.639618+00:00,2026-06-13 20:05:03,2026-06-13,20,,,
live_db_signal,ic32_regime_v1,AVAXUSDT,FLAT,1.0,2026-06-13T12:05:05.392265+00:00,2026-06-13 20:05:05,2026-06-13,20,,,
live_db_signal,ic32_regime_v1,NEARUSDT,FLAT,1.0,2026-06-13T12:05:07.200798+00:00,2026-06-13 20:05:07,2026-06-13,20,,,
live_db_signal,ic32_regime_v1,POLUSDT,FLAT,1.0,2026-06-13T12:05:09.158329+00:00,2026-06-13 20:05:09,2026-06-13,20,,,
live_db_signal,ic32_regime_v1,1000PEPEUSDT,FLAT,1.0,2026-06-13T12:05:11.191523+00:00,2026-06-13 20:05:11,2026-06-13,20,,,
live_db_signal,ic32_regime_v1,BNBUSDT,FLAT,1.0,2026-06-13T12:05:12.674348+00:00,2026-06-13 20:05:12,2026-06-13,20,,,
live_db_signal,ic32_regime_v1,ETHUSDT,FLAT,1.0,2026-06-13T12:05:14.351801+00:00,2026-06-13 20:05:14,2026-06-13,20,,,
live_db_signal,ic32_regime_v1,TONUSDT,LONG,0.8662,2026-06-13T12:05:15.935075+00:00,2026-06-13 20:05:15,2026-06-13,20,,,
live_db_signal,ic32_regime_v1,TRXUSDT,FLAT,1.0,2026-06-13T12:05:17.460621+00:00,2026-06-13 20:05:17,2026-06-13,20,,,
live_db_signal,ic32_regime_v1,XRPUSDT,FLAT,1.0,2026-06-13T12:05:19.047591+00:00,2026-06-13 20:05:19,2026-06-13,20,,,
live_db_signal,ic32_regime_v1,ARBUSDT,FLAT,1.0,2026-06-13T12:05:20.651059+00:00,2026-06-13 20:05:20,2026-06-13,20,,,
live_db_signal,ic32_regime_v1,DOGEUSDT,FLAT,1.0,2026-06-13T12:05:22.385196+00:00,2026-06-13 20:05:22,2026-06-13,20,,,
live_db_signal,ic32_regime_v1,LINKUSDT,FLAT,1.0,2026-06-13T12:05:23.831872+00:00,2026-06-13 20:05:23,2026-06-13,20,,,
live_db_signal,ic32_regime_v1,SOLUSDT,FLAT,1.0,2026-06-13T12:05:25.349296+00:00,2026-06-13 20:05:25,2026-06-13,20,,,
live_db_signal,ic32_regime_v1,HBARUSDT,FLAT,1.0,2026-06-13T12:05:26.935765+00:00,2026-06-13 20:05:26,2026-06-13,20,,,
live_db_signal,ic32_regime_v1,ONDOUSDT,FLAT,1.0,2026-06-13T12:05:28.479276+00:00,2026-06-13 20:05:28,2026-06-13,20,,,
live_db_signal,ic32_regime_v1,ADAUSDT,FLAT,1.0,2026-06-13T12:05:29.935262+00:00,2026-06-13 20:05:29,2026-06-13,20,,,
live_db_signal,ic32_regime_v1,1000SHIBUSDT,FLAT,1.0,2026-06-13T12:05:31.477713+00:00,2026-06-13 20:05:31,2026-06-13,20,,,
live_db_signal,ic32_regime_v1,DOTUSDT,FLAT,1.0,2026-06-13T12:05:32.942773+00:00,2026-06-13 20:05:32,2026-06-13,20,,,
live_db_signal,ic32_regime_v1,TAOUSDT,FLAT,1.0,2026-06-13T12:05:34.393387+00:00,2026-06-13 20:05:34,2026-06-13,20,,,
live_db_signal,ic32_regime_v1,SUIUSDT,FLAT,1.0,2026-06-13T13:05:01.241122+00:00,2026-06-13 21:05:01,2026-06-13,21,,,
live_db_signal,ic32_regime_v1,AVAXUSDT,FLAT,1.0,2026-06-13T13:05:02.920497+00:00,2026-06-13 21:05:02,2026-06-13,21,,,
live_db_signal,ic32_regime_v1,NEARUSDT,FLAT,1.0,2026-06-13T13:05:04.462279+00:00,2026-06-13 21:05:04,2026-06-13,21,,,
live_db_signal,ic32_regime_v1,POLUSDT,FLAT,1.0,2026-06-13T13:05:06.006988+00:00,2026-06-13 21:05:06,2026-06-13,21,,,
live_db_signal,ic32_regime_v1,1000PEPEUSDT,FLAT,1.0,2026-06-13T13:05:07.450075+00:00,2026-06-13 21:05:07,2026-06-13,21,,,
live_db_signal,ic32_regime_v1,BNBUSDT,FLAT,1.0,2026-06-13T13:05:08.896968+00:00,2026-06-13 21:05:08,2026-06-13,21,,,
live_db_signal,ic32_regime_v1,ETHUSDT,FLAT,1.0,2026-06-13T13:05:10.648479+00:00,2026-06-13 21:05:10,2026-06-13,21,,,
live_db_signal,ic32_regime_v1,TONUSDT,FLAT,1.0,2026-06-13T13:05:12.215367+00:00,2026-06-13 21:05:12,2026-06-13,21,,,
live_db_signal,ic32_regime_v1,TRXUSDT,FLAT,1.0,2026-06-13T13:05:13.731693+00:00,2026-06-13 21:05:13,2026-06-13,21,,,
live_db_signal,ic32_regime_v1,XRPUSDT,FLAT,1.0,2026-06-13T13:05:15.416233+00:00,2026-06-13 21:05:15,2026-06-13,21,,,
live_db_signal,ic32_regime_v1,ARBUSDT,FLAT,1.0,2026-06-13T13:05:16.957470+00:00,2026-06-13 21:05:16,2026-06-13,21,,,
live_db_signal,ic32_regime_v1,DOGEUSDT,FLAT,1.0,2026-06-13T13:05:18.494469+00:00,2026-06-13 21:05:18,2026-06-13,21,,,
live_db_signal,ic32_regime_v1,LINKUSDT,FLAT,1.0,2026-06-13T13:05:19.950791+00:00,2026-06-13 21:05:19,2026-06-13,21,,,
live_db_signal,ic32_regime_v1,SOLUSDT,FLAT,1.0,2026-06-13T13:05:21.446796+00:00,2026-06-13 21:05:21,2026-06-13,21,,,
live_db_signal,ic32_regime_v1,HBARUSDT,FLAT,1.0,2026-06-13T13:05:22.976226+00:00,2026-06-13 21:05:22,2026-06-13,21,,,
live_db_signal,ic32_regime_v1,ONDOUSDT,FLAT,1.0,2026-06-13T13:05:24.620134+00:00,2026-06-13 21:05:24,2026-06-13,21,,,
live_db_signal,ic32_regime_v1,ADAUSDT,FLAT,1.0,2026-06-13T13:05:26.141833+00:00,2026-06-13 21:05:26,2026-06-13,21,,,
live_db_signal,ic32_regime_v1,1000SHIBUSDT,FLAT,1.0,2026-06-13T13:05:27.653481+00:00,2026-06-13 21:05:27,2026-06-13,21,,,
live_db_signal,ic32_regime_v1,DOTUSDT,FLAT,1.0,2026-06-13T13:05:29.246767+00:00,2026-06-13 21:05:29,2026-06-13,21,,,
live_db_signal,ic32_regime_v1,TAOUSDT,FLAT,1.0,2026-06-13T13:05:30.797574+00:00,2026-06-13 21:05:30,2026-06-13,21,,,
live_db_signal,ic32_regime_v1,SUIUSDT,FLAT,1.0,2026-06-13T14:05:01.280878+00:00,2026-06-13 22:05:01,2026-06-13,22,,,
live_db_signal,ic32_regime_v1,AVAXUSDT,FLAT,1.0,2026-06-13T14:05:03.478583+00:00,2026-06-13 22:05:03,2026-06-13,22,,,
live_db_signal,ic32_regime_v1,NEARUSDT,FLAT,1.0,2026-06-13T14:05:04.899455+00:00,2026-06-13 22:05:04,2026-06-13,22,,,
live_db_signal,ic32_regime_v1,POLUSDT,FLAT,1.0,2026-06-13T14:05:06.380498+00:00,2026-06-13 22:05:06,2026-06-13,22,,,
live_db_signal,ic32_regime_v1,1000PEPEUSDT,FLAT,1.0,2026-06-13T14:05:07.893379+00:00,2026-06-13 22:05:07,2026-06-13,22,,,
live_db_signal,ic32_regime_v1,BNBUSDT,FLAT,1.0,2026-06-13T14:05:09.348259+00:00,2026-06-13 22:05:09,2026-06-13,22,,,
live_db_signal,ic32_regime_v1,ETHUSDT,FLAT,1.0,2026-06-13T14:05:10.940735+00:00,2026-06-13 22:05:10,2026-06-13,22,,,
live_db_signal,ic32_regime_v1,TONUSDT,FLAT,1.0,2026-06-13T14:05:12.441386+00:00,2026-06-13 22:05:12,2026-06-13,22,,,
live_db_signal,ic32_regime_v1,TRXUSDT,FLAT,1.0,2026-06-13T14:05:14.003208+00:00,2026-06-13 22:05:14,2026-06-13,22,,,
live_db_signal,ic32_regime_v1,XRPUSDT,FLAT,1.0,2026-06-13T14:05:15.491963+00:00,2026-06-13 22:05:15,2026-06-13,22,,,
live_db_signal,ic32_regime_v1,ARBUSDT,FLAT,1.0,2026-06-13T14:05:16.989900+00:00,2026-06-13 22:05:16,2026-06-13,22,,,
live_db_signal,ic32_regime_v1,DOGEUSDT,FLAT,1.0,2026-06-13T14:05:18.551824+00:00,2026-06-13 22:05:18,2026-06-13,22,,,
live_db_signal,ic32_regime_v1,LINKUSDT,FLAT,1.0,2026-06-13T14:05:20.063690+00:00,2026-06-13 22:05:20,2026-06-13,22,,,
live_db_signal,ic32_regime_v1,SOLUSDT,FLAT,1.0,2026-06-13T14:05:21.592295+00:00,2026-06-13 22:05:21,2026-06-13,22,,,
live_db_signal,ic32_regime_v1,HBARUSDT,FLAT,1.0,2026-06-13T14:05:23.174174+00:00,2026-06-13 22:05:23,2026-06-13,22,,,
live_db_signal,ic32_regime_v1,ONDOUSDT,FLAT,1.0,2026-06-13T14:05:24.701539+00:00,2026-06-13 22:05:24,2026-06-13,22,,,
live_db_signal,ic32_regime_v1,ADAUSDT,FLAT,1.0,2026-06-13T14:05:26.218269+00:00,2026-06-13 22:05:26,2026-06-13,22,,,
live_db_signal,ic32_regime_v1,1000SHIBUSDT,FLAT,1.0,2026-06-13T14:05:27.726934+00:00,2026-06-13 22:05:27,2026-06-13,22,,,
live_db_signal,ic32_regime_v1,DOTUSDT,FLAT,1.0,2026-06-13T14:05:29.221375+00:00,2026-06-13 22:05:29,2026-06-13,22,,,
live_db_signal,ic32_regime_v1,TAOUSDT,FLAT,1.0,2026-06-13T14:05:30.685008+00:00,2026-06-13 22:05:30,2026-06-13,22,,,
live_db_signal,ic32_regime_v1,SUIUSDT,FLAT,1.0,2026-06-13T15:05:07.180772+00:00,2026-06-13 23:05:07,2026-06-13,23,,,
live_db_signal,ic32_regime_v1,AVAXUSDT,FLAT,1.0,2026-06-13T15:05:08.651287+00:00,2026-06-13 23:05:08,2026-06-13,23,,,
live_db_signal,ic32_regime_v1,NEARUSDT,FLAT,1.0,2026-06-13T15:05:10.098457+00:00,2026-06-13 23:05:10,2026-06-13,23,,,
live_db_signal,ic32_regime_v1,POLUSDT,FLAT,1.0,2026-06-13T15:05:11.547883+00:00,2026-06-13 23:05:11,2026-06-13,23,,,
live_db_signal,ic32_regime_v1,1000PEPEUSDT,FLAT,1.0,2026-06-13T15:05:12.961372+00:00,2026-06-13 23:05:12,2026-06-13,23,,,
live_db_signal,ic32_regime_v1,BNBUSDT,FLAT,1.0,2026-06-13T15:05:14.362723+00:00,2026-06-13 23:05:14,2026-06-13,23,,,
live_db_signal,ic32_regime_v1,ETHUSDT,FLAT,1.0,2026-06-13T15:05:15.776064+00:00,2026-06-13 23:05:15,2026-06-13,23,,,
live_db_signal,ic32_regime_v1,TONUSDT,FLAT,1.0,2026-06-13T15:05:17.207708+00:00,2026-06-13 23:05:17,2026-06-13,23,,,
live_db_signal,ic32_regime_v1,TRXUSDT,FLAT,1.0,2026-06-13T15:05:18.610437+00:00,2026-06-13 23:05:18,2026-06-13,23,,,
live_db_signal,ic32_regime_v1,XRPUSDT,FLAT,1.0,2026-06-13T15:05:19.990353+00:00,2026-06-13 23:05:19,2026-06-13,23,,,
live_db_signal,ic32_regime_v1,ARBUSDT,FLAT,1.0,2026-06-13T15:05:21.394202+00:00,2026-06-13 23:05:21,2026-06-13,23,,,
live_db_signal,ic32_regime_v1,DOGEUSDT,FLAT,1.0,2026-06-13T15:05:22.779132+00:00,2026-06-13 23:05:22,2026-06-13,23,,,
live_db_signal,ic32_regime_v1,LINKUSDT,FLAT,1.0,2026-06-13T15:05:24.164486+00:00,2026-06-13 23:05:24,2026-06-13,23,,,
live_db_signal,ic32_regime_v1,SOLUSDT,FLAT,1.0,2026-06-13T15:05:25.565955+00:00,2026-06-13 23:05:25,2026-06-13,23,,,
live_db_signal,ic32_regime_v1,HBARUSDT,FLAT,1.0,2026-06-13T15:05:26.961734+00:00,2026-06-13 23:05:26,2026-06-13,23,,,
live_db_signal,ic32_regime_v1,ONDOUSDT,FLAT,1.0,2026-06-13T15:05:28.498986+00:00,2026-06-13 23:05:28,2026-06-13,23,,,
live_db_signal,ic32_regime_v1,ADAUSDT,FLAT,1.0,2026-06-13T15:05:29.895066+00:00,2026-06-13 23:05:29,2026-06-13,23,,,
live_db_signal,ic32_regime_v1,1000SHIBUSDT,FLAT,1.0,2026-06-13T15:05:31.338969+00:00,2026-06-13 23:05:31,2026-06-13,23,,,
live_db_signal,ic32_regime_v1,DOTUSDT,FLAT,1.0,2026-06-13T15:05:32.715654+00:00,2026-06-13 23:05:32,2026-06-13,23,,,
live_db_signal,ic32_regime_v1,TAOUSDT,FLAT,1.0,2026-06-13T15:05:34.150086+00:00,2026-06-13 23:05:34,2026-06-13,23,,,
live_db_signal,ic32_regime_v1,SUIUSDT,FLAT,1.0,2026-06-17T04:05:16.682393+00:00,2026-06-17 12:05:16,2026-06-17,12,[flat_flat_no_review] LGBM=FLAT(0.95) → FLAT: tidak ada entry (di bawah threshold / fusion netral),,
live_db_signal,ic32_regime_v1,AVAXUSDT,FLAT,1.0,2026-06-17T04:05:22.282309+00:00,2026-06-17 12:05:22,2026-06-17,12,[flat_flat_no_review] LGBM=FLAT(0.97) → FLAT: tidak ada entry (di bawah threshold / fusion netral),,
live_db_signal,ic32_regime_v1,1000PEPEUSDT,FLAT,1.0,2026-06-17T04:05:39.313669+00:00,2026-06-17 12:05:39,2026-06-17,12,[flat_flat_no_review] LGBM=FLAT(0.85) → FLAT: tidak ada entry (di bawah threshold / fusion netral),,
live_db_signal,ic32_regime_v1,BNBUSDT,FLAT,1.0,2026-06-17T04:05:44.942293+00:00,2026-06-17 12:05:44,2026-06-17,12,[flat_flat_no_review] LGBM=FLAT(0.65) → FLAT: tidak ada entry (di bawah threshold / fusion netral),,
live_db_signal,ic32_regime_v1,TONUSDT,FLAT,1.0,2026-06-17T04:05:57.075001+00:00,2026-06-17 12:05:57,2026-06-17,12,[flat_flat_no_review] LGBM=FLAT(0.80) → FLAT: tidak ada entry (di bawah threshold / fusion netral),,
live_db_signal,ic32_regime_v1,TRXUSDT,FLAT,1.0,2026-06-17T04:06:02.778346+00:00,2026-06-17 12:06:02,2026-06-17,12,[flat_flat_no_review] LGBM=FLAT(0.78) → FLAT: tidak ada entry (di bawah threshold / fusion netral),,
live_db_signal,ic32_regime_v1,ARBUSDT,FLAT,1.0,2026-06-17T04:06:13.936089+00:00,2026-06-17 12:06:13,2026-06-17,12,[flat_flat_no_review] LGBM=FLAT(0.92) → FLAT: tidak ada entry (di bawah threshold / fusion netral),,
live_db_signal,ic32_regime_v1,DOGEUSDT,FLAT,1.0,2026-06-17T04:06:20.239789+00:00,2026-06-17 12:06:20,2026-06-17,12,[flat_flat_no_review] LGBM=FLAT(0.87) → FLAT: tidak ada entry (di bawah threshold / fusion netral),,
live_db_signal,ic32_regime_v1,LINKUSDT,FLAT,1.0,2026-06-17T04:06:25.414768+00:00,2026-06-17 12:06:25,2026-06-17,12,[flat_flat_no_review] LGBM=FLAT(0.96) → FLAT: tidak ada entry (di bawah threshold / fusion netral),,
live_db_signal,ic32_regime_v1,SOLUSDT,FLAT,1.0,2026-06-17T04:06:30.983461+00:00,2026-06-17 12:06:30,2026-06-17,12,[flat_flat_no_review] LGBM=FLAT(0.88) → FLAT: tidak ada entry (di bawah threshold / fusion netral),,
live_db_signal,ic32_regime_v1,ONDOUSDT,FLAT,1.0,2026-06-17T04:06:43.108012+00:00,2026-06-17 12:06:43,2026-06-17,12,[flat_flat_no_review] LGBM=FLAT(0.72) → FLAT: tidak ada entry (di bawah threshold / fusion netral),,
live_db_signal,ic32_regime_v1,DOTUSDT,FLAT,1.0,2026-06-17T04:07:01.753015+00:00,2026-06-17 12:07:01,2026-06-17,12,[flat_flat_no_review] LGBM=FLAT(0.98) → FLAT: tidak ada entry (di bawah threshold / fusion netral),,
live_db_signal,ic32_regime_v1,AVAXUSDT,FLAT,1.0,2026-06-17T05:05:14.979036+00:00,2026-06-17 13:05:14,2026-06-17,13,[flat_flat_no_review] LGBM=FLAT(0.66) → FLAT: tidak ada entry (di bawah threshold / fusion netral),,
live_db_signal,ic32_regime_v1,BNBUSDT,FLAT,1.0,2026-06-17T05:05:38.207386+00:00,2026-06-17 13:05:38,2026-06-17,13,[flat_flat_no_review] LGBM=FLAT(0.72) → FLAT: tidak ada entry (di bawah threshold / fusion netral),,
live_db_signal,ic32_regime_v1,TONUSDT,FLAT,1.0,2026-06-17T05:05:49.369262+00:00,2026-06-17 13:05:49,2026-06-17,13,[flat_flat_no_review] LGBM=FLAT(0.88) → FLAT: tidak ada entry (di bawah threshold / fusion netral),,
live_db_signal,ic32_regime_v1,TRXUSDT,FLAT,1.0,2026-06-17T05:05:54.907273+00:00,2026-06-17 13:05:54,2026-06-17,13,[flat_flat_no_review] LGBM=FLAT(0.72) → FLAT: tidak ada entry (di bawah threshold / fusion netral),,
live_db_signal,ic32_regime_v1,ARBUSDT,FLAT,1.0,2026-06-17T05:06:05.826211+00:00,2026-06-17 13:06:05,2026-06-17,13,[flat_flat_no_review] LGBM=FLAT(0.81) → FLAT: tidak ada entry (di bawah threshold / fusion netral),,
live_db_signal,ic32_regime_v1,DOGEUSDT,FLAT,1.0,2026-06-17T05:06:11.312686+00:00,2026-06-17 13:06:11,2026-06-17,13,[flat_flat_no_review] LGBM=FLAT(0.74) → FLAT: tidak ada entry (di bawah threshold / fusion netral),,
live_db_signal,ic32_regime_v1,LINKUSDT,FLAT,1.0,2026-06-17T05:06:16.924595+00:00,2026-06-17 13:06:16,2026-06-17,13,[flat_flat_no_review] LGBM=FLAT(0.62) → FLAT: tidak ada entry (di bawah threshold / fusion netral),,
live_db_signal,ic32_regime_v1,SOLUSDT,FLAT,1.0,2026-06-17T05:06:22.410580+00:00,2026-06-17 13:06:22,2026-06-17,13,[flat_flat_no_review] LGBM=FLAT(0.49) → FLAT: tidak ada entry (di bawah threshold / fusion netral),,
live_db_signal,ic32_regime_v1,DOTUSDT,FLAT,1.0,2026-06-17T05:06:50.233209+00:00,2026-06-17 13:06:50,2026-06-17,13,[flat_flat_no_review] LGBM=FLAT(0.78) → FLAT: tidak ada entry (di bawah threshold / fusion netral),,
live_db_signal,ic32_regime_v1,NEARUSDT,FLAT,1.0,2026-06-17T06:05:24.726699+00:00,2026-06-17 14:05:24,2026-06-17,14,[flat_flat_no_review] LGBM=FLAT(0.95) → FLAT: tidak ada entry (di bawah threshold / fusion netral),,
live_db_signal,ic32_regime_v1,BNBUSDT,FLAT,1.0,2026-06-17T06:05:42.414887+00:00,2026-06-17 14:05:42,2026-06-17,14,[flat_flat_no_review] LGBM=FLAT(0.62) → FLAT: tidak ada entry (di bawah threshold / fusion netral),,
live_db_signal,ic32_regime_v1,TONUSDT,FLAT,1.0,2026-06-17T06:05:54.319061+00:00,2026-06-17 14:05:54,2026-06-17,14,[flat_flat_no_review] LGBM=FLAT(0.90) → FLAT: tidak ada entry (di bawah threshold / fusion netral),,
live_db_signal,ic32_regime_v1,TRXUSDT,FLAT,1.0,2026-06-17T06:06:00.386733+00:00,2026-06-17 14:06:00,2026-06-17,14,[flat_flat_no_review] LGBM=FLAT(0.85) → FLAT: tidak ada entry (di bawah threshold / fusion netral),,
live_db_signal,ic32_regime_v1,DOTUSDT,FLAT,1.0,2026-06-17T06:06:57.105167+00:00,2026-06-17 14:06:57,2026-06-17,14,[flat_flat_no_review] LGBM=FLAT(0.84) → FLAT: tidak ada entry (di bawah threshold / fusion netral),,
live_db_signal,ic32_regime_v1,SUIUSDT,FLAT,1.0,2026-06-17T07:05:10.064395+00:00,2026-06-17 15:05:10,2026-06-17,15,[flat_flat_no_review] LGBM=FLAT(0.75) → FLAT: tidak ada entry (di bawah threshold / fusion netral),,
live_db_signal,ic32_regime_v1,AVAXUSDT,FLAT,1.0,2026-06-17T07:05:16.058100+00:00,2026-06-17 15:05:16,2026-06-17,15,[flat_flat_no_review] LGBM=FLAT(0.82) → FLAT: tidak ada entry (di bawah threshold / fusion netral),,
live_db_signal,ic32_regime_v1,1000PEPEUSDT,FLAT,1.0,2026-06-17T07:05:34.418920+00:00,2026-06-17 15:05:34,2026-06-17,15,[flat_flat_no_review] LGBM=FLAT(0.80) → FLAT: tidak ada entry (di bawah threshold / fusion netral),,
live_db_signal,ic32_regime_v1,BNBUSDT,FLAT,1.0,2026-06-17T07:05:40.165460+00:00,2026-06-17 15:05:40,2026-06-17,15,[flat_flat_no_review] LGBM=FLAT(0.67) → FLAT: tidak ada entry (di bawah threshold / fusion netral),,
live_db_signal,ic32_regime_v1,TONUSDT,FLAT,1.0,2026-06-17T07:05:52.115331+00:00,2026-06-17 15:05:52,2026-06-17,15,[flat_flat_no_review] LGBM=FLAT(0.92) → FLAT: tidak ada entry (di bawah threshold / fusion netral),,
live_db_signal,ic32_regime_v1,TRXUSDT,FLAT,1.0,2026-06-17T07:05:57.723843+00:00,2026-06-17 15:05:57,2026-06-17,15,[flat_flat_no_review] LGBM=FLAT(0.88) → FLAT: tidak ada entry (di bawah threshold / fusion netral),,
live_db_signal,ic32_regime_v1,XRPUSDT,FLAT,1.0,2026-06-17T07:06:03.258010+00:00,2026-06-17 15:06:03,2026-06-17,15,[flat_flat_no_review] LGBM=FLAT(0.84) → FLAT: tidak ada entry (di bawah threshold / fusion netral),,
live_db_signal,ic32_regime_v1,DOGEUSDT,FLAT,1.0,2026-06-17T07:06:14.985974+00:00,2026-06-17 15:06:14,2026-06-17,15,[flat_flat_no_review] LGBM=FLAT(0.85) → FLAT: tidak ada entry (di bawah threshold / fusion netral),,
live_db_signal,ic32_regime_v1,SOLUSDT,FLAT,1.0,2026-06-17T07:06:27.203622+00:00,2026-06-17 15:06:27,2026-06-17,15,[flat_flat_no_review] LGBM=FLAT(0.82) → FLAT: tidak ada entry (di bawah threshold / fusion netral),,
live_db_signal,ic32_regime_v1,ADAUSDT,FLAT,1.0,2026-06-17T07:06:44.669394+00:00,2026-06-17 15:06:44,2026-06-17,15,[flat_flat_no_review] LGBM=FLAT(0.82) → FLAT: tidak ada entry (di bawah threshold / fusion netral),,
live_db_signal,ic32_regime_v1,BTCUSDT,FLAT,1.0,2026-06-17T07:07:11.307008+00:00,2026-06-17 15:07:11,2026-06-17,15,[flat_flat_no_review] LGBM=FLAT(0.85) → FLAT: tidak ada entry (di bawah threshold / fusion netral),,
live_db_signal,ic32_regime_v1,SUIUSDT,FLAT,1.0,2026-06-17T08:05:08.242120+00:00,2026-06-17 16:05:08,2026-06-17,16,[flat_flat_no_review] LGBM=FLAT(0.70) → FLAT: tidak ada entry (di bawah threshold / fusion netral),,
live_db_signal,ic32_regime_v1,BNBUSDT,FLAT,1.0,2026-06-17T08:05:37.908308+00:00,2026-06-17 16:05:37,2026-06-17,16,[flat_flat_no_review] LGBM=FLAT(0.64) → FLAT: tidak ada entry (di bawah threshold / fusion netral),,
live_db_signal,ic32_regime_v1,TONUSDT,FLAT,1.0,2026-06-17T08:05:50.759593+00:00,2026-06-17 16:05:50,2026-06-17,16,[flat_flat_no_review] LGBM=FLAT(0.97) → FLAT: tidak ada entry (di bawah threshold / fusion netral),,
live_db_signal,ic32_regime_v1,TRXUSDT,FLAT,1.0,2026-06-17T08:05:57.330668+00:00,2026-06-17 16:05:57,2026-06-17,16,[flat_flat_no_review] LGBM=FLAT(0.93) → FLAT: tidak ada entry (di bawah threshold / fusion netral),,
live_db_signal,ic32_regime_v1,XRPUSDT,FLAT,1.0,2026-06-17T08:06:03.680025+00:00,2026-06-17 16:06:03,2026-06-17,16,[flat_flat_no_review] LGBM=FLAT(0.67) → FLAT: tidak ada entry (di bawah threshold / fusion netral),,
live_db_signal,ic32_regime_v1,DOGEUSDT,FLAT,1.0,2026-06-17T08:06:16.189466+00:00,2026-06-17 16:06:16,2026-06-17,16,[flat_flat_no_review] LGBM=FLAT(0.89) → FLAT: tidak ada entry (di bawah threshold / fusion netral),,
live_db_signal,ic32_regime_v1,SOLUSDT,FLAT,1.0,2026-06-17T08:06:27.754423+00:00,2026-06-17 16:06:27,2026-06-17,16,[flat_flat_no_review] LGBM=FLAT(0.91) → FLAT: tidak ada entry (di bawah threshold / fusion netral),,
live_db_signal,ic32_regime_v1,ADAUSDT,FLAT,1.0,2026-06-17T08:06:44.548776+00:00,2026-06-17 16:06:44,2026-06-17,16,[flat_flat_no_review] LGBM=FLAT(0.93) → FLAT: tidak ada entry (di bawah threshold / fusion netral),,
live_db_signal,ic32_regime_v1,BTCUSDT,FLAT,1.0,2026-06-17T08:07:09.255166+00:00,2026-06-17 16:07:09,2026-06-17,16,[flat_flat_no_review] LGBM=FLAT(0.90) → FLAT: tidak ada entry (di bawah threshold / fusion netral),,
live_db_signal,ic32_regime_v1,SUIUSDT,FLAT,1.0,2026-06-17T09:05:08.549536+00:00,2026-06-17 17:05:08,2026-06-17,17,[flat_flat_no_review] LGBM=FLAT(0.97) → FLAT: tidak ada entry (di bawah threshold / fusion netral),,
live_db_signal,ic32_regime_v1,AVAXUSDT,FLAT,1.0,2026-06-17T09:05:14.619837+00:00,2026-06-17 17:05:14,2026-06-17,17,[flat_flat_no_review] LGBM=FLAT(0.96) → FLAT: tidak ada entry (di bawah threshold / fusion netral),,
live_db_signal,ic32_regime_v1,NEARUSDT,FLAT,1.0,2026-06-17T09:05:20.979614+00:00,2026-06-17 17:05:20,2026-06-17,17,[flat_flat_no_review] LGBM=FLAT(0.96) → FLAT: tidak ada entry (di bawah threshold / fusion netral),,
live_db_signal,ic32_regime_v1,1000PEPEUSDT,FLAT,1.0,2026-06-17T09:05:32.745083+00:00,2026-06-17 17:05:32,2026-06-17,17,[flat_flat_no_review] LGBM=FLAT(0.98) → FLAT: tidak ada entry (di bawah threshold / fusion netral),,
live_db_signal,ic32_regime_v1,BNBUSDT,FLAT,1.0,2026-06-17T09:05:38.824464+00:00,2026-06-17 17:05:38,2026-06-17,17,[flat_flat_no_review] LGBM=FLAT(0.95) → FLAT: tidak ada entry (di bawah threshold / fusion netral),,
live_db_signal,ic32_regime_v1,ETHUSDT,FLAT,1.0,2026-06-17T09:05:44.774321+00:00,2026-06-17 17:05:44,2026-06-17,17,[flat_flat_no_review] LGBM=FLAT(0.98) → FLAT: tidak ada entry (di bawah threshold / fusion netral),,
live_db_signal,ic32_regime_v1,TONUSDT,FLAT,1.0,2026-06-17T09:05:50.835419+00:00,2026-06-17 17:05:50,2026-06-17,17,[flat_flat_no_review] LGBM=FLAT(0.92) → FLAT: tidak ada entry (di bawah threshold / fusion netral),,
live_db_signal,ic32_regime_v1,TRXUSDT,FLAT,1.0,2026-06-17T09:05:56.749164+00:00,2026-06-17 17:05:56,2026-06-17,17,[flat_flat_no_review] LGBM=FLAT(0.92) → FLAT: tidak ada entry (di bawah threshold / fusion netral),,
live_db_signal,ic32_regime_v1,XRPUSDT,FLAT,1.0,2026-06-17T09:06:02.823152+00:00,2026-06-17 17:06:02,2026-06-17,17,[flat_flat_no_review] LGBM=FLAT(0.98) → FLAT: tidak ada entry (di bawah threshold / fusion netral),,
live_db_signal,ic32_regime_v1,ARBUSDT,FLAT,1.0,2026-06-17T09:06:09.144391+00:00,2026-06-17 17:06:09,2026-06-17,17,[flat_flat_no_review] LGBM=FLAT(0.72) → FLAT: tidak ada entry (di bawah threshold / fusion netral),,
live_db_signal,ic32_regime_v1,DOGEUSDT,FLAT,1.0,2026-06-17T09:06:16.716459+00:00,2026-06-17 17:06:16,2026-06-17,17,[flat_flat_no_review] LGBM=FLAT(0.98) → FLAT: tidak ada entry (di bawah threshold / fusion netral),,
live_db_signal,ic32_regime_v1,LINKUSDT,FLAT,1.0,2026-06-17T09:06:22.709684+00:00,2026-06-17 17:06:22,2026-06-17,17,[flat_flat_no_review] LGBM=FLAT(0.99) → FLAT: tidak ada entry (di bawah threshold / fusion netral),,
live_db_signal,ic32_regime_v1,SOLUSDT,FLAT,1.0,2026-06-17T09:06:28.748763+00:00,2026-06-17 17:06:28,2026-06-17,17,[flat_flat_no_review] LGBM=FLAT(0.97) → FLAT: tidak ada entry (di bawah threshold / fusion netral),,
live_db_signal,ic32_regime_v1,HBARUSDT,FLAT,1.0,2026-06-17T09:06:34.881442+00:00,2026-06-17 17:06:34,2026-06-17,17,[flat_flat_no_review] LGBM=FLAT(0.98) → FLAT: tidak ada entry (di bawah threshold / fusion netral),,
live_db_signal,ic32_regime_v1,ONDOUSDT,FLAT,1.0,2026-06-17T09:06:41.439184+00:00,2026-06-17 17:06:41,2026-06-17,17,[flat_flat_no_review] LGBM=FLAT(0.93) → FLAT: tidak ada entry (di bawah threshold / fusion netral),,
live_db_signal,ic32_regime_v1,ADAUSDT,FLAT,1.0,2026-06-17T09:06:47.207475+00:00,2026-06-17 17:06:47,2026-06-17,17,[flat_flat_no_review] LGBM=FLAT(0.96) → FLAT: tidak ada entry (di bawah threshold / fusion netral),,
live_db_signal,ic32_regime_v1,1000SHIBUSDT,FLAT,1.0,2026-06-17T09:06:53.169268+00:00,2026-06-17 17:06:53,2026-06-17,17,[flat_flat_no_review] LGBM=FLAT(0.97) → FLAT: tidak ada entry (di bawah threshold / fusion netral),,
live_db_signal,ic32_regime_v1,DOTUSDT,FLAT,1.0,2026-06-17T09:06:59.027292+00:00,2026-06-17 17:06:59,2026-06-17,17,[flat_flat_no_review] LGBM=FLAT(0.94) → FLAT: tidak ada entry (di bawah threshold / fusion netral),,
live_db_signal,ic32_regime_v1,TAOUSDT,FLAT,1.0,2026-06-17T09:07:06.264216+00:00,2026-06-17 17:07:06,2026-06-17,17,[flat_flat_no_review] LGBM=FLAT(0.71) → FLAT: tidak ada entry (di bawah threshold / fusion netral),,
live_db_signal,ic32_regime_v1,BTCUSDT,FLAT,1.0,2026-06-17T09:07:13.510435+00:00,2026-06-17 17:07:13,2026-06-17,17,[flat_flat_no_review] LGBM=FLAT(0.98) → FLAT: tidak ada entry (di bawah threshold / fusion netral),,
live_db_signal,ic32_regime_v1,SUIUSDT,FLAT,1.0,2026-06-17T10:05:09.347102+00:00,2026-06-17 18:05:09,2026-06-17,18,[flat_flat_no_review] LGBM=FLAT(0.97) → FLAT: tidak ada entry (di bawah threshold / fusion netral),,
live_db_signal,ic32_regime_v1,AVAXUSDT,FLAT,1.0,2026-06-17T10:05:14.844055+00:00,2026-06-17 18:05:14,2026-06-17,18,[flat_flat_no_review] LGBM=FLAT(0.95) → FLAT: tidak ada entry (di bawah threshold / fusion netral),,
live_db_signal,ic32_regime_v1,NEARUSDT,FLAT,1.0,2026-06-17T10:05:20.422717+00:00,2026-06-17 18:05:20,2026-06-17,18,[flat_flat_no_review] LGBM=FLAT(0.97) → FLAT: tidak ada entry (di bawah threshold / fusion netral),,
live_db_signal,ic32_regime_v1,1000PEPEUSDT,FLAT,1.0,2026-06-17T10:05:32.622614+00:00,2026-06-17 18:05:32,2026-06-17,18,[flat_flat_no_review] LGBM=FLAT(0.96) → FLAT: tidak ada entry (di bawah threshold / fusion netral),,
live_db_signal,ic32_regime_v1,BNBUSDT,FLAT,1.0,2026-06-17T10:05:38.677955+00:00,2026-06-17 18:05:38,2026-06-17,18,[flat_flat_no_review] LGBM=FLAT(0.95) → FLAT: tidak ada entry (di bawah threshold / fusion netral),,
live_db_signal,ic32_regime_v1,ETHUSDT,FLAT,1.0,2026-06-17T10:05:45.345537+00:00,2026-06-17 18:05:45,2026-06-17,18,[flat_flat_no_review] LGBM=FLAT(0.97) → FLAT: tidak ada entry (di bawah threshold / fusion netral),,
live_db_signal,ic32_regime_v1,TONUSDT,FLAT,1.0,2026-06-17T10:05:51.722806+00:00,2026-06-17 18:05:51,2026-06-17,18,[flat_flat_no_review] LGBM=FLAT(0.96) → FLAT: tidak ada entry (di bawah threshold / fusion netral),,
live_db_signal,ic32_regime_v1,TRXUSDT,FLAT,1.0,2026-06-17T10:05:57.496673+00:00,2026-06-17 18:05:57,2026-06-17,18,[flat_flat_no_review] LGBM=FLAT(0.99) → FLAT: tidak ada entry (di bawah threshold / fusion netral),,
live_db_signal,ic32_regime_v1,XRPUSDT,FLAT,1.0,2026-06-17T10:06:03.194127+00:00,2026-06-17 18:06:03,2026-06-17,18,[flat_flat_no_review] LGBM=FLAT(0.98) → FLAT: tidak ada entry (di bawah threshold / fusion netral),,
live_db_signal,ic32_regime_v1,DOGEUSDT,FLAT,1.0,2026-06-17T10:06:15.588666+00:00,2026-06-17 18:06:15,2026-06-17,18,[flat_flat_no_review] LGBM=FLAT(0.97) → FLAT: tidak ada entry (di bawah threshold / fusion netral),,
live_db_signal,ic32_regime_v1,LINKUSDT,FLAT,1.0,2026-06-17T10:06:21.523245+00:00,2026-06-17 18:06:21,2026-06-17,18,[flat_flat_no_review] LGBM=FLAT(0.98) → FLAT: tidak ada entry (di bawah threshold / fusion netral),,
live_db_signal,ic32_regime_v1,SOLUSDT,FLAT,1.0,2026-06-17T10:06:28.489943+00:00,2026-06-17 18:06:28,2026-06-17,18,[flat_flat_no_review] LGBM=FLAT(0.97) → FLAT: tidak ada entry (di bawah threshold / fusion netral),,
live_db_signal,ic32_regime_v1,HBARUSDT,FLAT,1.0,2026-06-17T10:06:34.166794+00:00,2026-06-17 18:06:34,2026-06-17,18,[flat_flat_no_review] LGBM=FLAT(0.98) → FLAT: tidak ada entry (di bawah threshold / fusion netral),,
live_db_signal,ic32_regime_v1,ONDOUSDT,FLAT,1.0,2026-06-17T10:06:40.214848+00:00,2026-06-17 18:06:40,2026-06-17,18,[flat_flat_no_review] LGBM=FLAT(0.88) → FLAT: tidak ada entry (di bawah threshold / fusion netral),,
live_db_signal,ic32_regime_v1,ADAUSDT,FLAT,1.0,2026-06-17T10:06:46.524007+00:00,2026-06-17 18:06:46,2026-06-17,18,[flat_flat_no_review] LGBM=FLAT(0.96) → FLAT: tidak ada entry (di bawah threshold / fusion netral),,
live_db_signal,ic32_regime_v1,1000SHIBUSDT,FLAT,1.0,2026-06-17T10:06:52.982296+00:00,2026-06-17 18:06:52,2026-06-17,18,[flat_flat_no_review] LGBM=FLAT(0.96) → FLAT: tidak ada entry (di bawah threshold / fusion netral),,
live_db_signal,ic32_regime_v1,DOTUSDT,FLAT,1.0,2026-06-17T10:06:59.469594+00:00,2026-06-17 18:06:59,2026-06-17,18,[flat_flat_no_review] LGBM=FLAT(0.75) → FLAT: tidak ada entry (di bawah threshold / fusion netral),,
live_db_signal,ic32_regime_v1,TAOUSDT,FLAT,1.0,2026-06-17T10:07:06.536610+00:00,2026-06-17 18:07:06,2026-06-17,18,[flat_flat_no_review] LGBM=FLAT(0.92) → FLAT: tidak ada entry (di bawah threshold / fusion netral),,
live_db_signal,ic32_regime_v1,BTCUSDT,FLAT,1.0,2026-06-17T10:07:13.471873+00:00,2026-06-17 18:07:13,2026-06-17,18,[flat_flat_no_review] LGBM=FLAT(0.98) → FLAT: tidak ada entry (di bawah threshold / fusion netral),,
live_db_signal,ic32_regime_v1,SUIUSDT,FLAT,1.0,2026-06-17T11:05:07.583531+00:00,2026-06-17 19:05:07,2026-06-17,19,[flat_flat_no_review] LGBM=FLAT(0.98) → FLAT: tidak ada entry (di bawah threshold / fusion netral),,
live_db_signal,ic32_regime_v1,AVAXUSDT,FLAT,1.0,2026-06-17T11:05:13.332274+00:00,2026-06-17 19:05:13,2026-06-17,19,[flat_flat_no_review] LGBM=FLAT(0.99) → FLAT: tidak ada entry (di bawah threshold / fusion netral),,
live_db_signal,ic32_regime_v1,NEARUSDT,FLAT,1.0,2026-06-17T11:05:19.101677+00:00,2026-06-17 19:05:19,2026-06-17,19,[flat_flat_no_review] LGBM=FLAT(0.98) → FLAT: tidak ada entry (di bawah threshold / fusion netral),,
live_db_signal,ic32_regime_v1,POLUSDT,FLAT,1.0,2026-06-17T11:05:24.827470+00:00,2026-06-17 19:05:24,2026-06-17,19,[flat_flat_no_review] LGBM=FLAT(0.84) → FLAT: tidak ada entry (di bawah threshold / fusion netral),,
live_db_signal,ic32_regime_v1,1000PEPEUSDT,FLAT,1.0,2026-06-17T11:05:30.357450+00:00,2026-06-17 19:05:30,2026-06-17,19,[flat_flat_no_review] LGBM=FLAT(0.99) → FLAT: tidak ada entry (di bawah threshold / fusion netral),,
live_db_signal,ic32_regime_v1,BNBUSDT,FLAT,1.0,2026-06-17T11:05:35.832474+00:00,2026-06-17 19:05:35,2026-06-17,19,[flat_flat_no_review] LGBM=FLAT(0.95) → FLAT: tidak ada entry (di bawah threshold / fusion netral),,
live_db_signal,ic32_regime_v1,ETHUSDT,FLAT,1.0,2026-06-17T11:05:41.733610+00:00,2026-06-17 19:05:41,2026-06-17,19,[flat_flat_no_review] LGBM=FLAT(0.98) → FLAT: tidak ada entry (di bawah threshold / fusion netral),,
live_db_signal,ic32_regime_v1,TONUSDT,FLAT,1.0,2026-06-17T11:05:47.805298+00:00,2026-06-17 19:05:47,2026-06-17,19,[flat_flat_no_review] LGBM=FLAT(0.85) → FLAT: tidak ada entry (di bawah threshold / fusion netral),,
live_db_signal,ic32_regime_v1,TRXUSDT,FLAT,1.0,2026-06-17T11:05:54.173795+00:00,2026-06-17 19:05:54,2026-06-17,19,[flat_flat_no_review] LGBM=FLAT(0.95) → FLAT: tidak ada entry (di bawah threshold / fusion netral),,
live_db_signal,ic32_regime_v1,XRPUSDT,FLAT,1.0,2026-06-17T11:05:59.929834+00:00,2026-06-17 19:05:59,2026-06-17,19,[flat_flat_no_review] LGBM=FLAT(0.99) → FLAT: tidak ada entry (di bawah threshold / fusion netral),,
live_db_signal,ic32_regime_v1,ARBUSDT,FLAT,1.0,2026-06-17T11:06:06.203881+00:00,2026-06-17 19:06:06,2026-06-17,19,[flat_flat_no_review] LGBM=FLAT(0.93) → FLAT: tidak ada entry (di bawah threshold / fusion netral),,
live_db_signal,ic32_regime_v1,DOGEUSDT,FLAT,1.0,2026-06-17T11:06:12.676569+00:00,2026-06-17 19:06:12,2026-06-17,19,[flat_flat_no_review] LGBM=FLAT(0.96) → FLAT: tidak ada entry (di bawah threshold / fusion netral),,
live_db_signal,ic32_regime_v1,LINKUSDT,FLAT,1.0,2026-06-17T11:06:18.545024+00:00,2026-06-17 19:06:18,2026-06-17,19,[flat_flat_no_review] LGBM=FLAT(0.99) → FLAT: tidak ada entry (di bawah threshold / fusion netral),,
live_db_signal,ic32_regime_v1,SOLUSDT,FLAT,1.0,2026-06-17T11:06:25.134976+00:00,2026-06-17 19:06:25,2026-06-17,19,[flat_flat_no_review] LGBM=FLAT(1.00) → FLAT: tidak ada entry (di bawah threshold / fusion netral),,
live_db_signal,ic32_regime_v1,HBARUSDT,FLAT,1.0,2026-06-17T11:06:30.994878+00:00,2026-06-17 19:06:30,2026-06-17,19,[flat_flat_no_review] LGBM=FLAT(0.98) → FLAT: tidak ada entry (di bawah threshold / fusion netral),,
live_db_signal,ic32_regime_v1,ONDOUSDT,FLAT,1.0,2026-06-17T11:06:37.271939+00:00,2026-06-17 19:06:37,2026-06-17,19,[flat_flat_no_review] LGBM=FLAT(0.66) → FLAT: tidak ada entry (di bawah threshold / fusion netral),,
live_db_signal,ic32_regime_v1,ADAUSDT,FLAT,1.0,2026-06-17T11:06:43.890650+00:00,2026-06-17 19:06:43,2026-06-17,19,[flat_flat_no_review] LGBM=FLAT(0.96) → FLAT: tidak ada entry (di bawah threshold / fusion netral),,
live_db_signal,ic32_regime_v1,1000SHIBUSDT,FLAT,1.0,2026-06-17T11:06:51.034850+00:00,2026-06-17 19:06:51,2026-06-17,19,[flat_flat_no_review] LGBM=FLAT(0.98) → FLAT: tidak ada entry (di bawah threshold / fusion netral),,
live_db_signal,ic32_regime_v1,DOTUSDT,FLAT,1.0,2026-06-17T11:06:56.852018+00:00,2026-06-17 19:06:56,2026-06-17,19,[flat_flat_no_review] LGBM=FLAT(0.98) → FLAT: tidak ada entry (di bawah threshold / fusion netral),,
live_db_signal,ic32_regime_v1,TAOUSDT,FLAT,1.0,2026-06-17T11:07:04.780803+00:00,2026-06-17 19:07:04,2026-06-17,19,[flat_flat_no_review] LGBM=FLAT(0.95) → FLAT: tidak ada entry (di bawah threshold / fusion netral),,
live_db_signal,ic32_regime_v1,BTCUSDT,FLAT,1.0,2026-06-17T11:07:11.434865+00:00,2026-06-17 19:07:11,2026-06-17,19,[flat_flat_no_review] LGBM=FLAT(0.99) → FLAT: tidak ada entry (di bawah threshold / fusion netral),,
live_db_signal,ic32_regime_v1,SUIUSDT,FLAT,1.0,2026-06-17T12:05:09.974630+00:00,2026-06-17 20:05:09,2026-06-17,20,[flat_flat_no_review] LGBM=FLAT(0.99) → FLAT: tidak ada entry (di bawah threshold / fusion netral),,
live_db_signal,ic32_regime_v1,AVAXUSDT,FLAT,1.0,2026-06-17T12:05:16.831311+00:00,2026-06-17 20:05:16,2026-06-17,20,[flat_flat_no_review] LGBM=FLAT(0.98) → FLAT: tidak ada entry (di bawah threshold / fusion netral),,
live_db_signal,ic32_regime_v1,NEARUSDT,FLAT,1.0,2026-06-17T12:05:23.290861+00:00,2026-06-17 20:05:23,2026-06-17,20,[flat_flat_no_review] LGBM=FLAT(0.94) → FLAT: tidak ada entry (di bawah threshold / fusion netral),,
live_db_signal,ic32_regime_v1,1000PEPEUSDT,FLAT,1.0,2026-06-17T12:05:34.622417+00:00,2026-06-17 20:05:34,2026-06-17,20,[flat_flat_no_review] LGBM=FLAT(0.98) → FLAT: tidak ada entry (di bawah threshold / fusion netral),,
live_db_signal,ic32_regime_v1,ETHUSDT,FLAT,1.0,2026-06-17T12:05:47.589358+00:00,2026-06-17 20:05:47,2026-06-17,20,[flat_flat_no_review] LGBM=FLAT(0.99) → FLAT: tidak ada entry (di bawah threshold / fusion netral),,
live_db_signal,ic32_regime_v1,TRXUSDT,FLAT,1.0,2026-06-17T12:06:02.118700+00:00,2026-06-17 20:06:02,2026-06-17,20,[flat_flat_no_review] LGBM=FLAT(0.98) → FLAT: tidak ada entry (di bawah threshold / fusion netral),,
live_db_signal,ic32_regime_v1,XRPUSDT,FLAT,1.0,2026-06-17T12:06:09.429055+00:00,2026-06-17 20:06:09,2026-06-17,20,[flat_flat_no_review] LGBM=FLAT(0.97) → FLAT: tidak ada entry (di bawah threshold / fusion netral),,
live_db_signal,ic32_regime_v1,ARBUSDT,FLAT,1.0,2026-06-17T12:06:15.793963+00:00,2026-06-17 20:06:15,2026-06-17,20,[flat_flat_no_review] LGBM=FLAT(0.78) → FLAT: tidak ada entry (di bawah threshold / fusion netral),,
live_db_signal,ic32_regime_v1,DOGEUSDT,FLAT,1.0,2026-06-17T12:06:21.539858+00:00,2026-06-17 20:06:21,2026-06-17,20,[flat_flat_no_review] LGBM=FLAT(0.98) → FLAT: tidak ada entry (di bawah threshold / fusion netral),,
live_db_signal,ic32_regime_v1,LINKUSDT,FLAT,1.0,2026-06-17T12:06:27.722211+00:00,2026-06-17 20:06:27,2026-06-17,20,[flat_flat_no_review] LGBM=FLAT(0.97) → FLAT: tidak ada entry (di bawah threshold / fusion netral),,
live_db_signal,ic32_regime_v1,SOLUSDT,FLAT,1.0,2026-06-17T12:06:33.803869+00:00,2026-06-17 20:06:33,2026-06-17,20,[flat_flat_no_review] LGBM=FLAT(0.91) → FLAT: tidak ada entry (di bawah threshold / fusion netral),,
live_db_signal,ic32_regime_v1,HBARUSDT,FLAT,1.0,2026-06-17T12:06:39.783504+00:00,2026-06-17 20:06:39,2026-06-17,20,[flat_flat_no_review] LGBM=FLAT(0.89) → FLAT: tidak ada entry (di bawah threshold / fusion netral),,
live_db_signal,ic32_regime_v1,ADAUSDT,FLAT,1.0,2026-06-17T12:06:52.428020+00:00,2026-06-17 20:06:52,2026-06-17,20,[flat_flat_no_review] LGBM=FLAT(0.97) → FLAT: tidak ada entry (di bawah threshold / fusion netral),,
live_db_signal,ic32_regime_v1,1000SHIBUSDT,FLAT,1.0,2026-06-17T12:06:58.366802+00:00,2026-06-17 20:06:58,2026-06-17,20,[flat_flat_no_review] LGBM=FLAT(0.80) → FLAT: tidak ada entry (di bawah threshold / fusion netral),,
live_db_signal,ic32_regime_v1,DOTUSDT,FLAT,1.0,2026-06-17T12:07:06.057140+00:00,2026-06-17 20:07:06,2026-06-17,20,[flat_flat_no_review] LGBM=FLAT(0.98) → FLAT: tidak ada entry (di bawah threshold / fusion netral),,
live_db_signal,ic32_regime_v1,TAOUSDT,FLAT,1.0,2026-06-17T12:07:12.642160+00:00,2026-06-17 20:07:12,2026-06-17,20,[flat_flat_no_review] LGBM=FLAT(0.67) → FLAT: tidak ada entry (di bawah threshold / fusion netral),,
live_db_signal,ic32_regime_v1,BTCUSDT,FLAT,1.0,2026-06-17T12:07:19.947867+00:00,2026-06-17 20:07:19,2026-06-17,20,[flat_flat_no_review] LGBM=FLAT(0.98) → FLAT: tidak ada entry (di bawah threshold / fusion netral),,
live_db_signal,ic32_regime_v1,SUIUSDT,FLAT,1.0,2026-06-17T13:05:08.428313+00:00,2026-06-17 21:05:08,2026-06-17,21,[flat_flat_no_review] LGBM=FLAT(0.99) → FLAT: tidak ada entry (di bawah threshold / fusion netral),,
live_db_signal,ic32_regime_v1,AVAXUSDT,FLAT,1.0,2026-06-17T13:05:14.899919+00:00,2026-06-17 21:05:14,2026-06-17,21,[flat_flat_no_review] LGBM=FLAT(0.98) → FLAT: tidak ada entry (di bawah threshold / fusion netral),,
live_db_signal,ic32_regime_v1,NEARUSDT,FLAT,1.0,2026-06-17T13:05:20.915785+00:00,2026-06-17 21:05:20,2026-06-17,21,[flat_flat_no_review] LGBM=FLAT(0.84) → FLAT: tidak ada entry (di bawah threshold / fusion netral),,
live_db_signal,ic32_regime_v1,POLUSDT,FLAT,1.0,2026-06-17T13:05:26.882441+00:00,2026-06-17 21:05:26,2026-06-17,21,[flat_flat_no_review] LGBM=FLAT(0.98) → FLAT: tidak ada entry (di bawah threshold / fusion netral),,
live_db_signal,ic32_regime_v1,1000PEPEUSDT,FLAT,1.0,2026-06-17T13:05:32.514669+00:00,2026-06-17 21:05:32,2026-06-17,21,[flat_flat_no_review] LGBM=FLAT(0.91) → FLAT: tidak ada entry (di bawah threshold / fusion netral),,
live_db_signal,ic32_regime_v1,BNBUSDT,FLAT,1.0,2026-06-17T13:05:38.335355+00:00,2026-06-17 21:05:38,2026-06-17,21,[flat_flat_no_review] LGBM=FLAT(0.98) → FLAT: tidak ada entry (di bawah threshold / fusion netral),,
live_db_signal,ic32_regime_v1,ETHUSDT,FLAT,1.0,2026-06-17T13:05:43.854029+00:00,2026-06-17 21:05:43,2026-06-17,21,[flat_flat_no_review] LGBM=FLAT(0.98) → FLAT: tidak ada entry (di bawah threshold / fusion netral),,
live_db_signal,ic32_regime_v1,TRXUSDT,FLAT,1.0,2026-06-17T13:05:55.265836+00:00,2026-06-17 21:05:55,2026-06-17,21,[flat_flat_no_review] LGBM=FLAT(0.93) → FLAT: tidak ada entry (di bawah threshold / fusion netral),,
live_db_signal,ic32_regime_v1,XRPUSDT,FLAT,1.0,2026-06-17T13:06:00.910018+00:00,2026-06-17 21:06:00,2026-06-17,21,[flat_flat_no_review] LGBM=FLAT(0.99) → FLAT: tidak ada entry (di bawah threshold / fusion netral),,
live_db_signal,ic32_regime_v1,ARBUSDT,FLAT,1.0,2026-06-17T13:06:06.945904+00:00,2026-06-17 21:06:06,2026-06-17,21,[flat_flat_no_review] LGBM=FLAT(0.70) → FLAT: tidak ada entry (di bawah threshold / fusion netral),,
live_db_signal,ic32_regime_v1,DOGEUSDT,FLAT,1.0,2026-06-17T13:06:12.738185+00:00,2026-06-17 21:06:12,2026-06-17,21,[flat_flat_no_review] LGBM=FLAT(0.99) → FLAT: tidak ada entry (di bawah threshold / fusion netral),,
live_db_signal,ic32_regime_v1,LINKUSDT,FLAT,1.0,2026-06-17T13:06:19.306893+00:00,2026-06-17 21:06:19,2026-06-17,21,[flat_flat_no_review] LGBM=FLAT(0.97) → FLAT: tidak ada entry (di bawah threshold / fusion netral),,
live_db_signal,ic32_regime_v1,SOLUSDT,FLAT,1.0,2026-06-17T13:06:25.488372+00:00,2026-06-17 21:06:25,2026-06-17,21,[flat_flat_no_review] LGBM=FLAT(0.98) → FLAT: tidak ada entry (di bawah threshold / fusion netral),,
live_db_signal,ic32_regime_v1,ADAUSDT,FLAT,1.0,2026-06-17T13:06:42.406771+00:00,2026-06-17 21:06:42,2026-06-17,21,[flat_flat_no_review] LGBM=FLAT(0.97) → FLAT: tidak ada entry (di bawah threshold / fusion netral),,
live_db_signal,ic32_regime_v1,DOTUSDT,FLAT,1.0,2026-06-17T13:06:52.879858+00:00,2026-06-17 21:06:52,2026-06-17,21,[flat_flat_no_review] LGBM=FLAT(0.75) → FLAT: tidak ada entry (di bawah threshold / fusion netral),,
live_db_signal,ic32_regime_v1,BTCUSDT,FLAT,1.0,2026-06-17T13:07:05.838638+00:00,2026-06-17 21:07:05,2026-06-17,21,[flat_flat_no_review] LGBM=FLAT(0.97) → FLAT: tidak ada entry (di bawah threshold / fusion netral),,
live_db_signal,ic32_regime_v1,SUIUSDT,FLAT,1.0,2026-06-17T14:05:09.029188+00:00,2026-06-17 22:05:09,2026-06-17,22,[flat_flat_no_review] LGBM=FLAT(0.98) → FLAT: tidak ada entry (di bawah threshold / fusion netral),,
live_db_signal,ic32_regime_v1,AVAXUSDT,FLAT,1.0,2026-06-17T14:05:15.494711+00:00,2026-06-17 22:05:15,2026-06-17,22,[flat_flat_no_review] LGBM=FLAT(0.98) → FLAT: tidak ada entry (di bawah threshold / fusion netral),,
live_db_signal,ic32_regime_v1,POLUSDT,FLAT,1.0,2026-06-17T14:05:27.811676+00:00,2026-06-17 22:05:27,2026-06-17,22,[flat_flat_no_review] LGBM=FLAT(0.64) → FLAT: tidak ada entry (di bawah threshold / fusion netral),,
live_db_signal,ic32_regime_v1,ETHUSDT,FLAT,1.0,2026-06-17T14:05:45.165439+00:00,2026-06-17 22:05:45,2026-06-17,22,[flat_flat_no_review] LGBM=FLAT(0.97) → FLAT: tidak ada entry (di bawah threshold / fusion netral),,
live_db_signal,ic32_regime_v1,TRXUSDT,FLAT,1.0,2026-06-17T14:05:56.505140+00:00,2026-06-17 22:05:56,2026-06-17,22,[flat_flat_no_review] LGBM=FLAT(0.94) → FLAT: tidak ada entry (di bawah threshold / fusion netral),,
live_db_signal,ic32_regime_v1,LINKUSDT,FLAT,1.0,2026-06-17T14:06:19.503756+00:00,2026-06-17 22:06:19,2026-06-17,22,[flat_flat_no_review] LGBM=FLAT(0.98) → FLAT: tidak ada entry (di bawah threshold / fusion netral),,
live_db_signal,ic32_regime_v1,SOLUSDT,FLAT,1.0,2026-06-17T14:06:25.069709+00:00,2026-06-17 22:06:25,2026-06-17,22,[flat_flat_no_review] LGBM=FLAT(0.98) → FLAT: tidak ada entry (di bawah threshold / fusion netral),,
live_db_signal,ic32_regime_v1,ADAUSDT,FLAT,1.0,2026-06-17T14:06:43.321736+00:00,2026-06-17 22:06:43,2026-06-17,22,[flat_flat_no_review] LGBM=FLAT(0.96) → FLAT: tidak ada entry (di bawah threshold / fusion netral),,
live_db_signal,ic32_regime_v1,POLUSDT,FLAT,1.0,2026-06-17T15:05:31.215879+00:00,2026-06-17 23:05:31,2026-06-17,23,[flat_flat_no_review] LGBM=FLAT(0.56) → FLAT: tidak ada entry (di bawah threshold / fusion netral),,
live_db_signal,ic32_regime_v1,BNBUSDT,FLAT,1.0,2026-06-17T15:05:42.853362+00:00,2026-06-17 23:05:42,2026-06-17,23,[flat_flat_no_review] LGBM=FLAT(0.71) → FLAT: tidak ada entry (di bawah threshold / fusion netral),,
live_db_signal,ic32_regime_v1,ETHUSDT,FLAT,1.0,2026-06-17T15:05:48.563256+00:00,2026-06-17 23:05:48,2026-06-17,23,[flat_flat_no_review] LGBM=FLAT(0.99) → FLAT: tidak ada entry (di bawah threshold / fusion netral),,
live_db_signal,ic32_regime_v1,TRXUSDT,FLAT,1.0,2026-06-17T15:06:02.307728+00:00,2026-06-17 23:06:02,2026-06-17,23,[flat_flat_no_review] LGBM=FLAT(0.89) → FLAT: tidak ada entry (di bawah threshold / fusion netral),,
live_db_signal,ic32_regime_v1,ADAUSDT,FLAT,1.0,2026-06-17T15:06:52.340309+00:00,2026-06-17 23:06:52,2026-06-17,23,[flat_flat_no_review] LGBM=FLAT(0.96) → FLAT: tidak ada entry (di bawah threshold / fusion netral),,
live_db_signal,ic32_regime_v1,DOTUSDT,FLAT,1.0,2026-06-17T15:07:06.865040+00:00,2026-06-17 23:07:06,2026-06-17,23,[flat_flat_no_review] LGBM=FLAT(0.61) → FLAT: tidak ada entry (di bawah threshold / fusion netral),,
live_db_signal,ic32_regime_v1,SUIUSDT,FLAT,1.0,2026-06-17T15:19:48.454321+00:00,2026-06-17 23:19:48,2026-06-17,23,[flat_flat_no_review] LGBM=FLAT(0.66) → FLAT: tidak ada entry (di bawah threshold / fusion netral),,
live_db_signal,ic32_regime_v1,AVAXUSDT,FLAT,1.0,2026-06-17T15:19:55.160851+00:00,2026-06-17 23:19:55,2026-06-17,23,[flat_flat_no_review] LGBM=FLAT(0.70) → FLAT: tidak ada entry (di bawah threshold / fusion netral),,
live_db_signal,ic32_regime_v1,NEARUSDT,FLAT,1.0,2026-06-17T15:20:01.794711+00:00,2026-06-17 23:20:01,2026-06-17,23,[flat_lstm_reviewed] LGBM=SHORT(0.50) · LSTM=SHORT → FLAT: tidak ada entry (di bawah threshold / fusion netral),,
live_db_signal,ic32_regime_v1,POLUSDT,FLAT,1.0,2026-06-17T15:20:08.580615+00:00,2026-06-17 23:20:08,2026-06-17,23,[flat_flat_no_review] LGBM=FLAT(0.84) → FLAT: tidak ada entry (di bawah threshold / fusion netral),,
live_db_signal,ic32_regime_v1,1000PEPEUSDT,FLAT,1.0,2026-06-17T15:20:14.971918+00:00,2026-06-17 23:20:14,2026-06-17,23,[flat_flat_no_review] LGBM=FLAT(0.57) → FLAT: tidak ada entry (di bawah threshold / fusion netral),,
live_db_signal,ic32_regime_v1,BNBUSDT,FLAT,1.0,2026-06-17T15:20:22.097184+00:00,2026-06-17 23:20:22,2026-06-17,23,[flat_flat_no_review] LGBM=FLAT(0.63) → FLAT: tidak ada entry (di bawah threshold / fusion netral),,
live_db_signal,ic32_regime_v1,ETHUSDT,FLAT,1.0,2026-06-17T15:20:28.867344+00:00,2026-06-17 23:20:28,2026-06-17,23,[flat_flat_no_review] LGBM=FLAT(0.99) → FLAT: tidak ada entry (di bawah threshold / fusion netral),,
live_db_signal,ic32_regime_v1,TONUSDT,FLAT,1.0,2026-06-17T15:20:36.290807+00:00,2026-06-17 23:20:36,2026-06-17,23,[flat_lstm_reviewed] LGBM=SHORT(0.49) · LSTM=SHORT → FLAT: tidak ada entry (di bawah threshold / fusion netral),,
live_db_signal,ic32_regime_v1,TRXUSDT,FLAT,1.0,2026-06-17T15:20:43.011952+00:00,2026-06-17 23:20:43,2026-06-17,23,[flat_flat_no_review] LGBM=FLAT(0.96) → FLAT: tidak ada entry (di bawah threshold / fusion netral),,
live_db_signal,ic32_regime_v1,XRPUSDT,FLAT,0.5565,2026-06-17T15:20:49.233085+00:00,2026-06-17 23:20:49,2026-06-17,23,[lgbm_direct] LGBM=SHORT(0.61) · LSTM=SHORT · HMM=RANGING_HIGH · FLIP=ranging_with-0.10 → FLAT: tidak ada entry (di bawah threshold / fusion netral),,
live_db_signal,ic32_regime_v1,ARBUSDT,FLAT,1.0,2026-06-17T15:20:55.838907+00:00,2026-06-17 23:20:55,2026-06-17,23,[flat_lstm_reviewed] LGBM=SHORT(0.53) · LSTM=SHORT → FLAT: tidak ada entry (di bawah threshold / fusion netral),,
live_db_signal,ic32_regime_v1,DOGEUSDT,FLAT,1.0,2026-06-17T15:21:02.514712+00:00,2026-06-17 23:21:02,2026-06-17,23,[flat_lstm_reviewed] LGBM=FLAT(0.49) · LSTM=SHORT → FLAT: tidak ada entry (di bawah threshold / fusion netral),,
live_db_signal,ic32_regime_v1,LINKUSDT,SHORT,0.6484,2026-06-17T15:21:09.009859+00:00,2026-06-17 23:21:09,2026-06-17,23,[lgbm_direct] LGBM=SHORT(0.70) · LSTM=SHORT · HMM=RANGING_LOW · FLIP=ranging_with-0.10 → LOLOS FILTER: conf 0.65 ≥ thr 0.50 · RR ok · modal $10.00 · TP=8.0263 SL=8.3372 → MASUK TRADE (live) #249: SHORT LINKUSDT entry=8.1949 TP=8.0263 SL=8.3372 modal=$10.00 lev=5x,,
live_db_signal,ic32_regime_v1,SOLUSDT,FLAT,1.0,2026-06-17T15:21:16.920579+00:00,2026-06-17 23:21:16,2026-06-17,23,[flat_lstm_reviewed] LGBM=FLAT(0.53) · LSTM=SHORT → FLAT: tidak ada entry (di bawah threshold / fusion netral),,
live_db_signal,ic32_regime_v1,HBARUSDT,FLAT,1.0,2026-06-17T15:21:23.752215+00:00,2026-06-17 23:21:23,2026-06-17,23,[flat_flat_no_review] LGBM=FLAT(0.84) → FLAT: tidak ada entry (di bawah threshold / fusion netral),,
live_db_signal,ic32_regime_v1,ONDOUSDT,FLAT,1.0,2026-06-17T15:21:30.480094+00:00,2026-06-17 23:21:30,2026-06-17,23,[flat_flat_no_review] LGBM=FLAT(0.66) → FLAT: tidak ada entry (di bawah threshold / fusion netral),,
live_db_signal,ic32_regime_v1,ADAUSDT,FLAT,1.0,2026-06-17T15:21:36.932859+00:00,2026-06-17 23:21:36,2026-06-17,23,[flat_flat_no_review] LGBM=FLAT(0.99) → FLAT: tidak ada entry (di bawah threshold / fusion netral),,
live_db_signal,ic32_regime_v1,1000SHIBUSDT,FLAT,1.0,2026-06-17T15:21:43.014955+00:00,2026-06-17 23:21:43,2026-06-17,23,[flat_lstm_reviewed] LGBM=SHORT(0.51) · LSTM=SHORT → FLAT: tidak ada entry (di bawah threshold / fusion netral),,
live_db_signal,ic32_regime_v1,DOTUSDT,FLAT,1.0,2026-06-17T15:21:49.258011+00:00,2026-06-17 23:21:49,2026-06-17,23,[flat_flat_no_review] LGBM=FLAT(0.65) → FLAT: tidak ada entry (di bawah threshold / fusion netral),,
live_db_signal,ic32_regime_v1,TAOUSDT,FLAT,1.0,2026-06-17T15:21:54.673988+00:00,2026-06-17 23:21:54,2026-06-17,23,[flat_lstm_reviewed] LGBM=LONG(0.65) · LSTM=SHORT → FLAT: tidak ada entry (di bawah threshold / fusion netral),,
live_db_signal,ic32_regime_v1,BTCUSDT,FLAT,1.0,2026-06-17T15:22:00.761973+00:00,2026-06-17 23:22:00,2026-06-17,23,[flat_lstm_reviewed] LGBM=SHORT(0.50) · LSTM=SHORT → FLAT: tidak ada entry (di bawah threshold / fusion netral),,
live_db_signal,ic32_regime_v1,SUIUSDT,FLAT,1.0,2026-06-17T16:05:10.035465+00:00,2026-06-18 00:05:10,2026-06-18,0,[flat_flat_no_review] LGBM=FLAT(0.98) → FLAT: tidak ada entry (di bawah threshold / fusion netral),,
live_db_signal,ic32_regime_v1,AVAXUSDT,FLAT,1.0,2026-06-17T16:05:16.335546+00:00,2026-06-18 00:05:16,2026-06-18,0,[flat_flat_no_review] LGBM=FLAT(0.99) → FLAT: tidak ada entry (di bawah threshold / fusion netral),,
live_db_signal,ic32_regime_v1,NEARUSDT,FLAT,1.0,2026-06-17T16:05:22.094249+00:00,2026-06-18 00:05:22,2026-06-18,0,[flat_flat_no_review] LGBM=FLAT(0.97) → FLAT: tidak ada entry (di bawah threshold / fusion netral),,
live_db_signal,ic32_regime_v1,POLUSDT,FLAT,1.0,2026-06-17T16:05:28.204311+00:00,2026-06-18 00:05:28,2026-06-18,0,[flat_flat_no_review] LGBM=FLAT(0.99) → FLAT: tidak ada entry (di bawah threshold / fusion netral),,
live_db_signal,ic32_regime_v1,1000PEPEUSDT,FLAT,1.0,2026-06-17T16:05:34.593766+00:00,2026-06-18 00:05:34,2026-06-18,0,[flat_flat_no_review] LGBM=FLAT(0.96) → FLAT: tidak ada entry (di bawah threshold / fusion netral),,
live_db_signal,ic32_regime_v1,BNBUSDT,FLAT,1.0,2026-06-17T16:05:40.632918+00:00,2026-06-18 00:05:40,2026-06-18,0,[flat_lstm_reviewed] LGBM=SHORT(0.44) · LSTM=SHORT → FLAT: tidak ada entry (di bawah threshold / fusion netral),,
live_db_signal,ic32_regime_v1,ETHUSDT,FLAT,1.0,2026-06-17T16:05:46.276944+00:00,2026-06-18 00:05:46,2026-06-18,0,[flat_flat_no_review] LGBM=FLAT(0.99) → FLAT: tidak ada entry (di bawah threshold / fusion netral),,
live_db_signal,ic32_regime_v1,TONUSDT,FLAT,1.0,2026-06-17T16:05:52.624911+00:00,2026-06-18 00:05:52,2026-06-18,0,[flat_flat_no_review] LGBM=FLAT(0.93) → FLAT: tidak ada entry (di bawah threshold / fusion netral),,
live_db_signal,ic32_regime_v1,TRXUSDT,FLAT,1.0,2026-06-17T16:05:58.354668+00:00,2026-06-18 00:05:58,2026-06-18,0,[flat_flat_no_review] LGBM=FLAT(0.98) → FLAT: tidak ada entry (di bawah threshold / fusion netral),,
live_db_signal,ic32_regime_v1,XRPUSDT,FLAT,1.0,2026-06-17T16:06:04.464158+00:00,2026-06-18 00:06:04,2026-06-18,0,[flat_flat_no_review] LGBM=FLAT(0.91) → FLAT: tidak ada entry (di bawah threshold / fusion netral),,
live_db_signal,ic32_regime_v1,ARBUSDT,FLAT,1.0,2026-06-17T16:06:10.621246+00:00,2026-06-18 00:06:10,2026-06-18,0,[flat_flat_no_review] LGBM=FLAT(0.95) → FLAT: tidak ada entry (di bawah threshold / fusion netral),,
live_db_signal,ic32_regime_v1,DOGEUSDT,FLAT,1.0,2026-06-17T16:06:17.039331+00:00,2026-06-18 00:06:17,2026-06-18,0,[flat_flat_no_review] LGBM=FLAT(0.98) → FLAT: tidak ada entry (di bawah threshold / fusion netral),,
live_db_signal,ic32_regime_v1,LINKUSDT,FLAT,1.0,2026-06-17T16:06:22.904767+00:00,2026-06-18 00:06:22,2026-06-18,0,[flat_flat_no_review] LGBM=FLAT(0.96) → FLAT: tidak ada entry (di bawah threshold / fusion netral),,
live_db_signal,ic32_regime_v1,SOLUSDT,FLAT,1.0,2026-06-17T16:06:28.736848+00:00,2026-06-18 00:06:28,2026-06-18,0,[flat_flat_no_review] LGBM=FLAT(0.98) → FLAT: tidak ada entry (di bawah threshold / fusion netral),,
live_db_signal,ic32_regime_v1,HBARUSDT,FLAT,1.0,2026-06-17T16:06:34.359660+00:00,2026-06-18 00:06:34,2026-06-18,0,[flat_flat_no_review] LGBM=FLAT(0.99) → FLAT: tidak ada entry (di bawah threshold / fusion netral),,
live_db_signal,ic32_regime_v1,ONDOUSDT,FLAT,1.0,2026-06-17T16:06:41.166350+00:00,2026-06-18 00:06:41,2026-06-18,0,[flat_flat_no_review] LGBM=FLAT(0.92) → FLAT: tidak ada entry (di bawah threshold / fusion netral),,
live_db_signal,ic32_regime_v1,ADAUSDT,FLAT,1.0,2026-06-17T16:06:47.005823+00:00,2026-06-18 00:06:47,2026-06-18,0,[flat_flat_no_review] LGBM=FLAT(0.99) → FLAT: tidak ada entry (di bawah threshold / fusion netral),,
live_db_signal,ic32_regime_v1,1000SHIBUSDT,FLAT,1.0,2026-06-17T16:06:52.966927+00:00,2026-06-18 00:06:52,2026-06-18,0,[flat_flat_no_review] LGBM=FLAT(0.95) → FLAT: tidak ada entry (di bawah threshold / fusion netral),,
live_db_signal,ic32_regime_v1,DOTUSDT,FLAT,1.0,2026-06-17T16:06:59.516809+00:00,2026-06-18 00:06:59,2026-06-18,0,[flat_flat_no_review] LGBM=FLAT(0.98) → FLAT: tidak ada entry (di bawah threshold / fusion netral),,
live_db_signal,ic32_regime_v1,TAOUSDT,FLAT,1.0,2026-06-17T16:07:07.640420+00:00,2026-06-18 00:07:07,2026-06-18,0,[flat_lstm_reviewed] LGBM=FLAT(0.56) · LSTM=LONG → FLAT: tidak ada entry (di bawah threshold / fusion netral),,
live_db_signal,ic32_regime_v1,BTCUSDT,FLAT,1.0,2026-06-17T16:07:14.500249+00:00,2026-06-18 00:07:14,2026-06-18,0,[flat_flat_no_review] LGBM=FLAT(0.98) → FLAT: tidak ada entry (di bawah threshold / fusion netral),,
live_db_signal,ic32_regime_v1,SUIUSDT,FLAT,1.0,2026-06-17T17:05:08.267766+00:00,2026-06-18 01:05:08,2026-06-18,1,[flat_flat_no_review] LGBM=FLAT(0.83) → FLAT: tidak ada entry (di bawah threshold / fusion netral),,
live_db_signal,ic32_regime_v1,AVAXUSDT,FLAT,1.0,2026-06-17T17:05:13.679420+00:00,2026-06-18 01:05:13,2026-06-18,1,[flat_flat_no_review] LGBM=FLAT(0.94) → FLAT: tidak ada entry (di bawah threshold / fusion netral),,
live_db_signal,ic32_regime_v1,NEARUSDT,FLAT,1.0,2026-06-17T17:05:19.046767+00:00,2026-06-18 01:05:19,2026-06-18,1,[flat_flat_no_review] LGBM=FLAT(0.72) → FLAT: tidak ada entry (di bawah threshold / fusion netral),,
live_db_signal,ic32_regime_v1,POLUSDT,FLAT,1.0,2026-06-17T17:05:24.661721+00:00,2026-06-18 01:05:24,2026-06-18,1,[flat_flat_no_review] LGBM=FLAT(0.99) → FLAT: tidak ada entry (di bawah threshold / fusion netral),,
live_db_signal,ic32_regime_v1,1000PEPEUSDT,FLAT,1.0,2026-06-17T17:05:30.196111+00:00,2026-06-18 01:05:30,2026-06-18,1,[flat_flat_no_review] LGBM=FLAT(0.77) → FLAT: tidak ada entry (di bawah threshold / fusion netral),,
live_db_signal,ic32_regime_v1,BNBUSDT,FLAT,1.0,2026-06-17T17:05:35.759211+00:00,2026-06-18 01:05:35,2026-06-18,1,[flat_lstm_reviewed] LGBM=LONG(0.58) · LSTM=LONG → FLAT: tidak ada entry (di bawah threshold / fusion netral),,
live_db_signal,ic32_regime_v1,ETHUSDT,FLAT,0.4802,2026-06-17T17:05:41.511579+00:00,2026-06-18 01:05:41,2026-06-18,1,[lgbm_direct] LGBM=SHORT(0.65) · LSTM=LONG · HMM=RANGING_HIGH · FLIP=ranging_with-0.10 → FLAT: tidak ada entry (di bawah threshold / fusion netral),,
live_db_signal,ic32_regime_v1,TONUSDT,FLAT,1.0,2026-06-17T17:05:47.195108+00:00,2026-06-18 01:05:47,2026-06-18,1,[flat_flat_no_review] LGBM=FLAT(0.82) → FLAT: tidak ada entry (di bawah threshold / fusion netral),,
live_db_signal,ic32_regime_v1,TRXUSDT,FLAT,1.0,2026-06-17T17:05:52.667500+00:00,2026-06-18 01:05:52,2026-06-18,1,[flat_flat_no_review] LGBM=FLAT(0.98) → FLAT: tidak ada entry (di bawah threshold / fusion netral),,
live_db_signal,ic32_regime_v1,XRPUSDT,FLAT,1.0,2026-06-17T17:05:58.000006+00:00,2026-06-18 01:05:58,2026-06-18,1,[flat_flat_no_review] LGBM=FLAT(0.90) → FLAT: tidak ada entry (di bawah threshold / fusion netral),,
live_db_signal,ic32_regime_v1,ARBUSDT,FLAT,1.0,2026-06-17T17:06:03.246409+00:00,2026-06-18 01:06:03,2026-06-18,1,[flat_flat_no_review] LGBM=FLAT(0.88) → FLAT: tidak ada entry (di bawah threshold / fusion netral),,
live_db_signal,ic32_regime_v1,DOGEUSDT,FLAT,1.0,2026-06-17T17:06:08.501809+00:00,2026-06-18 01:06:08,2026-06-18,1,[flat_flat_no_review] LGBM=FLAT(0.90) → FLAT: tidak ada entry (di bawah threshold / fusion netral),,
live_db_signal,ic32_regime_v1,LINKUSDT,FLAT,1.0,2026-06-17T17:06:14.265494+00:00,2026-06-18 01:06:14,2026-06-18,1,[flat_flat_no_review] LGBM=FLAT(0.64) → FLAT: tidak ada entry (di bawah threshold / fusion netral),,
live_db_signal,ic32_regime_v1,SOLUSDT,FLAT,1.0,2026-06-17T17:06:19.715876+00:00,2026-06-18 01:06:19,2026-06-18,1,[flat_flat_no_review] LGBM=FLAT(0.99) → FLAT: tidak ada entry (di bawah threshold / fusion netral),,
live_db_signal,ic32_regime_v1,HBARUSDT,FLAT,1.0,2026-06-17T17:06:25.432454+00:00,2026-06-18 01:06:25,2026-06-18,1,[flat_flat_no_review] LGBM=FLAT(0.92) → FLAT: tidak ada entry (di bawah threshold / fusion netral),,
live_db_signal,ic32_regime_v1,ONDOUSDT,FLAT,1.0,2026-06-17T17:06:30.955169+00:00,2026-06-18 01:06:30,2026-06-18,1,[flat_flat_no_review] LGBM=FLAT(0.70) → FLAT: tidak ada entry (di bawah threshold / fusion netral),,
live_db_signal,ic32_regime_v1,ADAUSDT,FLAT,1.0,2026-06-17T17:06:36.569489+00:00,2026-06-18 01:06:36,2026-06-18,1,[flat_flat_no_review] LGBM=FLAT(0.69) → FLAT: tidak ada entry (di bawah threshold / fusion netral),,
live_db_signal,ic32_regime_v1,1000SHIBUSDT,FLAT,1.0,2026-06-17T17:06:42.106685+00:00,2026-06-18 01:06:42,2026-06-18,1,[flat_flat_no_review] LGBM=FLAT(0.88) → FLAT: tidak ada entry (di bawah threshold / fusion netral),,
live_db_signal,ic32_regime_v1,DOTUSDT,FLAT,1.0,2026-06-17T17:06:47.452387+00:00,2026-06-18 01:06:47,2026-06-18,1,[flat_flat_no_review] LGBM=FLAT(0.96) → FLAT: tidak ada entry (di bawah threshold / fusion netral),,
live_db_signal,ic32_regime_v1,TAOUSDT,FLAT,1.0,2026-06-17T17:06:53.082988+00:00,2026-06-18 01:06:53,2026-06-18,1,[flat_lstm_reviewed] LGBM=SHORT(0.59) · LSTM=LONG → FLAT: tidak ada entry (di bawah threshold / fusion netral),,
live_db_signal,ic32_regime_v1,BTCUSDT,FLAT,1.0,2026-06-17T17:06:58.462112+00:00,2026-06-18 01:06:58,2026-06-18,1,[flat_flat_no_review] LGBM=FLAT(0.99) → FLAT: tidak ada entry (di bawah threshold / fusion netral),,
live_db_signal,ic32_regime_v1,SUIUSDT,FLAT,1.0,2026-06-17T18:05:08.125369+00:00,2026-06-18 02:05:08,2026-06-18,2,[flat_flat_no_review] LGBM=FLAT(0.95) → FLAT: tidak ada entry (di bawah threshold / fusion netral),,
live_db_signal,ic32_regime_v1,AVAXUSDT,FLAT,1.0,2026-06-17T18:05:13.863114+00:00,2026-06-18 02:05:13,2026-06-18,2,[flat_flat_no_review] LGBM=FLAT(0.96) → FLAT: tidak ada entry (di bawah threshold / fusion netral),,
live_db_signal,ic32_regime_v1,NEARUSDT,FLAT,1.0,2026-06-17T18:05:19.734323+00:00,2026-06-18 02:05:19,2026-06-18,2,[flat_flat_no_review] LGBM=FLAT(0.89) → FLAT: tidak ada entry (di bawah threshold / fusion netral),,
live_db_signal,ic32_regime_v1,POLUSDT,FLAT,1.0,2026-06-17T18:05:25.750662+00:00,2026-06-18 02:05:25,2026-06-18,2,[flat_flat_no_review] LGBM=FLAT(0.97) → FLAT: tidak ada entry (di bawah threshold / fusion netral),,
live_db_signal,ic32_regime_v1,1000PEPEUSDT,FLAT,1.0,2026-06-17T18:05:31.852345+00:00,2026-06-18 02:05:31,2026-06-18,2,[flat_lstm_reviewed] LGBM=LONG(0.53) · LSTM=LONG → FLAT: tidak ada entry (di bawah threshold / fusion netral),,
live_db_signal,ic32_regime_v1,BNBUSDT,FLAT,1.0,2026-06-17T18:05:37.695987+00:00,2026-06-18 02:05:37,2026-06-18,2,[flat_flat_no_review] LGBM=FLAT(0.78) → FLAT: tidak ada entry (di bawah threshold / fusion netral),,
live_db_signal,ic32_regime_v1,ETHUSDT,FLAT,1.0,2026-06-17T18:05:43.589980+00:00,2026-06-18 02:05:43,2026-06-18,2,[flat_flat_no_review] LGBM=FLAT(0.63) → FLAT: tidak ada entry (di bawah threshold / fusion netral),,
live_db_signal,ic32_regime_v1,TONUSDT,FLAT,1.0,2026-06-17T18:05:49.179694+00:00,2026-06-18 02:05:49,2026-06-18,2,[flat_lstm_reviewed] LGBM=LONG(0.53) · LSTM=LONG → FLAT: tidak ada entry (di bawah threshold / fusion netral),,
live_db_signal,ic32_regime_v1,TRXUSDT,FLAT,1.0,2026-06-17T18:05:54.838888+00:00,2026-06-18 02:05:54,2026-06-18,2,[flat_lstm_reviewed] LGBM=FLAT(0.56) · LSTM=LONG → FLAT: tidak ada entry (di bawah threshold / fusion netral),,
live_db_signal,ic32_regime_v1,XRPUSDT,FLAT,1.0,2026-06-17T18:06:00.492581+00:00,2026-06-18 02:06:00,2026-06-18,2,[flat_flat_no_review] LGBM=FLAT(0.80) → FLAT: tidak ada entry (di bawah threshold / fusion netral),,
live_db_signal,ic32_regime_v1,ARBUSDT,FLAT,1.0,2026-06-17T18:06:06.656569+00:00,2026-06-18 02:06:06,2026-06-18,2,[flat_flat_no_review] LGBM=FLAT(0.82) → FLAT: tidak ada entry (di bawah threshold / fusion netral),,
live_db_signal,ic32_regime_v1,DOGEUSDT,FLAT,1.0,2026-06-17T18:06:12.379685+00:00,2026-06-18 02:06:12,2026-06-18,2,[flat_flat_no_review] LGBM=FLAT(0.92) → FLAT: tidak ada entry (di bawah threshold / fusion netral),,
live_db_signal,ic32_regime_v1,LINKUSDT,FLAT,1.0,2026-06-17T18:06:18.252523+00:00,2026-06-18 02:06:18,2026-06-18,2,[flat_flat_no_review] LGBM=FLAT(0.58) → FLAT: tidak ada entry (di bawah threshold / fusion netral),,
live_db_signal,ic32_regime_v1,SOLUSDT,FLAT,1.0,2026-06-17T18:06:24.085107+00:00,2026-06-18 02:06:24,2026-06-18,2,[flat_flat_no_review] LGBM=FLAT(0.76) → FLAT: tidak ada entry (di bawah threshold / fusion netral),,
live_db_signal,ic32_regime_v1,HBARUSDT,FLAT,1.0,2026-06-17T18:06:30.311540+00:00,2026-06-18 02:06:30,2026-06-18,2,[flat_flat_no_review] LGBM=FLAT(0.64) → FLAT: tidak ada entry (di bawah threshold / fusion netral),,
live_db_signal,ic32_regime_v1,ONDOUSDT,FLAT,1.0,2026-06-17T18:06:36.051994+00:00,2026-06-18 02:06:36,2026-06-18,2,[flat_lstm_reviewed] LGBM=LONG(0.58) · LSTM=LONG → FLAT: tidak ada entry (di bawah threshold / fusion netral),,
live_db_signal,ic32_regime_v1,ADAUSDT,FLAT,1.0,2026-06-17T18:06:41.942109+00:00,2026-06-18 02:06:41,2026-06-18,2,[flat_lstm_reviewed] LGBM=FLAT(0.48) · LSTM=LONG → FLAT: tidak ada entry (di bawah threshold / fusion netral),,
live_db_signal,ic32_regime_v1,1000SHIBUSDT,FLAT,1.0,2026-06-17T18:06:47.622180+00:00,2026-06-18 02:06:47,2026-06-18,2,[flat_lstm_reviewed] LGBM=SHORT(0.44) · LSTM=LONG → FLAT: tidak ada entry (di bawah threshold / fusion netral),,
live_db_signal,ic32_regime_v1,DOTUSDT,FLAT,1.0,2026-06-17T18:06:53.367095+00:00,2026-06-18 02:06:53,2026-06-18,2,[flat_lstm_reviewed] LGBM=FLAT(0.39) · LSTM=LONG → FLAT: tidak ada entry (di bawah threshold / fusion netral),,
live_db_signal,ic32_regime_v1,TAOUSDT,FLAT,1.0,2026-06-17T18:06:59.441905+00:00,2026-06-18 02:06:59,2026-06-18,2,[flat_lstm_reviewed] LGBM=FLAT(0.61) · LSTM=LONG → FLAT: tidak ada entry (di bawah threshold / fusion netral),,
live_db_signal,ic32_regime_v1,BTCUSDT,FLAT,1.0,2026-06-17T18:07:07.237772+00:00,2026-06-18 02:07:07,2026-06-18,2,[flat_lstm_reviewed] LGBM=FLAT(0.45) · LSTM=LONG → FLAT: tidak ada entry (di bawah threshold / fusion netral),,
live_db_signal,ic32_regime_v1,SUIUSDT,FLAT,1.0,2026-06-17T19:05:08.492593+00:00,2026-06-18 03:05:08,2026-06-18,3,[flat_lstm_reviewed] LGBM=SHORT(0.62) · LSTM=LONG → FLAT: tidak ada entry (di bawah threshold / fusion netral),,
live_db_signal,ic32_regime_v1,AVAXUSDT,FLAT,1.0,2026-06-17T19:05:14.553809+00:00,2026-06-18 03:05:14,2026-06-18,3,[flat_lstm_reviewed] LGBM=LONG(0.48) · LSTM=LONG → FLAT: tidak ada entry (di bawah threshold / fusion netral),,
live_db_signal,ic32_regime_v1,NEARUSDT,FLAT,1.0,2026-06-17T19:05:20.161054+00:00,2026-06-18 03:05:20,2026-06-18,3,[flat_lstm_reviewed] LGBM=LONG(0.55) · LSTM=SHORT → FLAT: tidak ada entry (di bawah threshold / fusion netral),,
live_db_signal,ic32_regime_v1,POLUSDT,FLAT,1.0,2026-06-17T19:05:26.852266+00:00,2026-06-18 03:05:26,2026-06-18,3,[flat_flat_no_review] LGBM=FLAT(0.67) → FLAT: tidak ada entry (di bawah threshold / fusion netral),,
live_db_signal,ic32_regime_v1,1000PEPEUSDT,FLAT,1.0,2026-06-17T19:05:32.978261+00:00,2026-06-18 03:05:32,2026-06-18,3,[flat_lstm_reviewed] LGBM=LONG(0.60) · LSTM=LONG → FLAT: tidak ada entry (di bawah threshold / fusion netral),,
live_db_signal,ic32_regime_v1,BNBUSDT,FLAT,1.0,2026-06-17T19:05:39.061146+00:00,2026-06-18 03:05:39,2026-06-18,3,[flat_lstm_reviewed] LGBM=SHORT(0.52) · LSTM=SHORT → FLAT: tidak ada entry (di bawah threshold / fusion netral),,
live_db_signal,ic32_regime_v1,ETHUSDT,FLAT,1.0,2026-06-17T19:05:44.734436+00:00,2026-06-18 03:05:44,2026-06-18,3,[flat_lstm_reviewed] LGBM=SHORT(0.62) · LSTM=LONG → FLAT: tidak ada entry (di bawah threshold / fusion netral),,
live_db_signal,ic32_regime_v1,TONUSDT,LONG,0.7834,2026-06-17T19:05:50.791834+00:00,2026-06-18 03:05:50,2026-06-18,3,[lgbm_direct] LGBM=LONG(0.78) · LSTM=LONG · HMM=TREND_UP · FLIP=trending_counter-0.05 → LOLOS FILTER: conf 0.78 ≥ thr 0.65 · RR ok · modal $5.00 · TP=1.7009 SL=1.6036 → MASUK TRADE (live) #250: LONG TONUSDT entry=1.6535 TP=1.7009 SL=1.6036 modal=$5.00 lev=5x,,
live_db_signal,ic32_regime_v1,TRXUSDT,FLAT,1.0,2026-06-17T19:05:59.064186+00:00,2026-06-18 03:05:59,2026-06-18,3,[flat_lstm_reviewed] LGBM=LONG(0.53) · LSTM=SHORT → FLAT: tidak ada entry (di bawah threshold / fusion netral),,
live_db_signal,ic32_regime_v1,XRPUSDT,FLAT,1.0,2026-06-17T19:06:05.630360+00:00,2026-06-18 03:06:05,2026-06-18,3,[flat_lstm_reviewed] LGBM=SHORT(0.65) · LSTM=LONG → FLAT: tidak ada entry (di bawah threshold / fusion netral),,
live_db_signal,ic32_regime_v1,ARBUSDT,FLAT,1.0,2026-06-17T19:06:12.006902+00:00,2026-06-18 03:06:12,2026-06-18,3,[flat_lstm_reviewed] LGBM=LONG(0.50) · LSTM=LONG → FLAT: tidak ada entry (di bawah threshold / fusion netral),,
live_db_signal,ic32_regime_v1,DOGEUSDT,FLAT,1.0,2026-06-17T19:06:19.207323+00:00,2026-06-18 03:06:19,2026-06-18,3,[flat_flat_no_review] LGBM=FLAT(0.82) → FLAT: tidak ada entry (di bawah threshold / fusion netral),,
live_db_signal,ic32_regime_v1,LINKUSDT,FLAT,1.0,2026-06-17T19:06:25.269921+00:00,2026-06-18 03:06:25,2026-06-18,3,[flat_lstm_reviewed] LGBM=SHORT(0.63) · LSTM=LONG → FLAT: tidak ada entry (di bawah threshold / fusion netral),,
live_db_signal,ic32_regime_v1,SOLUSDT,FLAT,1.0,2026-06-17T19:06:31.652240+00:00,2026-06-18 03:06:31,2026-06-18,3,[flat_lstm_reviewed] LGBM=SHORT(0.71) · LSTM=LONG → FLAT: tidak ada entry (di bawah threshold / fusion netral),,
live_db_signal,ic32_regime_v1,HBARUSDT,FLAT,1.0,2026-06-17T19:06:37.441738+00:00,2026-06-18 03:06:37,2026-06-18,3,[flat_lstm_reviewed] LGBM=FLAT(0.54) · LSTM=LONG → FLAT: tidak ada entry (di bawah threshold / fusion netral),,
live_db_signal,ic32_regime_v1,ONDOUSDT,FLAT,1.0,2026-06-17T19:06:43.279985+00:00,2026-06-18 03:06:43,2026-06-18,3,[flat_lstm_reviewed] LGBM=FLAT(0.57) · LSTM=SHORT → FLAT: tidak ada entry (di bawah threshold / fusion netral),,
live_db_signal,ic32_regime_v1,ADAUSDT,FLAT,1.0,2026-06-17T19:06:49.418846+00:00,2026-06-18 03:06:49,2026-06-18,3,[flat_lstm_reviewed] LGBM=LONG(0.49) · LSTM=LONG → FLAT: tidak ada entry (di bawah threshold / fusion netral),,
live_db_signal,ic32_regime_v1,1000SHIBUSDT,FLAT,1.0,2026-06-17T19:06:55.348887+00:00,2026-06-18 03:06:55,2026-06-18,3,[flat_lstm_reviewed] LGBM=LONG(0.54) · LSTM=LONG → FLAT: tidak ada entry (di bawah threshold / fusion netral),,
live_db_signal,ic32_regime_v1,DOTUSDT,FLAT,1.0,2026-06-17T19:07:03.164011+00:00,2026-06-18 03:07:03,2026-06-18,3,[flat_lstm_reviewed] LGBM=SHORT(0.67) · LSTM=LONG → FLAT: tidak ada entry (di bawah threshold / fusion netral),,
live_db_signal,ic32_regime_v1,TAOUSDT,FLAT,1.0,2026-06-17T19:07:10.197121+00:00,2026-06-18 03:07:10,2026-06-18,3,[flat_lstm_reviewed] LGBM=LONG(0.56) · LSTM=LONG → FLAT: tidak ada entry (di bawah threshold / fusion netral),,
live_db_signal,ic32_regime_v1,BTCUSDT,FLAT,1.0,2026-06-17T19:07:16.753210+00:00,2026-06-18 03:07:16,2026-06-18,3,[flat_lstm_reviewed] LGBM=SHORT(0.60) · LSTM=LONG → FLAT: tidak ada entry (di bawah threshold / fusion netral),,
live_db_signal,ic32_regime_v1,SUIUSDT,FLAT,1.0,2026-06-17T20:05:07.976976+00:00,2026-06-18 04:05:07,2026-06-18,4,[flat_flat_no_review] LGBM=FLAT(0.97) → FLAT: tidak ada entry (di bawah threshold / fusion netral),,
live_db_signal,ic32_regime_v1,AVAXUSDT,FLAT,1.0,2026-06-17T20:05:14.111922+00:00,2026-06-18 04:05:14,2026-06-18,4,[flat_flat_no_review] LGBM=FLAT(0.95) → FLAT: tidak ada entry (di bawah threshold / fusion netral),,
live_db_signal,ic32_regime_v1,NEARUSDT,FLAT,1.0,2026-06-17T20:05:20.171968+00:00,2026-06-18 04:05:20,2026-06-18,4,[flat_flat_no_review] LGBM=FLAT(0.97) → FLAT: tidak ada entry (di bawah threshold / fusion netral),,
live_db_signal,ic32_regime_v1,POLUSDT,FLAT,1.0,2026-06-17T20:05:26.475899+00:00,2026-06-18 04:05:26,2026-06-18,4,[flat_flat_no_review] LGBM=FLAT(0.96) → FLAT: tidak ada entry (di bawah threshold / fusion netral),,
live_db_signal,ic32_regime_v1,1000PEPEUSDT,FLAT,1.0,2026-06-17T20:05:32.157763+00:00,2026-06-18 04:05:32,2026-06-18,4,[flat_flat_no_review] LGBM=FLAT(0.94) → FLAT: tidak ada entry (di bawah threshold / fusion netral),,
live_db_signal,ic32_regime_v1,BNBUSDT,FLAT,1.0,2026-06-17T20:05:37.824856+00:00,2026-06-18 04:05:37,2026-06-18,4,[flat_flat_no_review] LGBM=FLAT(0.95) → FLAT: tidak ada entry (di bawah threshold / fusion netral),,
live_db_signal,ic32_regime_v1,ETHUSDT,FLAT,1.0,2026-06-17T20:05:43.476060+00:00,2026-06-18 04:05:43,2026-06-18,4,[flat_flat_no_review] LGBM=FLAT(0.91) → FLAT: tidak ada entry (di bawah threshold / fusion netral),,
live_db_signal,ic32_regime_v1,TONUSDT,FLAT,1.0,2026-06-17T20:05:49.229233+00:00,2026-06-18 04:05:49,2026-06-18,4,[flat_flat_no_review] LGBM=FLAT(0.71) → FLAT: tidak ada entry (di bawah threshold / fusion netral),,
live_db_signal,ic32_regime_v1,TRXUSDT,FLAT,1.0,2026-06-17T20:05:54.847610+00:00,2026-06-18 04:05:54,2026-06-18,4,[flat_flat_no_review] LGBM=FLAT(0.65) → FLAT: tidak ada entry (di bawah threshold / fusion netral),,
live_db_signal,ic32_regime_v1,XRPUSDT,FLAT,1.0,2026-06-17T20:06:00.209387+00:00,2026-06-18 04:06:00,2026-06-18,4,[flat_flat_no_review] LGBM=FLAT(0.97) → FLAT: tidak ada entry (di bawah threshold / fusion netral),,
live_db_signal,ic32_regime_v1,ARBUSDT,FLAT,1.0,2026-06-17T20:06:06.111998+00:00,2026-06-18 04:06:06,2026-06-18,4,[flat_flat_no_review] LGBM=FLAT(0.94) → FLAT: tidak ada entry (di bawah threshold / fusion netral),,
live_db_signal,ic32_regime_v1,DOGEUSDT,FLAT,1.0,2026-06-17T20:06:11.559976+00:00,2026-06-18 04:06:11,2026-06-18,4,[flat_flat_no_review] LGBM=FLAT(0.79) → FLAT: tidak ada entry (di bawah threshold / fusion netral),,
live_db_signal,ic32_regime_v1,LINKUSDT,FLAT,1.0,2026-06-17T20:06:17.064824+00:00,2026-06-18 04:06:17,2026-06-18,4,[flat_flat_no_review] LGBM=FLAT(0.96) → FLAT: tidak ada entry (di bawah threshold / fusion netral),,
live_db_signal,ic32_regime_v1,SOLUSDT,FLAT,1.0,2026-06-17T20:06:22.737732+00:00,2026-06-18 04:06:22,2026-06-18,4,[flat_flat_no_review] LGBM=FLAT(0.84) → FLAT: tidak ada entry (di bawah threshold / fusion netral),,
live_db_signal,ic32_regime_v1,HBARUSDT,FLAT,1.0,2026-06-17T20:06:28.183834+00:00,2026-06-18 04:06:28,2026-06-18,4,[flat_flat_no_review] LGBM=FLAT(0.78) → FLAT: tidak ada entry (di bawah threshold / fusion netral),,
live_db_signal,ic32_regime_v1,ONDOUSDT,FLAT,1.0,2026-06-17T20:06:33.819394+00:00,2026-06-18 04:06:33,2026-06-18,4,[flat_flat_no_review] LGBM=FLAT(0.63) → FLAT: tidak ada entry (di bawah threshold / fusion netral),,
live_db_signal,ic32_regime_v1,ADAUSDT,FLAT,1.0,2026-06-17T20:06:38.972066+00:00,2026-06-18 04:06:38,2026-06-18,4,[flat_flat_no_review] LGBM=FLAT(0.95) → FLAT: tidak ada entry (di bawah threshold / fusion netral),,
live_db_signal,ic32_regime_v1,1000SHIBUSDT,FLAT,1.0,2026-06-17T20:06:44.228883+00:00,2026-06-18 04:06:44,2026-06-18,4,[flat_flat_no_review] LGBM=FLAT(0.94) → FLAT: tidak ada entry (di bawah threshold / fusion netral),,
live_db_signal,ic32_regime_v1,DOTUSDT,FLAT,1.0,2026-06-17T20:06:49.640304+00:00,2026-06-18 04:06:49,2026-06-18,4,[flat_flat_no_review] LGBM=FLAT(0.88) → FLAT: tidak ada entry (di bawah threshold / fusion netral),,
live_db_signal,ic32_regime_v1,TAOUSDT,FLAT,1.0,2026-06-17T20:06:55.252082+00:00,2026-06-18 04:06:55,2026-06-18,4,[flat_flat_no_review] LGBM=FLAT(0.97) → FLAT: tidak ada entry (di bawah threshold / fusion netral),,
live_db_signal,ic32_regime_v1,BTCUSDT,FLAT,1.0,2026-06-17T20:07:01.718461+00:00,2026-06-18 04:07:01,2026-06-18,4,[flat_flat_no_review] LGBM=FLAT(0.96) → FLAT: tidak ada entry (di bawah threshold / fusion netral),,
live_db_signal,ic32_regime_v1,SUIUSDT,FLAT,1.0,2026-06-17T21:05:07.594786+00:00,2026-06-18 05:05:07,2026-06-18,5,[flat_flat_no_review] LGBM=FLAT(0.94) → FLAT: tidak ada entry (di bawah threshold / fusion netral),,
live_db_signal,ic32_regime_v1,AVAXUSDT,FLAT,1.0,2026-06-17T21:05:12.863248+00:00,2026-06-18 05:05:12,2026-06-18,5,[flat_flat_no_review] LGBM=FLAT(0.88) → FLAT: tidak ada entry (di bawah threshold / fusion netral),,
live_db_signal,ic32_regime_v1,NEARUSDT,FLAT,1.0,2026-06-17T21:05:18.444976+00:00,2026-06-18 05:05:18,2026-06-18,5,[flat_flat_no_review] LGBM=FLAT(0.93) → FLAT: tidak ada entry (di bawah threshold / fusion netral),,
live_db_signal,ic32_regime_v1,POLUSDT,FLAT,1.0,2026-06-17T21:05:24.013036+00:00,2026-06-18 05:05:24,2026-06-18,5,[flat_flat_no_review] LGBM=FLAT(0.82) → FLAT: tidak ada entry (di bawah threshold / fusion netral),,
live_db_signal,ic32_regime_v1,1000PEPEUSDT,FLAT,1.0,2026-06-17T21:05:29.706211+00:00,2026-06-18 05:05:29,2026-06-18,5,[flat_flat_no_review] LGBM=FLAT(0.75) → FLAT: tidak ada entry (di bawah threshold / fusion netral),,
live_db_signal,ic32_regime_v1,BNBUSDT,FLAT,1.0,2026-06-17T21:05:35.139558+00:00,2026-06-18 05:05:35,2026-06-18,5,[flat_flat_no_review] LGBM=FLAT(0.90) → FLAT: tidak ada entry (di bawah threshold / fusion netral),,
live_db_signal,ic32_regime_v1,ETHUSDT,FLAT,1.0,2026-06-17T21:05:40.824011+00:00,2026-06-18 05:05:40,2026-06-18,5,[flat_flat_no_review] LGBM=FLAT(0.85) → FLAT: tidak ada entry (di bawah threshold / fusion netral),,
live_db_signal,ic32_regime_v1,TONUSDT,FLAT,1.0,2026-06-17T21:05:46.440390+00:00,2026-06-18 05:05:46,2026-06-18,5,[flat_lstm_reviewed] LGBM=LONG(0.51) · LSTM=SHORT → FLAT: tidak ada entry (di bawah threshold / fusion netral),,
live_db_signal,ic32_regime_v1,TRXUSDT,FLAT,1.0,2026-06-17T21:05:52.788825+00:00,2026-06-18 05:05:52,2026-06-18,5,[flat_lstm_reviewed] LGBM=FLAT(0.44) · LSTM=SHORT → FLAT: tidak ada entry (di bawah threshold / fusion netral),,
live_db_signal,ic32_regime_v1,XRPUSDT,FLAT,1.0,2026-06-17T21:05:58.708383+00:00,2026-06-18 05:05:58,2026-06-18,5,[flat_flat_no_review] LGBM=FLAT(0.91) → FLAT: tidak ada entry (di bawah threshold / fusion netral),,
live_db_signal,ic32_regime_v1,ARBUSDT,FLAT,1.0,2026-06-17T21:06:04.758706+00:00,2026-06-18 05:06:04,2026-06-18,5,[flat_flat_no_review] LGBM=FLAT(0.80) → FLAT: tidak ada entry (di bawah threshold / fusion netral),,
live_db_signal,ic32_regime_v1,DOGEUSDT,FLAT,1.0,2026-06-17T21:06:10.436019+00:00,2026-06-18 05:06:10,2026-06-18,5,[flat_flat_no_review] LGBM=FLAT(0.67) → FLAT: tidak ada entry (di bawah threshold / fusion netral),,
live_db_signal,ic32_regime_v1,LINKUSDT,FLAT,1.0,2026-06-17T21:06:16.088003+00:00,2026-06-18 05:06:16,2026-06-18,5,[flat_flat_no_review] LGBM=FLAT(0.94) → FLAT: tidak ada entry (di bawah threshold / fusion netral),,
live_db_signal,ic32_regime_v1,SOLUSDT,FLAT,1.0,2026-06-17T21:06:21.608191+00:00,2026-06-18 05:06:21,2026-06-18,5,[flat_flat_no_review] LGBM=FLAT(0.81) → FLAT: tidak ada entry (di bawah threshold / fusion netral),,
live_db_signal,ic32_regime_v1,HBARUSDT,FLAT,1.0,2026-06-17T21:06:27.172026+00:00,2026-06-18 05:06:27,2026-06-18,5,[flat_flat_no_review] LGBM=FLAT(0.72) → FLAT: tidak ada entry (di bawah threshold / fusion netral),,
live_db_signal,ic32_regime_v1,ONDOUSDT,FLAT,1.0,2026-06-17T21:06:32.665561+00:00,2026-06-18 05:06:32,2026-06-18,5,[flat_lstm_reviewed] LGBM=FLAT(0.58) · LSTM=SHORT → FLAT: tidak ada entry (di bawah threshold / fusion netral),,
live_db_signal,ic32_regime_v1,ADAUSDT,FLAT,1.0,2026-06-17T21:06:38.364040+00:00,2026-06-18 05:06:38,2026-06-18,5,[flat_flat_no_review] LGBM=FLAT(0.89) → FLAT: tidak ada entry (di bawah threshold / fusion netral),,
live_db_signal,ic32_regime_v1,1000SHIBUSDT,FLAT,1.0,2026-06-17T21:06:44.240186+00:00,2026-06-18 05:06:44,2026-06-18,5,[flat_flat_no_review] LGBM=FLAT(0.68) → FLAT: tidak ada entry (di bawah threshold / fusion netral),,
live_db_signal,ic32_regime_v1,DOTUSDT,FLAT,1.0,2026-06-17T21:06:50.176002+00:00,2026-06-18 05:06:50,2026-06-18,5,[flat_flat_no_review] LGBM=FLAT(0.70) → FLAT: tidak ada entry (di bawah threshold / fusion netral),,
live_db_signal,ic32_regime_v1,TAOUSDT,FLAT,1.0,2026-06-17T21:06:56.147257+00:00,2026-06-18 05:06:56,2026-06-18,5,[flat_flat_no_review] LGBM=FLAT(0.97) → FLAT: tidak ada entry (di bawah threshold / fusion netral),,
live_db_signal,ic32_regime_v1,BTCUSDT,FLAT,1.0,2026-06-17T21:07:03.267158+00:00,2026-06-18 05:07:03,2026-06-18,5,[flat_flat_no_review] LGBM=FLAT(0.97) → FLAT: tidak ada entry (di bawah threshold / fusion netral),,
live_db_signal,ic32_regime_v1,SUIUSDT,FLAT,1.0,2026-06-17T22:05:08.704416+00:00,2026-06-18 06:05:08,2026-06-18,6,[flat_flat_no_review] LGBM=FLAT(1.00) → FLAT: tidak ada entry (di bawah threshold / fusion netral),,
live_db_signal,ic32_regime_v1,AVAXUSDT,FLAT,1.0,2026-06-17T22:05:14.216445+00:00,2026-06-18 06:05:14,2026-06-18,6,[flat_flat_no_review] LGBM=FLAT(0.99) → FLAT: tidak ada entry (di bawah threshold / fusion netral),,
live_db_signal,ic32_regime_v1,NEARUSDT,FLAT,1.0,2026-06-17T22:05:19.899067+00:00,2026-06-18 06:05:19,2026-06-18,6,[flat_flat_no_review] LGBM=FLAT(0.97) → FLAT: tidak ada entry (di bawah threshold / fusion netral),,
live_db_signal,ic32_regime_v1,POLUSDT,FLAT,1.0,2026-06-17T22:05:25.778689+00:00,2026-06-18 06:05:25,2026-06-18,6,[flat_flat_no_review] LGBM=FLAT(0.84) → FLAT: tidak ada entry (di bawah threshold / fusion netral),,
live_db_signal,ic32_regime_v1,1000PEPEUSDT,FLAT,1.0,2026-06-17T22:05:31.668026+00:00,2026-06-18 06:05:31,2026-06-18,6,[flat_flat_no_review] LGBM=FLAT(0.97) → FLAT: tidak ada entry (di bawah threshold / fusion netral),,
live_db_signal,ic32_regime_v1,BNBUSDT,FLAT,1.0,2026-06-17T22:05:37.752711+00:00,2026-06-18 06:05:37,2026-06-18,6,[flat_flat_no_review] LGBM=FLAT(0.98) → FLAT: tidak ada entry (di bawah threshold / fusion netral),,
live_db_signal,ic32_regime_v1,ETHUSDT,FLAT,1.0,2026-06-17T22:05:44.269812+00:00,2026-06-18 06:05:44,2026-06-18,6,[flat_flat_no_review] LGBM=FLAT(0.95) → FLAT: tidak ada entry (di bawah threshold / fusion netral),,
live_db_signal,ic32_regime_v1,TONUSDT,LONG,0.6735,2026-06-17T22:05:50.098422+00:00,2026-06-18 06:05:50,2026-06-18,6,[lgbm_direct] LGBM=LONG(0.67) · LSTM=LONG · HMM=TREND_UP · FLIP=trending_counter-0.05 → DITOLAK [posisi_terbuka]: sudah ada trade aktif untuk koin ini,,
live_db_signal,ic32_regime_v1,TRXUSDT,FLAT,1.0,2026-06-17T22:05:56.002101+00:00,2026-06-18 06:05:56,2026-06-18,6,[flat_lstm_reviewed] LGBM=LONG(0.46) · LSTM=LONG → FLAT: tidak ada entry (di bawah threshold / fusion netral),,
live_db_signal,ic32_regime_v1,XRPUSDT,FLAT,1.0,2026-06-17T22:06:02.090292+00:00,2026-06-18 06:06:02,2026-06-18,6,[flat_flat_no_review] LGBM=FLAT(0.98) → FLAT: tidak ada entry (di bawah threshold / fusion netral),,
live_db_signal,ic32_regime_v1,ARBUSDT,FLAT,1.0,2026-06-17T22:06:08.072892+00:00,2026-06-18 06:06:08,2026-06-18,6,[flat_flat_no_review] LGBM=FLAT(0.96) → FLAT: tidak ada entry (di bawah threshold / fusion netral),,
live_db_signal,ic32_regime_v1,DOGEUSDT,FLAT,1.0,2026-06-17T22:06:13.552142+00:00,2026-06-18 06:06:13,2026-06-18,6,[flat_flat_no_review] LGBM=FLAT(0.96) → FLAT: tidak ada entry (di bawah threshold / fusion netral),,
live_db_signal,ic32_regime_v1,LINKUSDT,FLAT,1.0,2026-06-17T22:06:19.166175+00:00,2026-06-18 06:06:19,2026-06-18,6,[flat_flat_no_review] LGBM=FLAT(1.00) → FLAT: tidak ada entry (di bawah threshold / fusion netral),,
live_db_signal,ic32_regime_v1,SOLUSDT,FLAT,1.0,2026-06-17T22:06:24.966559+00:00,2026-06-18 06:06:24,2026-06-18,6,[flat_flat_no_review] LGBM=FLAT(0.97) → FLAT: tidak ada entry (di bawah threshold / fusion netral),,
live_db_signal,ic32_regime_v1,HBARUSDT,FLAT,1.0,2026-06-17T22:06:31.076270+00:00,2026-06-18 06:06:31,2026-06-18,6,[flat_flat_no_review] LGBM=FLAT(0.92) → FLAT: tidak ada entry (di bawah threshold / fusion netral),,
live_db_signal,ic32_regime_v1,ONDOUSDT,FLAT,1.0,2026-06-17T22:06:37.424408+00:00,2026-06-18 06:06:37,2026-06-18,6,[flat_flat_no_review] LGBM=FLAT(0.98) → FLAT: tidak ada entry (di bawah threshold / fusion netral),,
live_db_signal,ic32_regime_v1,ADAUSDT,FLAT,1.0,2026-06-17T22:06:43.176525+00:00,2026-06-18 06:06:43,2026-06-18,6,[flat_flat_no_review] LGBM=FLAT(0.99) → FLAT: tidak ada entry (di bawah threshold / fusion netral),,
live_db_signal,ic32_regime_v1,1000SHIBUSDT,FLAT,1.0,2026-06-17T22:06:49.216126+00:00,2026-06-18 06:06:49,2026-06-18,6,[flat_flat_no_review] LGBM=FLAT(0.78) → FLAT: tidak ada entry (di bawah threshold / fusion netral),,
live_db_signal,ic32_regime_v1,DOTUSDT,FLAT,1.0,2026-06-17T22:06:55.436077+00:00,2026-06-18 06:06:55,2026-06-18,6,[flat_flat_no_review] LGBM=FLAT(0.98) → FLAT: tidak ada entry (di bawah threshold / fusion netral),,
live_db_signal,ic32_regime_v1,TAOUSDT,FLAT,1.0,2026-06-17T22:07:01.447322+00:00,2026-06-18 06:07:01,2026-06-18,6,[flat_flat_no_review] LGBM=FLAT(0.96) → FLAT: tidak ada entry (di bawah threshold / fusion netral),,
live_db_signal,ic32_regime_v1,BTCUSDT,FLAT,1.0,2026-06-17T22:07:07.398788+00:00,2026-06-18 06:07:07,2026-06-18,6,[flat_flat_no_review] LGBM=FLAT(0.96) → FLAT: tidak ada entry (di bawah threshold / fusion netral),,
live_db_signal,ic32_regime_v1,SUIUSDT,FLAT,1.0,2026-06-17T23:05:09.316792+00:00,2026-06-18 07:05:09,2026-06-18,7,[flat_flat_no_review] LGBM=FLAT(0.97) → FLAT: tidak ada entry (di bawah threshold / fusion netral),,
live_db_signal,ic32_regime_v1,AVAXUSDT,FLAT,1.0,2026-06-17T23:05:15.248333+00:00,2026-06-18 07:05:15,2026-06-18,7,[flat_flat_no_review] LGBM=FLAT(0.94) → FLAT: tidak ada entry (di bawah threshold / fusion netral),,
live_db_signal,ic32_regime_v1,NEARUSDT,FLAT,1.0,2026-06-17T23:05:20.647377+00:00,2026-06-18 07:05:20,2026-06-18,7,[flat_flat_no_review] LGBM=FLAT(0.96) → FLAT: tidak ada entry (di bawah threshold / fusion netral),,
live_db_signal,ic32_regime_v1,POLUSDT,FLAT,1.0,2026-06-17T23:05:26.709847+00:00,2026-06-18 07:05:26,2026-06-18,7,[flat_lstm_reviewed] LGBM=SHORT(0.60) · LSTM=SHORT → FLAT: tidak ada entry (di bawah threshold / fusion netral),,
live_db_signal,ic32_regime_v1,1000PEPEUSDT,FLAT,1.0,2026-06-17T23:05:33.169565+00:00,2026-06-18 07:05:33,2026-06-18,7,[flat_lstm_reviewed] LGBM=FLAT(0.50) · LSTM=SHORT → FLAT: tidak ada entry (di bawah threshold / fusion netral),,
live_db_signal,ic32_regime_v1,BNBUSDT,FLAT,1.0,2026-06-17T23:05:38.846254+00:00,2026-06-18 07:05:38,2026-06-18,7,[flat_flat_no_review] LGBM=FLAT(0.90) → FLAT: tidak ada entry (di bawah threshold / fusion netral),,
live_db_signal,ic32_regime_v1,ETHUSDT,FLAT,1.0,2026-06-17T23:05:44.366282+00:00,2026-06-18 07:05:44,2026-06-18,7,[flat_flat_no_review] LGBM=FLAT(0.84) → FLAT: tidak ada entry (di bawah threshold / fusion netral),,
live_db_signal,ic32_regime_v1,TONUSDT,FLAT,1.0,2026-06-17T23:05:49.964775+00:00,2026-06-18 07:05:49,2026-06-18,7,[flat_flat_no_review] LGBM=FLAT(0.66) → FLAT: tidak ada entry (di bawah threshold / fusion netral),,
live_db_signal,ic32_regime_v1,TRXUSDT,FLAT,1.0,2026-06-17T23:05:55.669345+00:00,2026-06-18 07:05:55,2026-06-18,7,[flat_lstm_reviewed] LGBM=LONG(0.50) · LSTM=SHORT → FLAT: tidak ada entry (di bawah threshold / fusion netral),,
live_db_signal,ic32_regime_v1,XRPUSDT,FLAT,1.0,2026-06-17T23:06:01.313397+00:00,2026-06-18 07:06:01,2026-06-18,7,[flat_flat_no_review] LGBM=FLAT(0.95) → FLAT: tidak ada entry (di bawah threshold / fusion netral),,
live_db_signal,ic32_regime_v1,ARBUSDT,FLAT,1.0,2026-06-17T23:06:06.845312+00:00,2026-06-18 07:06:06,2026-06-18,7,[flat_flat_no_review] LGBM=FLAT(0.73) → FLAT: tidak ada entry (di bawah threshold / fusion netral),,
live_db_signal,ic32_regime_v1,DOGEUSDT,FLAT,1.0,2026-06-17T23:06:12.356289+00:00,2026-06-18 07:06:12,2026-06-18,7,[flat_flat_no_review] LGBM=FLAT(0.68) → FLAT: tidak ada entry (di bawah threshold / fusion netral),,
live_db_signal,ic32_regime_v1,LINKUSDT,FLAT,1.0,2026-06-17T23:06:17.658200+00:00,2026-06-18 07:06:17,2026-06-18,7,[flat_flat_no_review] LGBM=FLAT(0.96) → FLAT: tidak ada entry (di bawah threshold / fusion netral),,
live_db_signal,ic32_regime_v1,SOLUSDT,FLAT,1.0,2026-06-17T23:06:23.509774+00:00,2026-06-18 07:06:23,2026-06-18,7,[flat_flat_no_review] LGBM=FLAT(0.88) → FLAT: tidak ada entry (di bawah threshold / fusion netral),,
live_db_signal,ic32_regime_v1,HBARUSDT,FLAT,1.0,2026-06-17T23:06:29.369391+00:00,2026-06-18 07:06:29,2026-06-18,7,[flat_lstm_reviewed] LGBM=LONG(0.52) · LSTM=LONG → FLAT: tidak ada entry (di bawah threshold / fusion netral),,
live_db_signal,ic32_regime_v1,ONDOUSDT,FLAT,1.0,2026-06-17T23:06:34.794934+00:00,2026-06-18 07:06:34,2026-06-18,7,[flat_flat_no_review] LGBM=FLAT(0.92) → FLAT: tidak ada entry (di bawah threshold / fusion netral),,
live_db_signal,ic32_regime_v1,ADAUSDT,FLAT,1.0,2026-06-17T23:06:40.317537+00:00,2026-06-18 07:06:40,2026-06-18,7,[flat_flat_no_review] LGBM=FLAT(0.94) → FLAT: tidak ada entry (di bawah threshold / fusion netral),,
live_db_signal,ic32_regime_v1,1000SHIBUSDT,FLAT,1.0,2026-06-17T23:06:45.871410+00:00,2026-06-18 07:06:45,2026-06-18,7,[flat_lstm_reviewed] LGBM=LONG(0.49) · LSTM=SHORT → FLAT: tidak ada entry (di bawah threshold / fusion netral),,
live_db_signal,ic32_regime_v1,DOTUSDT,FLAT,1.0,2026-06-17T23:06:51.708788+00:00,2026-06-18 07:06:51,2026-06-18,7,[flat_flat_no_review] LGBM=FLAT(0.86) → FLAT: tidak ada entry (di bawah threshold / fusion netral),,
live_db_signal,ic32_regime_v1,TAOUSDT,FLAT,1.0,2026-06-17T23:06:57.898532+00:00,2026-06-18 07:06:57,2026-06-18,7,[flat_flat_no_review] LGBM=FLAT(0.97) → FLAT: tidak ada entry (di bawah threshold / fusion netral),,
live_db_signal,ic32_regime_v1,BTCUSDT,FLAT,1.0,2026-06-17T23:07:05.914694+00:00,2026-06-18 07:07:05,2026-06-18,7,[flat_flat_no_review] LGBM=FLAT(0.98) → FLAT: tidak ada entry (di bawah threshold / fusion netral),,
live_db_signal,ic32_regime_v1,SUIUSDT,FLAT,1.0,2026-06-18T00:05:08.237127+00:00,2026-06-18 08:05:08,2026-06-18,8,[flat_flat_no_review] LGBM=FLAT(0.97) → FLAT: tidak ada entry (di bawah threshold / fusion netral),,
live_db_signal,ic32_regime_v1,AVAXUSDT,FLAT,1.0,2026-06-18T00:05:14.254707+00:00,2026-06-18 08:05:14,2026-06-18,8,[flat_flat_no_review] LGBM=FLAT(0.93) → FLAT: tidak ada entry (di bawah threshold / fusion netral),,
live_db_signal,ic32_regime_v1,NEARUSDT,FLAT,1.0,2026-06-18T00:05:20.697939+00:00,2026-06-18 08:05:20,2026-06-18,8,[flat_flat_no_review] LGBM=FLAT(0.96) → FLAT: tidak ada entry (di bawah threshold / fusion netral),,
live_db_signal,ic32_regime_v1,POLUSDT,FLAT,1.0,2026-06-18T00:05:28.035690+00:00,2026-06-18 08:05:28,2026-06-18,8,[flat_lstm_reviewed] LGBM=SHORT(0.57) · LSTM=SHORT → FLAT: tidak ada entry (di bawah threshold / fusion netral),,
live_db_signal,ic32_regime_v1,1000PEPEUSDT,FLAT,1.0,2026-06-18T00:05:34.444502+00:00,2026-06-18 08:05:34,2026-06-18,8,[flat_lstm_reviewed] LGBM=LONG(0.51) · LSTM=SHORT → FLAT: tidak ada entry (di bawah threshold / fusion netral),,
live_db_signal,ic32_regime_v1,BNBUSDT,FLAT,1.0,2026-06-18T00:05:40.510602+00:00,2026-06-18 08:05:40,2026-06-18,8,[flat_flat_no_review] LGBM=FLAT(0.70) → FLAT: tidak ada entry (di bawah threshold / fusion netral),,
live_db_signal,ic32_regime_v1,ETHUSDT,FLAT,1.0,2026-06-18T00:05:46.932591+00:00,2026-06-18 08:05:46,2026-06-18,8,[flat_flat_no_review] LGBM=FLAT(0.70) → FLAT: tidak ada entry (di bawah threshold / fusion netral),,
live_db_signal,ic32_regime_v1,TONUSDT,FLAT,1.0,2026-06-18T00:05:52.456862+00:00,2026-06-18 08:05:52,2026-06-18,8,[flat_flat_no_review] LGBM=FLAT(0.82) → FLAT: tidak ada entry (di bawah threshold / fusion netral),,
live_db_signal,ic32_regime_v1,TRXUSDT,FLAT,1.0,2026-06-18T00:05:58.113423+00:00,2026-06-18 08:05:58,2026-06-18,8,[flat_lstm_reviewed] LGBM=FLAT(0.50) · LSTM=SHORT → FLAT: tidak ada entry (di bawah threshold / fusion netral),,
live_db_signal,ic32_regime_v1,XRPUSDT,FLAT,1.0,2026-06-18T00:06:04.053111+00:00,2026-06-18 08:06:04,2026-06-18,8,[flat_flat_no_review] LGBM=FLAT(0.89) → FLAT: tidak ada entry (di bawah threshold / fusion netral),,
live_db_signal,ic32_regime_v1,ARBUSDT,FLAT,1.0,2026-06-18T00:06:10.078039+00:00,2026-06-18 08:06:10,2026-06-18,8,[flat_lstm_reviewed] LGBM=FLAT(0.58) · LSTM=SHORT → FLAT: tidak ada entry (di bawah threshold / fusion netral),,
live_db_signal,ic32_regime_v1,DOGEUSDT,FLAT,1.0,2026-06-18T00:06:15.985134+00:00,2026-06-18 08:06:15,2026-06-18,8,[flat_lstm_reviewed] LGBM=FLAT(0.55) · LSTM=SHORT → FLAT: tidak ada entry (di bawah threshold / fusion netral),,
live_db_signal,ic32_regime_v1,LINKUSDT,FLAT,1.0,2026-06-18T00:06:21.723986+00:00,2026-06-18 08:06:21,2026-06-18,8,[flat_flat_no_review] LGBM=FLAT(0.81) → FLAT: tidak ada entry (di bawah threshold / fusion netral),,
live_db_signal,ic32_regime_v1,SOLUSDT,FLAT,1.0,2026-06-18T00:06:28.423729+00:00,2026-06-18 08:06:28,2026-06-18,8,[flat_flat_no_review] LGBM=FLAT(0.70) → FLAT: tidak ada entry (di bawah threshold / fusion netral),,
live_db_signal,ic32_regime_v1,HBARUSDT,FLAT,1.0,2026-06-18T00:06:34.165154+00:00,2026-06-18 08:06:34,2026-06-18,8,[flat_lstm_reviewed] LGBM=SHORT(0.53) · LSTM=SHORT → FLAT: tidak ada entry (di bawah threshold / fusion netral),,
live_db_signal,ic32_regime_v1,ONDOUSDT,FLAT,1.0,2026-06-18T00:06:39.876036+00:00,2026-06-18 08:06:39,2026-06-18,8,[flat_flat_no_review] LGBM=FLAT(0.78) → FLAT: tidak ada entry (di bawah threshold / fusion netral),,
live_db_signal,ic32_regime_v1,ADAUSDT,FLAT,1.0,2026-06-18T00:06:45.812988+00:00,2026-06-18 08:06:45,2026-06-18,8,[flat_flat_no_review] LGBM=FLAT(0.87) → FLAT: tidak ada entry (di bawah threshold / fusion netral),,
live_db_signal,ic32_regime_v1,1000SHIBUSDT,FLAT,1.0,2026-06-18T00:06:51.681713+00:00,2026-06-18 08:06:51,2026-06-18,8,[flat_lstm_reviewed] LGBM=SHORT(0.61) · LSTM=SHORT → FLAT: tidak ada entry (di bawah threshold / fusion netral),,
live_db_signal,ic32_regime_v1,DOTUSDT,FLAT,1.0,2026-06-18T00:06:58.328054+00:00,2026-06-18 08:06:58,2026-06-18,8,[flat_flat_no_review] LGBM=FLAT(0.79) → FLAT: tidak ada entry (di bawah threshold / fusion netral),,
live_db_signal,ic32_regime_v1,TAOUSDT,FLAT,1.0,2026-06-18T00:07:07.205878+00:00,2026-06-18 08:07:07,2026-06-18,8,[flat_flat_no_review] LGBM=FLAT(0.98) → FLAT: tidak ada entry (di bawah threshold / fusion netral),,
live_db_signal,ic32_regime_v1,BTCUSDT,FLAT,1.0,2026-06-18T00:07:14.298337+00:00,2026-06-18 08:07:14,2026-06-18,8,[flat_flat_no_review] LGBM=FLAT(0.95) → FLAT: tidak ada entry (di bawah threshold / fusion netral),,
live_db_signal,ic32_regime_v1,SUIUSDT,FLAT,1.0,2026-06-18T01:05:07.892984+00:00,2026-06-18 09:05:07,2026-06-18,9,[flat_flat_no_review] LGBM=FLAT(0.70) → FLAT: tidak ada entry (di bawah threshold / fusion netral),,
live_db_signal,ic32_regime_v1,AVAXUSDT,FLAT,1.0,2026-06-18T01:05:13.870179+00:00,2026-06-18 09:05:13,2026-06-18,9,[flat_below_thr] LGBM=SHORT(0.35) → FLAT: tidak ada entry (di bawah threshold / fusion netral),,
live_db_signal,ic32_regime_v1,NEARUSDT,FLAT,1.0,2026-06-18T01:05:19.682587+00:00,2026-06-18 09:05:19,2026-06-18,9,[flat_flat_no_review] LGBM=FLAT(0.96) → FLAT: tidak ada entry (di bawah threshold / fusion netral),,
live_db_signal,ic32_regime_v1,POLUSDT,FLAT,1.0,2026-06-18T01:05:25.753625+00:00,2026-06-18 09:05:25,2026-06-18,9,[flat_lstm_reviewed] LGBM=SHORT(0.50) · LSTM=SHORT → FLAT: tidak ada entry (di bawah threshold / fusion netral),,
live_db_signal,ic32_regime_v1,1000PEPEUSDT,FLAT,1.0,2026-06-18T01:05:31.654690+00:00,2026-06-18 09:05:31,2026-06-18,9,[flat_lstm_reviewed] LGBM=SHORT(0.49) · LSTM=SHORT → FLAT: tidak ada entry (di bawah threshold / fusion netral),,
live_db_signal,ic32_regime_v1,BNBUSDT,FLAT,1.0,2026-06-18T01:05:37.316416+00:00,2026-06-18 09:05:37,2026-06-18,9,[flat_lstm_reviewed] LGBM=SHORT(0.72) · LSTM=SHORT → FLAT: tidak ada entry (di bawah threshold / fusion netral),,
live_db_signal,ic32_regime_v1,ETHUSDT,SHORT,0.8805,2026-06-18T01:05:43.152746+00:00,2026-06-18 09:05:43,2026-06-18,9,[lgbm_direct] LGBM=SHORT(0.73) · LSTM=SHORT · HMM=TREND_DOWN · FLIP=trending_with+0.10 → LOLOS FILTER: conf 0.88 ≥ thr 0.72 · RR ok · modal $5.00 · TP=1719.9015 SL=1804.6375 → MASUK TRADE (live) #251: SHORT ETHUSDT entry=1756.1315 TP=1719.9015 SL=1804.6375 modal=$5.00 lev=5x,,
live_db_signal,ic32_regime_v1,TONUSDT,FLAT,1.0,2026-06-18T01:05:50.808562+00:00,2026-06-18 09:05:50,2026-06-18,9,[flat_flat_no_review] LGBM=FLAT(0.80) → FLAT: tidak ada entry (di bawah threshold / fusion netral),,
live_db_signal,ic32_regime_v1,TRXUSDT,FLAT,1.0,2026-06-18T01:05:56.900940+00:00,2026-06-18 09:05:56,2026-06-18,9,[flat_lstm_reviewed] LGBM=SHORT(0.45) · LSTM=SHORT → FLAT: tidak ada entry (di bawah threshold / fusion netral),,
live_db_signal,ic32_regime_v1,XRPUSDT,FLAT,1.0,2026-06-18T01:06:02.774128+00:00,2026-06-18 09:06:02,2026-06-18,9,[flat_lstm_reviewed] LGBM=LONG(0.51) · LSTM=SHORT → FLAT: tidak ada entry (di bawah threshold / fusion netral),,
live_db_signal,ic32_regime_v1,ARBUSDT,FLAT,1.0,2026-06-18T01:06:08.708165+00:00,2026-06-18 09:06:08,2026-06-18,9,[flat_lstm_reviewed] LGBM=SHORT(0.58) · LSTM=SHORT → FLAT: tidak ada entry (di bawah threshold / fusion netral),,
live_db_signal,ic32_regime_v1,DOGEUSDT,FLAT,1.0,2026-06-18T01:06:14.500841+00:00,2026-06-18 09:06:14,2026-06-18,9,[flat_lstm_reviewed] LGBM=SHORT(0.63) · LSTM=SHORT → FLAT: tidak ada entry (di bawah threshold / fusion netral),,
live_db_signal,ic32_regime_v1,LINKUSDT,FLAT,1.0,2026-06-18T01:06:20.413256+00:00,2026-06-18 09:06:20,2026-06-18,9,[flat_lstm_reviewed] LGBM=SHORT(0.59) · LSTM=SHORT → FLAT: tidak ada entry (di bawah threshold / fusion netral),,
live_db_signal,ic32_regime_v1,SOLUSDT,FLAT,1.0,2026-06-18T01:06:26.085411+00:00,2026-06-18 09:06:26,2026-06-18,9,[flat_lstm_reviewed] LGBM=SHORT(0.50) · LSTM=SHORT → FLAT: tidak ada entry (di bawah threshold / fusion netral),,
live_db_signal,ic32_regime_v1,HBARUSDT,FLAT,1.0,2026-06-18T01:06:32.463009+00:00,2026-06-18 09:06:32,2026-06-18,9,[flat_lstm_reviewed] LGBM=SHORT(0.52) · LSTM=SHORT → FLAT: tidak ada entry (di bawah threshold / fusion netral),,
live_db_signal,ic32_regime_v1,ONDOUSDT,FLAT,1.0,2026-06-18T01:06:39.035427+00:00,2026-06-18 09:06:39,2026-06-18,9,[flat_flat_no_review] LGBM=FLAT(0.65) → FLAT: tidak ada entry (di bawah threshold / fusion netral),,
live_db_signal,ic32_regime_v1,ADAUSDT,FLAT,1.0,2026-06-18T01:06:44.979010+00:00,2026-06-18 09:06:44,2026-06-18,9,[flat_lstm_reviewed] LGBM=SHORT(0.64) · LSTM=SHORT → FLAT: tidak ada entry (di bawah threshold / fusion netral),,
live_db_signal,ic32_regime_v1,1000SHIBUSDT,FLAT,1.0,2026-06-18T01:06:50.920874+00:00,2026-06-18 09:06:50,2026-06-18,9,[flat_lstm_reviewed] LGBM=SHORT(0.63) · LSTM=SHORT → FLAT: tidak ada entry (di bawah threshold / fusion netral),,
live_db_signal,ic32_regime_v1,DOTUSDT,FLAT,1.0,2026-06-18T01:06:56.887339+00:00,2026-06-18 09:06:56,2026-06-18,9,[flat_flat_no_review] LGBM=FLAT(0.44) → FLAT: tidak ada entry (di bawah threshold / fusion netral),,
live_db_signal,ic32_regime_v1,TAOUSDT,FLAT,1.0,2026-06-18T01:07:04.907906+00:00,2026-06-18 09:07:04,2026-06-18,9,[flat_lstm_reviewed] LGBM=FLAT(0.56) · LSTM=SHORT → FLAT: tidak ada entry (di bawah threshold / fusion netral),,
live_db_signal,ic32_regime_v1,BTCUSDT,FLAT,1.0,2026-06-18T01:07:10.969449+00:00,2026-06-18 09:07:10,2026-06-18,9,[flat_flat_no_review] LGBM=FLAT(0.69) → FLAT: tidak ada entry (di bawah threshold / fusion netral),,
live_db_signal,ic32_regime_v1,SUIUSDT,FLAT,1.0,2026-06-18T02:05:09.452473+00:00,2026-06-18 10:05:09,2026-06-18,10,[flat_lstm_reviewed] LGBM=FLAT(0.54) · LSTM=SHORT → FLAT: tidak ada entry (di bawah threshold / fusion netral),,
live_db_signal,ic32_regime_v1,AVAXUSDT,FLAT,1.0,2026-06-18T02:05:15.480617+00:00,2026-06-18 10:05:15,2026-06-18,10,[flat_lstm_reviewed] LGBM=SHORT(0.52) · LSTM=SHORT → FLAT: tidak ada entry (di bawah threshold / fusion netral),,
live_db_signal,ic32_regime_v1,NEARUSDT,FLAT,1.0,2026-06-18T02:05:21.539604+00:00,2026-06-18 10:05:21,2026-06-18,10,[flat_lstm_reviewed] LGBM=SHORT(0.53) · LSTM=SHORT → FLAT: tidak ada entry (di bawah threshold / fusion netral),,
live_db_signal,ic32_regime_v1,POLUSDT,FLAT,1.0,2026-06-18T02:05:27.416789+00:00,2026-06-18 10:05:27,2026-06-18,10,[flat_lstm_reviewed] LGBM=FLAT(0.56) · LSTM=SHORT → FLAT: tidak ada entry (di bawah threshold / fusion netral),,
live_db_signal,ic32_regime_v1,1000PEPEUSDT,FLAT,1.0,2026-06-18T02:05:32.942023+00:00,2026-06-18 10:05:32,2026-06-18,10,[flat_lstm_reviewed] LGBM=LONG(0.52) · LSTM=SHORT → FLAT: tidak ada entry (di bawah threshold / fusion netral),,
live_db_signal,ic32_regime_v1,BNBUSDT,FLAT,1.0,2026-06-18T02:05:38.559234+00:00,2026-06-18 10:05:38,2026-06-18,10,[flat_lstm_reviewed] LGBM=SHORT(0.68) · LSTM=SHORT → FLAT: tidak ada entry (di bawah threshold / fusion netral),,
live_db_signal,ic32_regime_v1,ETHUSDT,FLAT,1.0,2026-06-18T02:05:43.959791+00:00,2026-06-18 10:05:43,2026-06-18,10,[flat_lstm_reviewed] LGBM=SHORT(0.70) · LSTM=SHORT → FLAT: tidak ada entry (di bawah threshold / fusion netral),,
live_db_signal,ic32_regime_v1,TONUSDT,FLAT,1.0,2026-06-18T02:05:49.811725+00:00,2026-06-18 10:05:49,2026-06-18,10,[flat_flat_no_review] LGBM=FLAT(0.95) → FLAT: tidak ada entry (di bawah threshold / fusion netral),,
live_db_signal,ic32_regime_v1,TRXUSDT,FLAT,1.0,2026-06-18T02:05:56.209973+00:00,2026-06-18 10:05:56,2026-06-18,10,[flat_lstm_reviewed] LGBM=SHORT(0.45) · LSTM=LONG → FLAT: tidak ada entry (di bawah threshold / fusion netral),,
live_db_signal,ic32_regime_v1,XRPUSDT,FLAT,1.0,2026-06-18T02:06:02.549856+00:00,2026-06-18 10:06:02,2026-06-18,10,[flat_lstm_reviewed] LGBM=LONG(0.42) · LSTM=SHORT → FLAT: tidak ada entry (di bawah threshold / fusion netral),,
live_db_signal,ic32_regime_v1,ARBUSDT,FLAT,1.0,2026-06-18T02:06:08.936461+00:00,2026-06-18 10:06:08,2026-06-18,10,[flat_lstm_reviewed] LGBM=SHORT(0.71) · LSTM=SHORT → FLAT: tidak ada entry (di bawah threshold / fusion netral),,
live_db_signal,ic32_regime_v1,DOGEUSDT,FLAT,1.0,2026-06-18T02:06:15.506609+00:00,2026-06-18 10:06:15,2026-06-18,10,[flat_lstm_reviewed] LGBM=SHORT(0.56) · LSTM=SHORT → FLAT: tidak ada entry (di bawah threshold / fusion netral),,
live_db_signal,ic32_regime_v1,LINKUSDT,FLAT,1.0,2026-06-18T02:06:21.652122+00:00,2026-06-18 10:06:21,2026-06-18,10,[flat_lstm_reviewed] LGBM=SHORT(0.56) · LSTM=SHORT → FLAT: tidak ada entry (di bawah threshold / fusion netral),,
live_db_signal,ic32_regime_v1,SOLUSDT,FLAT,1.0,2026-06-18T02:06:27.474660+00:00,2026-06-18 10:06:27,2026-06-18,10,[flat_lstm_reviewed] LGBM=SHORT(0.57) · LSTM=SHORT → FLAT: tidak ada entry (di bawah threshold / fusion netral),,
live_db_signal,ic32_regime_v1,HBARUSDT,FLAT,1.0,2026-06-18T02:06:32.940854+00:00,2026-06-18 10:06:32,2026-06-18,10,[flat_flat_no_review] LGBM=FLAT(0.75) → FLAT: tidak ada entry (di bawah threshold / fusion netral),,
live_db_signal,ic32_regime_v1,ONDOUSDT,FLAT,1.0,2026-06-18T02:06:38.757926+00:00,2026-06-18 10:06:38,2026-06-18,10,[flat_lstm_reviewed] LGBM=SHORT(0.50) · LSTM=SHORT → FLAT: tidak ada entry (di bawah threshold / fusion netral),,
live_db_signal,ic32_regime_v1,ADAUSDT,FLAT,1.0,2026-06-18T02:06:44.652325+00:00,2026-06-18 10:06:44,2026-06-18,10,[flat_lstm_reviewed] LGBM=SHORT(0.49) · LSTM=SHORT → FLAT: tidak ada entry (di bawah threshold / fusion netral),,
live_db_signal,ic32_regime_v1,1000SHIBUSDT,FLAT,1.0,2026-06-18T02:06:50.660940+00:00,2026-06-18 10:06:50,2026-06-18,10,[flat_lstm_reviewed] LGBM=SHORT(0.49) · LSTM=SHORT → FLAT: tidak ada entry (di bawah threshold / fusion netral),,
live_db_signal,ic32_regime_v1,DOTUSDT,FLAT,1.0,2026-06-18T02:06:57.047171+00:00,2026-06-18 10:06:57,2026-06-18,10,[flat_lstm_reviewed] LGBM=FLAT(0.49) · LSTM=SHORT → FLAT: tidak ada entry (di bawah threshold / fusion netral),,
live_db_signal,ic32_regime_v1,TAOUSDT,FLAT,1.0,2026-06-18T02:07:05.631875+00:00,2026-06-18 10:07:05,2026-06-18,10,[flat_flat_no_review] LGBM=FLAT(0.61) → FLAT: tidak ada entry (di bawah threshold / fusion netral),,
live_db_signal,ic32_regime_v1,BTCUSDT,FLAT,1.0,2026-06-18T02:07:12.594773+00:00,2026-06-18 10:07:12,2026-06-18,10,[flat_flat_no_review] LGBM=FLAT(0.56) → FLAT: tidak ada entry (di bawah threshold / fusion netral),,
live_db_signal,ic32_regime_v1,SUIUSDT,FLAT,1.0,2026-06-18T03:05:09.918960+00:00,2026-06-18 11:05:09,2026-06-18,11,[flat_flat_no_review] LGBM=FLAT(0.84) → FLAT: tidak ada entry (di bawah threshold / fusion netral),,
live_db_signal,ic32_regime_v1,AVAXUSDT,FLAT,1.0,2026-06-18T03:05:17.602994+00:00,2026-06-18 11:05:17,2026-06-18,11,[flat_flat_no_review] LGBM=FLAT(0.35) → FLAT: tidak ada entry (di bawah threshold / fusion netral),,
live_db_signal,ic32_regime_v1,NEARUSDT,FLAT,1.0,2026-06-18T03:05:25.446464+00:00,2026-06-18 11:05:25,2026-06-18,11,[flat_lstm_reviewed] LGBM=SHORT(0.68) · LSTM=SHORT → FLAT: tidak ada entry (di bawah threshold / fusion netral),,
live_db_signal,ic32_regime_v1,POLUSDT,FLAT,1.0,2026-06-18T03:05:32.806360+00:00,2026-06-18 11:05:32,2026-06-18,11,[flat_lstm_reviewed] LGBM=LONG(0.66) · LSTM=LONG → FLAT: tidak ada entry (di bawah threshold / fusion netral),,
live_db_signal,ic32_regime_v1,1000PEPEUSDT,FLAT,1.0,2026-06-18T03:05:39.598107+00:00,2026-06-18 11:05:39,2026-06-18,11,[flat_lstm_reviewed] LGBM=SHORT(0.53) · LSTM=LONG → FLAT: tidak ada entry (di bawah threshold / fusion netral),,
live_db_signal,ic32_regime_v1,BNBUSDT,FLAT,1.0,2026-06-18T03:05:46.082176+00:00,2026-06-18 11:05:46,2026-06-18,11,[flat_lstm_reviewed] LGBM=SHORT(0.66) · LSTM=LONG → FLAT: tidak ada entry (di bawah threshold / fusion netral),,
live_db_signal,ic32_regime_v1,ETHUSDT,FLAT,1.0,2026-06-18T03:05:51.899454+00:00,2026-06-18 11:05:51,2026-06-18,11,[flat_lstm_reviewed] LGBM=SHORT(0.53) · LSTM=LONG → FLAT: tidak ada entry (di bawah threshold / fusion netral),,
live_db_signal,ic32_regime_v1,TONUSDT,FLAT,1.0,2026-06-18T03:05:57.357574+00:00,2026-06-18 11:05:57,2026-06-18,11,[flat_flat_no_review] LGBM=FLAT(0.98) → FLAT: tidak ada entry (di bawah threshold / fusion netral),,
live_db_signal,ic32_regime_v1,TRXUSDT,FLAT,1.0,2026-06-18T03:06:03.616357+00:00,2026-06-18 11:06:03,2026-06-18,11,[flat_lstm_reviewed] LGBM=LONG(0.64) · LSTM=LONG → FLAT: tidak ada entry (di bawah threshold / fusion netral),,
live_db_signal,ic32_regime_v1,XRPUSDT,FLAT,1.0,2026-06-18T03:06:10.351865+00:00,2026-06-18 11:06:10,2026-06-18,11,[flat_flat_no_review] LGBM=FLAT(0.53) → FLAT: tidak ada entry (di bawah threshold / fusion netral),,
live_db_signal,ic32_regime_v1,ARBUSDT,FLAT,1.0,2026-06-18T03:06:16.774345+00:00,2026-06-18 11:06:16,2026-06-18,11,[flat_lstm_reviewed] LGBM=SHORT(0.52) · LSTM=LONG → FLAT: tidak ada entry (di bawah threshold / fusion netral),,
live_db_signal,ic32_regime_v1,DOGEUSDT,FLAT,1.0,2026-06-18T03:06:24.023017+00:00,2026-06-18 11:06:24,2026-06-18,11,[flat_lstm_reviewed] LGBM=SHORT(0.71) · LSTM=LONG → FLAT: tidak ada entry (di bawah threshold / fusion netral),,
live_db_signal,ic32_regime_v1,LINKUSDT,FLAT,1.0,2026-06-18T03:06:30.774960+00:00,2026-06-18 11:06:30,2026-06-18,11,[flat_lstm_reviewed] LGBM=LONG(0.43) · LSTM=LONG → FLAT: tidak ada entry (di bawah threshold / fusion netral),,
live_db_signal,ic32_regime_v1,SOLUSDT,FLAT,1.0,2026-06-18T03:06:37.141017+00:00,2026-06-18 11:06:37,2026-06-18,11,[flat_lstm_reviewed] LGBM=LONG(0.55) · LSTM=SHORT → FLAT: tidak ada entry (di bawah threshold / fusion netral),,
live_db_signal,ic32_regime_v1,HBARUSDT,FLAT,1.0,2026-06-18T03:06:42.949599+00:00,2026-06-18 11:06:42,2026-06-18,11,[flat_flat_no_review] LGBM=FLAT(0.69) → FLAT: tidak ada entry (di bawah threshold / fusion netral),,
live_db_signal,ic32_regime_v1,ONDOUSDT,FLAT,1.0,2026-06-18T03:06:48.595175+00:00,2026-06-18 11:06:48,2026-06-18,11,[flat_lstm_reviewed] LGBM=SHORT(0.63) · LSTM=SHORT → FLAT: tidak ada entry (di bawah threshold / fusion netral),,
live_db_signal,ic32_regime_v1,ADAUSDT,FLAT,1.0,2026-06-18T03:06:54.536735+00:00,2026-06-18 11:06:54,2026-06-18,11,[flat_lstm_reviewed] LGBM=LONG(0.56) · LSTM=SHORT → FLAT: tidak ada entry (di bawah threshold / fusion netral),,
live_db_signal,ic32_regime_v1,1000SHIBUSDT,FLAT,1.0,2026-06-18T03:07:01.454056+00:00,2026-06-18 11:07:01,2026-06-18,11,[flat_lstm_reviewed] LGBM=SHORT(0.65) · LSTM=SHORT → FLAT: tidak ada entry (di bawah threshold / fusion netral),,
live_db_signal,ic32_regime_v1,DOTUSDT,FLAT,1.0,2026-06-18T03:07:08.949655+00:00,2026-06-18 11:07:08,2026-06-18,11,[flat_flat_no_review] LGBM=FLAT(0.70) → FLAT: tidak ada entry (di bawah threshold / fusion netral),,
live_db_signal,ic32_regime_v1,TAOUSDT,FLAT,1.0,2026-06-18T03:07:15.762027+00:00,2026-06-18 11:07:15,2026-06-18,11,[flat_lstm_reviewed] LGBM=FLAT(0.61) · LSTM=LONG → FLAT: tidak ada entry (di bawah threshold / fusion netral),,
live_db_signal,ic32_regime_v1,BTCUSDT,FLAT,1.0,2026-06-18T03:07:22.319523+00:00,2026-06-18 11:07:22,2026-06-18,11,[flat_flat_no_review] LGBM=FLAT(0.60) → FLAT: tidak ada entry (di bawah threshold / fusion netral),,
live_db_signal,ic32_regime_v1,SUIUSDT,FLAT,1.0,2026-06-18T04:05:12.045677+00:00,2026-06-18 12:05:12,2026-06-18,12,[flat_flat_no_review] LGBM=FLAT(0.76) → FLAT: tidak ada entry (di bawah threshold / fusion netral),,
live_db_signal,ic32_regime_v1,AVAXUSDT,FLAT,1.0,2026-06-18T04:05:18.424596+00:00,2026-06-18 12:05:18,2026-06-18,12,[flat_lstm_reviewed] LGBM=FLAT(0.59) · LSTM=LONG → FLAT: tidak ada entry (di bawah threshold / fusion netral),,
live_db_signal,ic32_regime_v1,NEARUSDT,FLAT,1.0,2026-06-18T04:05:23.792041+00:00,2026-06-18 12:05:23,2026-06-18,12,[flat_flat_no_review] LGBM=FLAT(0.69) → FLAT: tidak ada entry (di bawah threshold / fusion netral),,
live_db_signal,ic32_regime_v1,POLUSDT,FLAT,1.0,2026-06-18T04:05:29.775012+00:00,2026-06-18 12:05:29,2026-06-18,12,[flat_lstm_reviewed] LGBM=FLAT(0.61) · LSTM=LONG → FLAT: tidak ada entry (di bawah threshold / fusion netral),,
live_db_signal,ic32_regime_v1,1000PEPEUSDT,FLAT,1.0,2026-06-18T04:05:36.437524+00:00,2026-06-18 12:05:36,2026-06-18,12,[flat_flat_no_review] LGBM=FLAT(0.79) → FLAT: tidak ada entry (di bawah threshold / fusion netral),,
live_db_signal,ic32_regime_v1,BNBUSDT,FLAT,1.0,2026-06-18T04:05:42.051690+00:00,2026-06-18 12:05:42,2026-06-18,12,[flat_flat_no_review] LGBM=FLAT(0.87) → FLAT: tidak ada entry (di bawah threshold / fusion netral),,
live_db_signal,ic32_regime_v1,ETHUSDT,FLAT,1.0,2026-06-18T04:05:47.710734+00:00,2026-06-18 12:05:47,2026-06-18,12,[flat_lstm_reviewed] LGBM=LONG(0.59) · LSTM=LONG → FLAT: tidak ada entry (di bawah threshold / fusion netral),,
live_db_signal,ic32_regime_v1,TONUSDT,FLAT,1.0,2026-06-18T04:05:53.610365+00:00,2026-06-18 12:05:53,2026-06-18,12,[flat_lstm_reviewed] LGBM=LONG(0.60) · LSTM=LONG → FLAT: tidak ada entry (di bawah threshold / fusion netral),,
live_db_signal,ic32_regime_v1,TRXUSDT,FLAT,1.0,2026-06-18T04:05:59.476790+00:00,2026-06-18 12:05:59,2026-06-18,12,[flat_lstm_reviewed] LGBM=LONG(0.58) · LSTM=LONG → FLAT: tidak ada entry (di bawah threshold / fusion netral),,
live_db_signal,ic32_regime_v1,XRPUSDT,FLAT,1.0,2026-06-18T04:06:05.620427+00:00,2026-06-18 12:06:05,2026-06-18,12,[flat_lstm_reviewed] LGBM=FLAT(0.54) · LSTM=LONG → FLAT: tidak ada entry (di bawah threshold / fusion netral),,
live_db_signal,ic32_regime_v1,ARBUSDT,FLAT,1.0,2026-06-18T04:06:11.628951+00:00,2026-06-18 12:06:11,2026-06-18,12,[flat_lstm_reviewed] LGBM=FLAT(0.55) · LSTM=LONG → FLAT: tidak ada entry (di bawah threshold / fusion netral),,
live_db_signal,ic32_regime_v1,DOGEUSDT,FLAT,1.0,2026-06-18T04:06:17.788519+00:00,2026-06-18 12:06:17,2026-06-18,12,[flat_lstm_reviewed] LGBM=FLAT(0.50) · LSTM=LONG → FLAT: tidak ada entry (di bawah threshold / fusion netral),,
live_db_signal,ic32_regime_v1,LINKUSDT,FLAT,1.0,2026-06-18T04:06:23.407948+00:00,2026-06-18 12:06:23,2026-06-18,12,[flat_lstm_reviewed] LGBM=FLAT(0.61) · LSTM=LONG → FLAT: tidak ada entry (di bawah threshold / fusion netral),,
live_db_signal,ic32_regime_v1,SOLUSDT,FLAT,1.0,2026-06-18T04:06:28.725025+00:00,2026-06-18 12:06:28,2026-06-18,12,[flat_flat_no_review] LGBM=FLAT(0.73) → FLAT: tidak ada entry (di bawah threshold / fusion netral),,
live_db_signal,ic32_regime_v1,HBARUSDT,FLAT,1.0,2026-06-18T04:06:34.352565+00:00,2026-06-18 12:06:34,2026-06-18,12,[flat_lstm_reviewed] LGBM=LONG(0.69) · LSTM=LONG → FLAT: tidak ada entry (di bawah threshold / fusion netral),,
live_db_signal,ic32_regime_v1,ONDOUSDT,FLAT,1.0,2026-06-18T04:06:39.968539+00:00,2026-06-18 12:06:39,2026-06-18,12,[flat_flat_no_review] LGBM=FLAT(0.72) → FLAT: tidak ada entry (di bawah threshold / fusion netral),,
live_db_signal,ic32_regime_v1,ADAUSDT,FLAT,1.0,2026-06-18T04:06:45.434847+00:00,2026-06-18 12:06:45,2026-06-18,12,[flat_flat_no_review] LGBM=FLAT(0.53) → FLAT: tidak ada entry (di bawah threshold / fusion netral),,
live_db_signal,ic32_regime_v1,1000SHIBUSDT,FLAT,1.0,2026-06-18T04:06:50.754304+00:00,2026-06-18 12:06:50,2026-06-18,12,[flat_flat_no_review] LGBM=FLAT(0.92) → FLAT: tidak ada entry (di bawah threshold / fusion netral),,
live_db_signal,ic32_regime_v1,DOTUSDT,FLAT,1.0,2026-06-18T04:06:56.355377+00:00,2026-06-18 12:06:56,2026-06-18,12,[flat_flat_no_review] LGBM=FLAT(0.98) → FLAT: tidak ada entry (di bawah threshold / fusion netral),,
live_db_signal,ic32_regime_v1,TAOUSDT,FLAT,1.0,2026-06-18T04:07:03.862243+00:00,2026-06-18 12:07:03,2026-06-18,12,[flat_flat_no_review] LGBM=FLAT(0.75) → FLAT: tidak ada entry (di bawah threshold / fusion netral),,
live_db_signal,ic32_regime_v1,BTCUSDT,FLAT,1.0,2026-06-18T04:07:09.755969+00:00,2026-06-18 12:07:09,2026-06-18,12,[flat_lstm_reviewed] LGBM=LONG(0.48) · LSTM=LONG → FLAT: tidak ada entry (di bawah threshold / fusion netral),,
live_db_signal,ic32_regime_v1,SUIUSDT,FLAT,1.0,2026-06-18T05:05:10.555667+00:00,2026-06-18 13:05:10,2026-06-18,13,[flat_flat_no_review] LGBM=FLAT(0.97) → FLAT: tidak ada entry (di bawah threshold / fusion netral),,
live_db_signal,ic32_regime_v1,AVAXUSDT,FLAT,1.0,2026-06-18T05:05:16.613773+00:00,2026-06-18 13:05:16,2026-06-18,13,[flat_flat_no_review] LGBM=FLAT(0.97) → FLAT: tidak ada entry (di bawah threshold / fusion netral),,
live_db_signal,ic32_regime_v1,NEARUSDT,FLAT,1.0,2026-06-18T05:05:22.486703+00:00,2026-06-18 13:05:22,2026-06-18,13,[flat_flat_no_review] LGBM=FLAT(0.97) → FLAT: tidak ada entry (di bawah threshold / fusion netral),,
live_db_signal,ic32_regime_v1,POLUSDT,FLAT,1.0,2026-06-18T05:05:28.196125+00:00,2026-06-18 13:05:28,2026-06-18,13,[flat_flat_no_review] LGBM=FLAT(0.96) → FLAT: tidak ada entry (di bawah threshold / fusion netral),,
live_db_signal,ic32_regime_v1,1000PEPEUSDT,FLAT,1.0,2026-06-18T05:05:34.008314+00:00,2026-06-18 13:05:34,2026-06-18,13,[flat_flat_no_review] LGBM=FLAT(0.97) → FLAT: tidak ada entry (di bawah threshold / fusion netral),,
live_db_signal,ic32_regime_v1,BNBUSDT,FLAT,1.0,2026-06-18T05:05:40.465089+00:00,2026-06-18 13:05:40,2026-06-18,13,[flat_flat_no_review] LGBM=FLAT(0.98) → FLAT: tidak ada entry (di bawah threshold / fusion netral),,
live_db_signal,ic32_regime_v1,ETHUSDT,FLAT,1.0,2026-06-18T05:05:46.377711+00:00,2026-06-18 13:05:46,2026-06-18,13,[flat_flat_no_review] LGBM=FLAT(0.95) → FLAT: tidak ada entry (di bawah threshold / fusion netral),,
live_db_signal,ic32_regime_v1,TONUSDT,FLAT,1.0,2026-06-18T05:05:52.508455+00:00,2026-06-18 13:05:52,2026-06-18,13,[flat_lstm_reviewed] LGBM=LONG(0.48) · LSTM=LONG → FLAT: tidak ada entry (di bawah threshold / fusion netral),,
live_db_signal,ic32_regime_v1,TRXUSDT,FLAT,1.0,2026-06-18T05:05:58.257169+00:00,2026-06-18 13:05:58,2026-06-18,13,[flat_lstm_reviewed] LGBM=FLAT(0.61) · LSTM=LONG → FLAT: tidak ada entry (di bawah threshold / fusion netral),,
live_db_signal,ic32_regime_v1,XRPUSDT,FLAT,1.0,2026-06-18T05:06:04.282824+00:00,2026-06-18 13:06:04,2026-06-18,13,[flat_flat_no_review] LGBM=FLAT(0.98) → FLAT: tidak ada entry (di bawah threshold / fusion netral),,
live_db_signal,ic32_regime_v1,ARBUSDT,FLAT,1.0,2026-06-18T05:06:10.142336+00:00,2026-06-18 13:06:10,2026-06-18,13,[flat_flat_no_review] LGBM=FLAT(0.96) → FLAT: tidak ada entry (di bawah threshold / fusion netral),,
live_db_signal,ic32_regime_v1,DOGEUSDT,FLAT,1.0,2026-06-18T05:06:16.084591+00:00,2026-06-18 13:06:16,2026-06-18,13,[flat_flat_no_review] LGBM=FLAT(0.98) → FLAT: tidak ada entry (di bawah threshold / fusion netral),,
live_db_signal,ic32_regime_v1,LINKUSDT,FLAT,1.0,2026-06-18T05:06:21.899063+00:00,2026-06-18 13:06:21,2026-06-18,13,[flat_flat_no_review] LGBM=FLAT(0.98) → FLAT: tidak ada entry (di bawah threshold / fusion netral),,
live_db_signal,ic32_regime_v1,SOLUSDT,FLAT,1.0,2026-06-18T05:06:27.992436+00:00,2026-06-18 13:06:27,2026-06-18,13,[flat_flat_no_review] LGBM=FLAT(0.95) → FLAT: tidak ada entry (di bawah threshold / fusion netral),,
live_db_signal,ic32_regime_v1,HBARUSDT,FLAT,1.0,2026-06-18T05:06:34.475029+00:00,2026-06-18 13:06:34,2026-06-18,13,[flat_flat_no_review] LGBM=FLAT(0.94) → FLAT: tidak ada entry (di bawah threshold / fusion netral),,
live_db_signal,ic32_regime_v1,ONDOUSDT,FLAT,1.0,2026-06-18T05:06:40.579784+00:00,2026-06-18 13:06:40,2026-06-18,13,[flat_flat_no_review] LGBM=FLAT(0.98) → FLAT: tidak ada entry (di bawah threshold / fusion netral),,
live_db_signal,ic32_regime_v1,ADAUSDT,FLAT,1.0,2026-06-18T05:06:46.627491+00:00,2026-06-18 13:06:46,2026-06-18,13,[flat_flat_no_review] LGBM=FLAT(0.79) → FLAT: tidak ada entry (di bawah threshold / fusion netral),,
live_db_signal,ic32_regime_v1,1000SHIBUSDT,FLAT,1.0,2026-06-18T05:06:52.406032+00:00,2026-06-18 13:06:52,2026-06-18,13,[flat_flat_no_review] LGBM=FLAT(0.98) → FLAT: tidak ada entry (di bawah threshold / fusion netral),,
live_db_signal,ic32_regime_v1,DOTUSDT,FLAT,1.0,2026-06-18T05:06:58.551399+00:00,2026-06-18 13:06:58,2026-06-18,13,[flat_flat_no_review] LGBM=FLAT(0.97) → FLAT: tidak ada entry (di bawah threshold / fusion netral),,
live_db_signal,ic32_regime_v1,TAOUSDT,FLAT,1.0,2026-06-18T05:07:06.249259+00:00,2026-06-18 13:07:06,2026-06-18,13,[flat_flat_no_review] LGBM=FLAT(0.95) → FLAT: tidak ada entry (di bawah threshold / fusion netral),,
live_db_signal,ic32_regime_v1,BTCUSDT,FLAT,1.0,2026-06-18T05:07:12.820752+00:00,2026-06-18 13:07:12,2026-06-18,13,[flat_flat_no_review] LGBM=FLAT(0.96) → FLAT: tidak ada entry (di bawah threshold / fusion netral),,
live_db_signal,ic32_regime_v1,SUIUSDT,FLAT,1.0,2026-06-18T06:05:08.439073+00:00,2026-06-18 14:05:08,2026-06-18,14,[flat_flat_no_review] LGBM=FLAT(0.97) → FLAT: tidak ada entry (di bawah threshold / fusion netral),,
live_db_signal,ic32_regime_v1,AVAXUSDT,FLAT,1.0,2026-06-18T06:05:14.320830+00:00,2026-06-18 14:05:14,2026-06-18,14,[flat_flat_no_review] LGBM=FLAT(0.98) → FLAT: tidak ada entry (di bawah threshold / fusion netral),,
live_db_signal,ic32_regime_v1,NEARUSDT,FLAT,1.0,2026-06-18T06:05:20.004317+00:00,2026-06-18 14:05:20,2026-06-18,14,[flat_flat_no_review] LGBM=FLAT(0.89) → FLAT: tidak ada entry (di bawah threshold / fusion netral),,
live_db_signal,ic32_regime_v1,POLUSDT,FLAT,1.0,2026-06-18T06:05:25.899546+00:00,2026-06-18 14:05:25,2026-06-18,14,[flat_flat_no_review] LGBM=FLAT(0.97) → FLAT: tidak ada entry (di bawah threshold / fusion netral),,
live_db_signal,ic32_regime_v1,1000PEPEUSDT,FLAT,1.0,2026-06-18T06:05:31.524773+00:00,2026-06-18 14:05:31,2026-06-18,14,[flat_flat_no_review] LGBM=FLAT(0.96) → FLAT: tidak ada entry (di bawah threshold / fusion netral),,
live_db_signal,ic32_regime_v1,BNBUSDT,FLAT,1.0,2026-06-18T06:05:37.229232+00:00,2026-06-18 14:05:37,2026-06-18,14,[flat_flat_no_review] LGBM=FLAT(0.99) → FLAT: tidak ada entry (di bawah threshold / fusion netral),,
live_db_signal,ic32_regime_v1,ETHUSDT,FLAT,1.0,2026-06-18T06:05:42.995278+00:00,2026-06-18 14:05:42,2026-06-18,14,[flat_flat_no_review] LGBM=FLAT(0.72) → FLAT: tidak ada entry (di bawah threshold / fusion netral),,
live_db_signal,ic32_regime_v1,TONUSDT,FLAT,1.0,2026-06-18T06:05:48.790838+00:00,2026-06-18 14:05:48,2026-06-18,14,[flat_lstm_reviewed] LGBM=LONG(0.55) · LSTM=SHORT → FLAT: tidak ada entry (di bawah threshold / fusion netral),,
live_db_signal,ic32_regime_v1,TRXUSDT,FLAT,1.0,2026-06-18T06:05:54.871272+00:00,2026-06-18 14:05:54,2026-06-18,14,[flat_flat_no_review] LGBM=FLAT(0.57) → FLAT: tidak ada entry (di bawah threshold / fusion netral),,
live_db_signal,ic32_regime_v1,XRPUSDT,FLAT,1.0,2026-06-18T06:06:00.689912+00:00,2026-06-18 14:06:00,2026-06-18,14,[flat_flat_no_review] LGBM=FLAT(0.96) → FLAT: tidak ada entry (di bawah threshold / fusion netral),,
live_db_signal,ic32_regime_v1,ARBUSDT,FLAT,1.0,2026-06-18T06:06:07.225696+00:00,2026-06-18 14:06:07,2026-06-18,14,[flat_flat_no_review] LGBM=FLAT(0.90) → FLAT: tidak ada entry (di bawah threshold / fusion netral),,
live_db_signal,ic32_regime_v1,DOGEUSDT,FLAT,1.0,2026-06-18T06:06:13.566554+00:00,2026-06-18 14:06:13,2026-06-18,14,[flat_flat_no_review] LGBM=FLAT(0.98) → FLAT: tidak ada entry (di bawah threshold / fusion netral),,
live_db_signal,ic32_regime_v1,LINKUSDT,FLAT,1.0,2026-06-18T06:06:20.055760+00:00,2026-06-18 14:06:20,2026-06-18,14,[flat_flat_no_review] LGBM=FLAT(0.91) → FLAT: tidak ada entry (di bawah threshold / fusion netral),,
live_db_signal,ic32_regime_v1,SOLUSDT,FLAT,1.0,2026-06-18T06:06:26.286898+00:00,2026-06-18 14:06:26,2026-06-18,14,[flat_flat_no_review] LGBM=FLAT(0.65) → FLAT: tidak ada entry (di bawah threshold / fusion netral),,
live_db_signal,ic32_regime_v1,HBARUSDT,FLAT,1.0,2026-06-18T06:06:32.294922+00:00,2026-06-18 14:06:32,2026-06-18,14,[flat_flat_no_review] LGBM=FLAT(0.81) → FLAT: tidak ada entry (di bawah threshold / fusion netral),,
live_db_signal,ic32_regime_v1,ONDOUSDT,FLAT,1.0,2026-06-18T06:06:38.114064+00:00,2026-06-18 14:06:38,2026-06-18,14,[flat_flat_no_review] LGBM=FLAT(0.84) → FLAT: tidak ada entry (di bawah threshold / fusion netral),,
live_db_signal,ic32_regime_v1,ADAUSDT,FLAT,1.0,2026-06-18T06:06:43.583307+00:00,2026-06-18 14:06:43,2026-06-18,14,[flat_flat_no_review] LGBM=FLAT(0.69) → FLAT: tidak ada entry (di bawah threshold / fusion netral),,
live_db_signal,ic32_regime_v1,1000SHIBUSDT,FLAT,1.0,2026-06-18T06:06:49.294096+00:00,2026-06-18 14:06:49,2026-06-18,14,[flat_flat_no_review] LGBM=FLAT(0.96) → FLAT: tidak ada entry (di bawah threshold / fusion netral),,
live_db_signal,ic32_regime_v1,DOTUSDT,FLAT,1.0,2026-06-18T06:06:55.041646+00:00,2026-06-18 14:06:55,2026-06-18,14,[flat_flat_no_review] LGBM=FLAT(0.96) → FLAT: tidak ada entry (di bawah threshold / fusion netral),,
live_db_signal,ic32_regime_v1,TAOUSDT,FLAT,1.0,2026-06-18T06:07:02.395690+00:00,2026-06-18 14:07:02,2026-06-18,14,[flat_flat_no_review] LGBM=FLAT(0.95) → FLAT: tidak ada entry (di bawah threshold / fusion netral),,
live_db_signal,ic32_regime_v1,BTCUSDT,FLAT,1.0,2026-06-18T06:07:09.072428+00:00,2026-06-18 14:07:09,2026-06-18,14,[flat_flat_no_review] LGBM=FLAT(0.87) → FLAT: tidak ada entry (di bawah threshold / fusion netral),,
live_db_signal,ic32_regime_v1,SUIUSDT,FLAT,1.0,2026-06-18T07:05:08.451556+00:00,2026-06-18 15:05:08,2026-06-18,15,[flat_flat_no_review] LGBM=FLAT(0.97) → FLAT: tidak ada entry (di bawah threshold / fusion netral),,
live_db_signal,ic32_regime_v1,AVAXUSDT,FLAT,1.0,2026-06-18T07:05:14.683327+00:00,2026-06-18 15:05:14,2026-06-18,15,[flat_flat_no_review] LGBM=FLAT(0.97) → FLAT: tidak ada entry (di bawah threshold / fusion netral),,
live_db_signal,ic32_regime_v1,NEARUSDT,FLAT,1.0,2026-06-18T07:05:20.225640+00:00,2026-06-18 15:05:20,2026-06-18,15,[flat_flat_no_review] LGBM=FLAT(0.89) → FLAT: tidak ada entry (di bawah threshold / fusion netral),,
live_db_signal,ic32_regime_v1,POLUSDT,FLAT,1.0,2026-06-18T07:05:27.024186+00:00,2026-06-18 15:05:27,2026-06-18,15,[flat_flat_no_review] LGBM=FLAT(0.79) → FLAT: tidak ada entry (di bawah threshold / fusion netral),,
live_db_signal,ic32_regime_v1,1000PEPEUSDT,FLAT,1.0,2026-06-18T07:05:32.672088+00:00,2026-06-18 15:05:32,2026-06-18,15,[flat_flat_no_review] LGBM=FLAT(0.92) → FLAT: tidak ada entry (di bawah threshold / fusion netral),,
live_db_signal,ic32_regime_v1,BNBUSDT,FLAT,1.0,2026-06-18T07:05:38.555734+00:00,2026-06-18 15:05:38,2026-06-18,15,[flat_flat_no_review] LGBM=FLAT(0.99) → FLAT: tidak ada entry (di bawah threshold / fusion netral),,
live_db_signal,ic32_regime_v1,ETHUSDT,FLAT,1.0,2026-06-18T07:05:44.768784+00:00,2026-06-18 15:05:44,2026-06-18,15,[flat_lstm_reviewed] LGBM=FLAT(0.62) · LSTM=SHORT → FLAT: tidak ada entry (di bawah threshold / fusion netral),,
live_db_signal,ic32_regime_v1,TONUSDT,FLAT,1.0,2026-06-18T07:05:50.652670+00:00,2026-06-18 15:05:50,2026-06-18,15,[flat_flat_no_review] LGBM=FLAT(0.67) → FLAT: tidak ada entry (di bawah threshold / fusion netral),,
live_db_signal,ic32_regime_v1,TRXUSDT,FLAT,1.0,2026-06-18T07:05:57.360895+00:00,2026-06-18 15:05:57,2026-06-18,15,[flat_flat_no_review] LGBM=FLAT(0.72) → FLAT: tidak ada entry (di bawah threshold / fusion netral),,
live_db_signal,ic32_regime_v1,XRPUSDT,FLAT,1.0,2026-06-18T07:06:03.249463+00:00,2026-06-18 15:06:03,2026-06-18,15,[flat_flat_no_review] LGBM=FLAT(0.90) → FLAT: tidak ada entry (di bawah threshold / fusion netral),,
live_db_signal,ic32_regime_v1,ARBUSDT,FLAT,1.0,2026-06-18T07:06:09.199089+00:00,2026-06-18 15:06:09,2026-06-18,15,[flat_flat_no_review] LGBM=FLAT(0.90) → FLAT: tidak ada entry (di bawah threshold / fusion netral),,
live_db_signal,ic32_regime_v1,DOGEUSDT,FLAT,1.0,2026-06-18T07:06:15.423607+00:00,2026-06-18 15:06:15,2026-06-18,15,[flat_flat_no_review] LGBM=FLAT(0.96) → FLAT: tidak ada entry (di bawah threshold / fusion netral),,
live_db_signal,ic32_regime_v1,LINKUSDT,FLAT,1.0,2026-06-18T07:06:21.199800+00:00,2026-06-18 15:06:21,2026-06-18,15,[flat_flat_no_review] LGBM=FLAT(0.88) → FLAT: tidak ada entry (di bawah threshold / fusion netral),,
live_db_signal,ic32_regime_v1,SOLUSDT,FLAT,1.0,2026-06-18T07:06:26.853546+00:00,2026-06-18 15:06:26,2026-06-18,15,[flat_flat_no_review] LGBM=FLAT(0.67) → FLAT: tidak ada entry (di bawah threshold / fusion netral),,
live_db_signal,ic32_regime_v1,HBARUSDT,FLAT,1.0,2026-06-18T07:06:32.774910+00:00,2026-06-18 15:06:32,2026-06-18,15,[flat_flat_no_review] LGBM=FLAT(0.73) → FLAT: tidak ada entry (di bawah threshold / fusion netral),,
live_db_signal,ic32_regime_v1,ONDOUSDT,FLAT,1.0,2026-06-18T07:06:38.471363+00:00,2026-06-18 15:06:38,2026-06-18,15,[flat_flat_no_review] LGBM=FLAT(0.74) → FLAT: tidak ada entry (di bawah threshold / fusion netral),,
live_db_signal,ic32_regime_v1,ADAUSDT,FLAT,1.0,2026-06-18T07:06:44.267609+00:00,2026-06-18 15:06:44,2026-06-18,15,[flat_flat_no_review] LGBM=FLAT(0.73) → FLAT: tidak ada entry (di bawah threshold / fusion netral),,
live_db_signal,ic32_regime_v1,1000SHIBUSDT,FLAT,1.0,2026-06-18T07:06:50.159783+00:00,2026-06-18 15:06:50,2026-06-18,15,[flat_flat_no_review] LGBM=FLAT(0.97) → FLAT: tidak ada entry (di bawah threshold / fusion netral),,
live_db_signal,ic32_regime_v1,DOTUSDT,FLAT,1.0,2026-06-18T07:06:55.597547+00:00,2026-06-18 15:06:55,2026-06-18,15,[flat_flat_no_review] LGBM=FLAT(0.96) → FLAT: tidak ada entry (di bawah threshold / fusion netral),,
live_db_signal,ic32_regime_v1,TAOUSDT,FLAT,1.0,2026-06-18T07:07:02.637464+00:00,2026-06-18 15:07:02,2026-06-18,15,[flat_flat_no_review] LGBM=FLAT(0.84) → FLAT: tidak ada entry (di bawah threshold / fusion netral),,
live_db_signal,ic32_regime_v1,BTCUSDT,FLAT,1.0,2026-06-18T07:07:08.490986+00:00,2026-06-18 15:07:08,2026-06-18,15,[flat_flat_no_review] LGBM=FLAT(0.83) → FLAT: tidak ada entry (di bawah threshold / fusion netral),,
live_db_signal,ic32_regime_v1,SUIUSDT,FLAT,1.0,2026-06-18T08:05:09.908456+00:00,2026-06-18 16:05:09,2026-06-18,16,[flat_lstm_reviewed] LGBM=LONG(0.42) · LSTM=SHORT → FLAT: tidak ada entry (di bawah threshold / fusion netral),,
live_db_signal,ic32_regime_v1,AVAXUSDT,FLAT,1.0,2026-06-18T08:05:15.733341+00:00,2026-06-18 16:05:15,2026-06-18,16,[flat_lstm_reviewed] LGBM=LONG(0.41) · LSTM=SHORT → FLAT: tidak ada entry (di bawah threshold / fusion netral),,
live_db_signal,ic32_regime_v1,NEARUSDT,FLAT,1.0,2026-06-18T08:05:21.835532+00:00,2026-06-18 16:05:21,2026-06-18,16,[flat_lstm_reviewed] LGBM=SHORT(0.67) · LSTM=LONG → FLAT: tidak ada entry (di bawah threshold / fusion netral),,
live_db_signal,ic32_regime_v1,POLUSDT,FLAT,1.0,2026-06-18T08:05:27.880139+00:00,2026-06-18 16:05:27,2026-06-18,16,[flat_lstm_reviewed] LGBM=SHORT(0.53) · LSTM=SHORT → FLAT: tidak ada entry (di bawah threshold / fusion netral),,
live_db_signal,ic32_regime_v1,1000PEPEUSDT,FLAT,1.0,2026-06-18T08:05:33.893521+00:00,2026-06-18 16:05:33,2026-06-18,16,[flat_lstm_reviewed] LGBM=SHORT(0.63) · LSTM=SHORT → FLAT: tidak ada entry (di bawah threshold / fusion netral),,
live_db_signal,ic32_regime_v1,BNBUSDT,FLAT,1.0,2026-06-18T08:05:39.747954+00:00,2026-06-18 16:05:39,2026-06-18,16,[flat_flat_no_review] LGBM=FLAT(0.99) → FLAT: tidak ada entry (di bawah threshold / fusion netral),,
live_db_signal,ic32_regime_v1,ETHUSDT,FLAT,1.0,2026-06-18T08:05:45.213415+00:00,2026-06-18 16:05:45,2026-06-18,16,[flat_lstm_reviewed] LGBM=SHORT(0.68) · LSTM=LONG → FLAT: tidak ada entry (di bawah threshold / fusion netral),,
live_db_signal,ic32_regime_v1,TONUSDT,FLAT,1.0,2026-06-18T08:05:51.246114+00:00,2026-06-18 16:05:51,2026-06-18,16,[flat_flat_no_review] LGBM=FLAT(0.78) → FLAT: tidak ada entry (di bawah threshold / fusion netral),,
live_db_signal,ic32_regime_v1,TRXUSDT,FLAT,1.0,2026-06-18T08:05:56.911634+00:00,2026-06-18 16:05:56,2026-06-18,16,[flat_flat_no_review] LGBM=FLAT(0.34) → FLAT: tidak ada entry (di bawah threshold / fusion netral),,
live_db_signal,ic32_regime_v1,XRPUSDT,FLAT,1.0,2026-06-18T08:06:03.300510+00:00,2026-06-18 16:06:03,2026-06-18,16,[flat_lstm_reviewed] LGBM=SHORT(0.54) · LSTM=LONG → FLAT: tidak ada entry (di bawah threshold / fusion netral),,
live_db_signal,ic32_regime_v1,ARBUSDT,FLAT,1.0,2026-06-18T08:06:09.339272+00:00,2026-06-18 16:06:09,2026-06-18,16,[flat_lstm_reviewed] LGBM=FLAT(0.53) · LSTM=LONG → FLAT: tidak ada entry (di bawah threshold / fusion netral),,
live_db_signal,ic32_regime_v1,DOGEUSDT,FLAT,1.0,2026-06-18T08:06:16.747425+00:00,2026-06-18 16:06:16,2026-06-18,16,[flat_lstm_reviewed] LGBM=LONG(0.42) · LSTM=SHORT → FLAT: tidak ada entry (di bawah threshold / fusion netral),,
live_db_signal,ic32_regime_v1,LINKUSDT,FLAT,1.0,2026-06-18T08:06:23.529437+00:00,2026-06-18 16:06:23,2026-06-18,16,[flat_lstm_reviewed] LGBM=SHORT(0.48) · LSTM=LONG → FLAT: tidak ada entry (di bawah threshold / fusion netral),,
live_db_signal,ic32_regime_v1,SOLUSDT,FLAT,1.0,2026-06-18T08:06:29.523963+00:00,2026-06-18 16:06:29,2026-06-18,16,[flat_lstm_reviewed] LGBM=SHORT(0.71) · LSTM=LONG → FLAT: tidak ada entry (di bawah threshold / fusion netral),,
live_db_signal,ic32_regime_v1,HBARUSDT,FLAT,1.0,2026-06-18T08:06:36.507998+00:00,2026-06-18 16:06:36,2026-06-18,16,[flat_lstm_reviewed] LGBM=LONG(0.47) · LSTM=SHORT → FLAT: tidak ada entry (di bawah threshold / fusion netral),,
live_db_signal,ic32_regime_v1,ONDOUSDT,FLAT,1.0,2026-06-18T08:06:43.201590+00:00,2026-06-18 16:06:43,2026-06-18,16,[flat_lstm_reviewed] LGBM=SHORT(0.50) · LSTM=SHORT → FLAT: tidak ada entry (di bawah threshold / fusion netral),,
live_db_signal,ic32_regime_v1,ADAUSDT,FLAT,1.0,2026-06-18T08:06:49.888614+00:00,2026-06-18 16:06:49,2026-06-18,16,[flat_lstm_reviewed] LGBM=SHORT(0.62) · LSTM=LONG → FLAT: tidak ada entry (di bawah threshold / fusion netral),,
live_db_signal,ic32_regime_v1,1000SHIBUSDT,FLAT,1.0,2026-06-18T08:06:56.278956+00:00,2026-06-18 16:06:56,2026-06-18,16,[flat_lstm_reviewed] LGBM=FLAT(0.48) · LSTM=SHORT → FLAT: tidak ada entry (di bawah threshold / fusion netral),,
live_db_signal,ic32_regime_v1,DOTUSDT,FLAT,1.0,2026-06-18T08:07:04.553113+00:00,2026-06-18 16:07:04,2026-06-18,16,[flat_lstm_reviewed] LGBM=LONG(0.44) · LSTM=LONG → FLAT: tidak ada entry (di bawah threshold / fusion netral),,
live_db_signal,ic32_regime_v1,TAOUSDT,FLAT,1.0,2026-06-18T08:07:11.549232+00:00,2026-06-18 16:07:11,2026-06-18,16,[flat_lstm_reviewed] LGBM=LONG(0.51) · LSTM=SHORT → FLAT: tidak ada entry (di bawah threshold / fusion netral),,
live_db_signal,ic32_regime_v1,BTCUSDT,FLAT,1.0,2026-06-18T08:07:18.831854+00:00,2026-06-18 16:07:18,2026-06-18,16,[flat_lstm_reviewed] LGBM=SHORT(0.62) · LSTM=LONG → FLAT: tidak ada entry (di bawah threshold / fusion netral),,
live_db_signal,ic32_regime_v1,SUIUSDT,FLAT,1.0,2026-06-18T09:05:15.759311+00:00,2026-06-18 17:05:15,2026-06-18,17,[flat_lstm_reviewed] LGBM=LONG(0.48) · LSTM=LONG → FLAT: tidak ada entry (di bawah threshold / fusion netral),,
live_db_signal,ic32_regime_v1,AVAXUSDT,FLAT,1.0,2026-06-18T09:05:22.587287+00:00,2026-06-18 17:05:22,2026-06-18,17,[flat_lstm_reviewed] LGBM=SHORT(0.48) · LSTM=LONG → FLAT: tidak ada entry (di bawah threshold / fusion netral),,
live_db_signal,ic32_regime_v1,NEARUSDT,FLAT,1.0,2026-06-18T09:05:32.084972+00:00,2026-06-18 17:05:32,2026-06-18,17,[flat_lstm_reviewed] LGBM=SHORT(0.58) · LSTM=SHORT → FLAT: tidak ada entry (di bawah threshold / fusion netral),,
live_db_signal,ic32_regime_v1,POLUSDT,FLAT,1.0,2026-06-18T09:05:41.394968+00:00,2026-06-18 17:05:41,2026-06-18,17,[flat_lstm_reviewed] LGBM=SHORT(0.54) · LSTM=SHORT → FLAT: tidak ada entry (di bawah threshold / fusion netral),,
live_db_signal,ic32_regime_v1,1000PEPEUSDT,FLAT,1.0,2026-06-18T09:05:50.419580+00:00,2026-06-18 17:05:50,2026-06-18,17,[flat_lstm_reviewed] LGBM=SHORT(0.53) · LSTM=SHORT → FLAT: tidak ada entry (di bawah threshold / fusion netral),,
live_db_signal,ic32_regime_v1,BNBUSDT,FLAT,1.0,2026-06-18T09:06:00.619090+00:00,2026-06-18 17:06:00,2026-06-18,17,[flat_flat_no_review] LGBM=FLAT(0.70) → FLAT: tidak ada entry (di bawah threshold / fusion netral),,
live_db_signal,ic32_regime_v1,ETHUSDT,FLAT,1.0,2026-06-18T09:06:10.643837+00:00,2026-06-18 17:06:10,2026-06-18,17,[flat_lstm_reviewed] LGBM=SHORT(0.65) · LSTM=LONG → FLAT: tidak ada entry (di bawah threshold / fusion netral),,
live_db_signal,ic32_regime_v1,TONUSDT,FLAT,1.0,2026-06-18T09:06:20.208695+00:00,2026-06-18 17:06:20,2026-06-18,17,[flat_flat_no_review] LGBM=FLAT(0.65) → FLAT: tidak ada entry (di bawah threshold / fusion netral),,
live_db_signal,ic32_regime_v1,TRXUSDT,FLAT,1.0,2026-06-18T09:06:29.494938+00:00,2026-06-18 17:06:29,2026-06-18,17,[flat_lstm_reviewed] LGBM=SHORT(0.47) · LSTM=SHORT → FLAT: tidak ada entry (di bawah threshold / fusion netral),,
live_db_signal,ic32_regime_v1,XRPUSDT,FLAT,1.0,2026-06-18T09:06:38.270966+00:00,2026-06-18 17:06:38,2026-06-18,17,[flat_lstm_reviewed] LGBM=LONG(0.55) · LSTM=LONG → FLAT: tidak ada entry (di bawah threshold / fusion netral),,
live_db_signal,ic32_regime_v1,ARBUSDT,FLAT,1.0,2026-06-18T09:06:47.012130+00:00,2026-06-18 17:06:47,2026-06-18,17,[flat_lstm_reviewed] LGBM=LONG(0.45) · LSTM=SHORT → FLAT: tidak ada entry (di bawah threshold / fusion netral),,
live_db_signal,ic32_regime_v1,DOGEUSDT,FLAT,1.0,2026-06-18T09:06:56.380348+00:00,2026-06-18 17:06:56,2026-06-18,17,[flat_lstm_reviewed] LGBM=SHORT(0.53) · LSTM=SHORT → FLAT: tidak ada entry (di bawah threshold / fusion netral),,
live_db_signal,ic32_regime_v1,LINKUSDT,FLAT,1.0,2026-06-18T09:07:10.004829+00:00,2026-06-18 17:07:10,2026-06-18,17,[flat_lstm_reviewed] LGBM=SHORT(0.57) · LSTM=SHORT → FLAT: tidak ada entry (di bawah threshold / fusion netral),,
live_db_signal,ic32_regime_v1,SOLUSDT,FLAT,1.0,2026-06-18T09:07:21.933593+00:00,2026-06-18 17:07:21,2026-06-18,17,[flat_lstm_reviewed] LGBM=SHORT(0.71) · LSTM=SHORT → FLAT: tidak ada entry (di bawah threshold / fusion netral),,
live_db_signal,ic32_regime_v1,HBARUSDT,FLAT,1.0,2026-06-18T09:07:32.640077+00:00,2026-06-18 17:07:32,2026-06-18,17,[flat_lstm_reviewed] LGBM=SHORT(0.48) · LSTM=LONG → FLAT: tidak ada entry (di bawah threshold / fusion netral),,
live_db_signal,ic32_regime_v1,ONDOUSDT,FLAT,1.0,2026-06-18T09:07:42.422375+00:00,2026-06-18 17:07:42,2026-06-18,17,[flat_lstm_reviewed] LGBM=SHORT(0.59) · LSTM=LONG → FLAT: tidak ada entry (di bawah threshold / fusion netral),,
live_db_signal,ic32_regime_v1,ADAUSDT,SHORT,0.697,2026-06-18T09:07:51.275005+00:00,2026-06-18 17:07:51,2026-06-18,17,[lgbm_direct] LGBM=SHORT(0.75) · LSTM=SHORT · HMM=RANGING_HIGH · FLIP=ranging_with-0.10 → DITOLAK [confidence]: conf 0.70 < threshold 0.72,,
live_db_signal,ic32_regime_v1,1000SHIBUSDT,FLAT,1.0,2026-06-18T09:08:00.483080+00:00,2026-06-18 17:08:00,2026-06-18,17,[flat_lstm_reviewed] LGBM=LONG(0.54) · LSTM=SHORT → FLAT: tidak ada entry (di bawah threshold / fusion netral),,
live_db_signal,ic32_regime_v1,DOTUSDT,FLAT,1.0,2026-06-18T09:08:09.455032+00:00,2026-06-18 17:08:09,2026-06-18,17,[flat_lstm_reviewed] LGBM=LONG(0.48) · LSTM=LONG → FLAT: tidak ada entry (di bawah threshold / fusion netral),,
live_db_signal,ic32_regime_v1,TAOUSDT,FLAT,1.0,2026-06-18T09:08:18.208037+00:00,2026-06-18 17:08:18,2026-06-18,17,[flat_flat_no_review] LGBM=FLAT(0.94) → FLAT: tidak ada entry (di bawah threshold / fusion netral),,
live_db_signal,ic32_regime_v1,BTCUSDT,FLAT,1.0,2026-06-18T09:08:27.662866+00:00,2026-06-18 17:08:27,2026-06-18,17,[flat_lstm_reviewed] LGBM=FLAT(0.56) · LSTM=LONG → FLAT: tidak ada entry (di bawah threshold / fusion netral),,
live_db_signal,ic32_regime_v1,SUIUSDT,FLAT,1.0,2026-06-18T10:05:09.829752+00:00,2026-06-18 18:05:09,2026-06-18,18,[flat_lstm_reviewed] LGBM=SHORT(0.52) · LSTM=LONG → FLAT: tidak ada entry (di bawah threshold / fusion netral),,
live_db_signal,ic32_regime_v1,AVAXUSDT,FLAT,1.0,2026-06-18T10:05:16.596794+00:00,2026-06-18 18:05:16,2026-06-18,18,[flat_lstm_reviewed] LGBM=SHORT(0.60) · LSTM=SHORT → FLAT: tidak ada entry (di bawah threshold / fusion netral),,
live_db_signal,ic32_regime_v1,NEARUSDT,FLAT,1.0,2026-06-18T10:05:22.373183+00:00,2026-06-18 18:05:22,2026-06-18,18,[flat_flat_no_review] LGBM=FLAT(0.69) → FLAT: tidak ada entry (di bawah threshold / fusion netral),,
live_db_signal,ic32_regime_v1,POLUSDT,FLAT,1.0,2026-06-18T10:05:27.577046+00:00,2026-06-18 18:05:27,2026-06-18,18,[flat_lstm_reviewed] LGBM=LONG(0.49) · LSTM=SHORT → FLAT: tidak ada entry (di bawah threshold / fusion netral),,
live_db_signal,ic32_regime_v1,1000PEPEUSDT,FLAT,1.0,2026-06-18T10:05:33.250650+00:00,2026-06-18 18:05:33,2026-06-18,18,[flat_lstm_reviewed] LGBM=LONG(0.49) · LSTM=LONG → FLAT: tidak ada entry (di bawah threshold / fusion netral),,
live_db_signal,ic32_regime_v1,BNBUSDT,FLAT,1.0,2026-06-18T10:05:38.586292+00:00,2026-06-18 18:05:38,2026-06-18,18,[flat_flat_no_review] LGBM=FLAT(0.66) → FLAT: tidak ada entry (di bawah threshold / fusion netral),,
live_db_signal,ic32_regime_v1,ETHUSDT,FLAT,0.4256,2026-06-18T10:05:43.982843+00:00,2026-06-18 18:05:43,2026-06-18,18,[lgbm_direct] LGBM=SHORT(0.72) · LSTM=LONG · HMM=RANGING_HIGH · FLIP=ranging_with-0.10 → FLAT: tidak ada entry (di bawah threshold / fusion netral),,
live_db_signal,ic32_regime_v1,TONUSDT,FLAT,1.0,2026-06-18T10:05:49.267933+00:00,2026-06-18 18:05:49,2026-06-18,18,[flat_flat_no_review] LGBM=FLAT(0.90) → FLAT: tidak ada entry (di bawah threshold / fusion netral),,
live_db_signal,ic32_regime_v1,TRXUSDT,FLAT,1.0,2026-06-18T10:05:54.672430+00:00,2026-06-18 18:05:54,2026-06-18,18,[flat_lstm_reviewed] LGBM=SHORT(0.45) · LSTM=LONG → FLAT: tidak ada entry (di bawah threshold / fusion netral),,
live_db_signal,ic32_regime_v1,XRPUSDT,FLAT,1.0,2026-06-18T10:05:59.974272+00:00,2026-06-18 18:05:59,2026-06-18,18,[flat_lstm_reviewed] LGBM=LONG(0.51) · LSTM=LONG → FLAT: tidak ada entry (di bawah threshold / fusion netral),,
live_db_signal,ic32_regime_v1,ARBUSDT,FLAT,1.0,2026-06-18T10:06:05.552719+00:00,2026-06-18 18:06:05,2026-06-18,18,[flat_lstm_reviewed] LGBM=SHORT(0.63) · LSTM=LONG → FLAT: tidak ada entry (di bawah threshold / fusion netral),,
live_db_signal,ic32_regime_v1,DOGEUSDT,FLAT,1.0,2026-06-18T10:06:11.283262+00:00,2026-06-18 18:06:11,2026-06-18,18,[flat_lstm_reviewed] LGBM=SHORT(0.55) · LSTM=LONG → FLAT: tidak ada entry (di bawah threshold / fusion netral),,
live_db_signal,ic32_regime_v1,LINKUSDT,FLAT,1.0,2026-06-18T10:06:16.810427+00:00,2026-06-18 18:06:16,2026-06-18,18,[flat_lstm_reviewed] LGBM=SHORT(0.48) · LSTM=SHORT → FLAT: tidak ada entry (di bawah threshold / fusion netral),,
live_db_signal,ic32_regime_v1,SOLUSDT,FLAT,1.0,2026-06-18T10:06:22.495355+00:00,2026-06-18 18:06:22,2026-06-18,18,[flat_lstm_reviewed] LGBM=SHORT(0.65) · LSTM=LONG → FLAT: tidak ada entry (di bawah threshold / fusion netral),,
live_db_signal,ic32_regime_v1,HBARUSDT,FLAT,1.0,2026-06-18T10:06:28.055680+00:00,2026-06-18 18:06:28,2026-06-18,18,[flat_lstm_reviewed] LGBM=SHORT(0.54) · LSTM=LONG → FLAT: tidak ada entry (di bawah threshold / fusion netral),,
live_db_signal,ic32_regime_v1,ONDOUSDT,FLAT,1.0,2026-06-18T10:06:33.815470+00:00,2026-06-18 18:06:33,2026-06-18,18,[flat_lstm_reviewed] LGBM=SHORT(0.66) · LSTM=LONG → FLAT: tidak ada entry (di bawah threshold / fusion netral),,
live_db_signal,ic32_regime_v1,ADAUSDT,FLAT,1.0,2026-06-18T10:06:39.207274+00:00,2026-06-18 18:06:39,2026-06-18,18,[flat_lstm_reviewed] LGBM=SHORT(0.60) · LSTM=LONG → FLAT: tidak ada entry (di bawah threshold / fusion netral),,
live_db_signal,ic32_regime_v1,1000SHIBUSDT,FLAT,1.0,2026-06-18T10:06:45.124691+00:00,2026-06-18 18:06:45,2026-06-18,18,[flat_flat_no_review] LGBM=FLAT(0.73) → FLAT: tidak ada entry (di bawah threshold / fusion netral),,
live_db_signal,ic32_regime_v1,DOTUSDT,FLAT,1.0,2026-06-18T10:06:50.750424+00:00,2026-06-18 18:06:50,2026-06-18,18,[flat_lstm_reviewed] LGBM=LONG(0.60) · LSTM=SHORT → FLAT: tidak ada entry (di bawah threshold / fusion netral),,
live_db_signal,ic32_regime_v1,TAOUSDT,FLAT,1.0,2026-06-18T10:06:56.739061+00:00,2026-06-18 18:06:56,2026-06-18,18,[flat_flat_no_review] LGBM=FLAT(0.95) → FLAT: tidak ada entry (di bawah threshold / fusion netral),,
live_db_signal,ic32_regime_v1,BTCUSDT,FLAT,1.0,2026-06-18T10:07:03.802437+00:00,2026-06-18 18:07:03,2026-06-18,18,[flat_lstm_reviewed] LGBM=LONG(0.48) · LSTM=LONG → FLAT: tidak ada entry (di bawah threshold / fusion netral),,
live_db_signal,ic32_regime_v1,SUIUSDT,FLAT,1.0,2026-06-18T11:05:07.384780+00:00,2026-06-18 19:05:07,2026-06-18,19,[flat_lstm_reviewed] LGBM=LONG(0.49) · LSTM=SHORT → FLAT: tidak ada entry (di bawah threshold / fusion netral),,
live_db_signal,ic32_regime_v1,AVAXUSDT,FLAT,1.0,2026-06-18T11:05:13.294197+00:00,2026-06-18 19:05:13,2026-06-18,19,[flat_lstm_reviewed] LGBM=SHORT(0.66) · LSTM=SHORT → FLAT: tidak ada entry (di bawah threshold / fusion netral),,
live_db_signal,ic32_regime_v1,NEARUSDT,FLAT,1.0,2026-06-18T11:05:19.427536+00:00,2026-06-18 19:05:19,2026-06-18,19,[flat_lstm_reviewed] LGBM=FLAT(0.63) · LSTM=SHORT → FLAT: tidak ada entry (di bawah threshold / fusion netral),,
live_db_signal,ic32_regime_v1,POLUSDT,FLAT,1.0,2026-06-18T11:05:25.254567+00:00,2026-06-18 19:05:25,2026-06-18,19,[flat_lstm_reviewed] LGBM=SHORT(0.65) · LSTM=SHORT → FLAT: tidak ada entry (di bawah threshold / fusion netral),,
live_db_signal,ic32_regime_v1,1000PEPEUSDT,FLAT,1.0,2026-06-18T11:05:30.893223+00:00,2026-06-18 19:05:30,2026-06-18,19,[flat_lstm_reviewed] LGBM=SHORT(0.49) · LSTM=SHORT → FLAT: tidak ada entry (di bawah threshold / fusion netral),,
live_db_signal,ic32_regime_v1,BNBUSDT,FLAT,1.0,2026-06-18T11:05:36.484240+00:00,2026-06-18 19:05:36,2026-06-18,19,[flat_flat_no_review] LGBM=FLAT(0.59) → FLAT: tidak ada entry (di bawah threshold / fusion netral),,
live_db_signal,ic32_regime_v1,ETHUSDT,FLAT,1.0,2026-06-18T11:05:42.149785+00:00,2026-06-18 19:05:42,2026-06-18,19,[flat_lstm_reviewed] LGBM=SHORT(0.54) · LSTM=LONG → FLAT: tidak ada entry (di bawah threshold / fusion netral),,
live_db_signal,ic32_regime_v1,TONUSDT,FLAT,1.0,2026-06-18T11:05:48.131511+00:00,2026-06-18 19:05:48,2026-06-18,19,[flat_flat_no_review] LGBM=FLAT(0.78) → FLAT: tidak ada entry (di bawah threshold / fusion netral),,
live_db_signal,ic32_regime_v1,TRXUSDT,FLAT,1.0,2026-06-18T11:05:54.282934+00:00,2026-06-18 19:05:54,2026-06-18,19,[flat_lstm_reviewed] LGBM=FLAT(0.39) · LSTM=LONG → FLAT: tidak ada entry (di bawah threshold / fusion netral),,
live_db_signal,ic32_regime_v1,XRPUSDT,FLAT,1.0,2026-06-18T11:06:00.698783+00:00,2026-06-18 19:06:00,2026-06-18,19,[flat_flat_no_review] LGBM=FLAT(0.66) → FLAT: tidak ada entry (di bawah threshold / fusion netral),,
live_db_signal,ic32_regime_v1,ARBUSDT,FLAT,1.0,2026-06-18T11:06:07.095843+00:00,2026-06-18 19:06:07,2026-06-18,19,[flat_flat_no_review] LGBM=FLAT(0.70) → FLAT: tidak ada entry (di bawah threshold / fusion netral),,
live_db_signal,ic32_regime_v1,DOGEUSDT,FLAT,1.0,2026-06-18T11:06:13.283293+00:00,2026-06-18 19:06:13,2026-06-18,19,[flat_lstm_reviewed] LGBM=SHORT(0.52) · LSTM=LONG → FLAT: tidak ada entry (di bawah threshold / fusion netral),,
live_db_signal,ic32_regime_v1,LINKUSDT,FLAT,1.0,2026-06-18T11:06:18.781895+00:00,2026-06-18 19:06:18,2026-06-18,19,[flat_lstm_reviewed] LGBM=FLAT(0.53) · LSTM=SHORT → FLAT: tidak ada entry (di bawah threshold / fusion netral),,
live_db_signal,ic32_regime_v1,SOLUSDT,FLAT,1.0,2026-06-18T11:06:24.352344+00:00,2026-06-18 19:06:24,2026-06-18,19,[flat_lstm_reviewed] LGBM=LONG(0.49) · LSTM=LONG → FLAT: tidak ada entry (di bawah threshold / fusion netral),,
live_db_signal,ic32_regime_v1,HBARUSDT,FLAT,1.0,2026-06-18T11:06:30.168888+00:00,2026-06-18 19:06:30,2026-06-18,19,[flat_lstm_reviewed] LGBM=FLAT(0.58) · LSTM=SHORT → FLAT: tidak ada entry (di bawah threshold / fusion netral),,
live_db_signal,ic32_regime_v1,ONDOUSDT,FLAT,1.0,2026-06-18T11:06:35.760954+00:00,2026-06-18 19:06:35,2026-06-18,19,[flat_lstm_reviewed] LGBM=SHORT(0.57) · LSTM=SHORT → FLAT: tidak ada entry (di bawah threshold / fusion netral),,
live_db_signal,ic32_regime_v1,ADAUSDT,FLAT,1.0,2026-06-18T11:06:41.468763+00:00,2026-06-18 19:06:41,2026-06-18,19,[flat_lstm_reviewed] LGBM=SHORT(0.66) · LSTM=LONG → FLAT: tidak ada entry (di bawah threshold / fusion netral),,
live_db_signal,ic32_regime_v1,1000SHIBUSDT,FLAT,1.0,2026-06-18T11:06:47.924691+00:00,2026-06-18 19:06:47,2026-06-18,19,[flat_lstm_reviewed] LGBM=FLAT(0.57) · LSTM=LONG → FLAT: tidak ada entry (di bawah threshold / fusion netral),,
live_db_signal,ic32_regime_v1,DOTUSDT,FLAT,1.0,2026-06-18T11:06:53.680415+00:00,2026-06-18 19:06:53,2026-06-18,19,[flat_lstm_reviewed] LGBM=FLAT(0.49) · LSTM=SHORT → FLAT: tidak ada entry (di bawah threshold / fusion netral),,
live_db_signal,ic32_regime_v1,TAOUSDT,FLAT,1.0,2026-06-18T11:06:59.714033+00:00,2026-06-18 19:06:59,2026-06-18,19,[flat_flat_no_review] LGBM=FLAT(0.95) → FLAT: tidak ada entry (di bawah threshold / fusion netral),,
live_db_signal,ic32_regime_v1,BTCUSDT,FLAT,1.0,2026-06-18T11:07:06.752463+00:00,2026-06-18 19:07:06,2026-06-18,19,[flat_lstm_reviewed] LGBM=LONG(0.46) · LSTM=SHORT → FLAT: tidak ada entry (di bawah threshold / fusion netral),,
live_db_signal,ic32_regime_v1,SUIUSDT,FLAT,1.0,2026-06-18T12:05:07.877724+00:00,2026-06-18 20:05:07,2026-06-18,20,[flat_lstm_reviewed] LGBM=FLAT(0.50) · LSTM=LONG → FLAT: tidak ada entry (di bawah threshold / fusion netral),,
live_db_signal,ic32_regime_v1,AVAXUSDT,FLAT,1.0,2026-06-18T12:05:13.468451+00:00,2026-06-18 20:05:13,2026-06-18,20,[flat_lstm_reviewed] LGBM=LONG(0.54) · LSTM=LONG → FLAT: tidak ada entry (di bawah threshold / fusion netral),,
live_db_signal,ic32_regime_v1,NEARUSDT,FLAT,1.0,2026-06-18T12:05:19.499086+00:00,2026-06-18 20:05:19,2026-06-18,20,[flat_lstm_reviewed] LGBM=FLAT(0.52) · LSTM=SHORT → FLAT: tidak ada entry (di bawah threshold / fusion netral),,
live_db_signal,ic32_regime_v1,POLUSDT,FLAT,1.0,2026-06-18T12:05:25.206747+00:00,2026-06-18 20:05:25,2026-06-18,20,[flat_flat_no_review] LGBM=FLAT(0.82) → FLAT: tidak ada entry (di bawah threshold / fusion netral),,
live_db_signal,ic32_regime_v1,1000PEPEUSDT,FLAT,0.5078,2026-06-18T12:05:31.532889+00:00,2026-06-18 20:05:31,2026-06-18,20,[lgbm_direct] LGBM=LONG(0.83) · LSTM=SHORT · HMM=RANGING_LOW · FLIP=ranging_counter+0.05 → FLAT: tidak ada entry (di bawah threshold / fusion netral),,
live_db_signal,ic32_regime_v1,BNBUSDT,FLAT,1.0,2026-06-18T12:05:37.567821+00:00,2026-06-18 20:05:37,2026-06-18,20,[flat_flat_no_review] LGBM=FLAT(0.83) → FLAT: tidak ada entry (di bawah threshold / fusion netral),,
live_db_signal,ic32_regime_v1,ETHUSDT,FLAT,1.0,2026-06-18T12:05:43.510853+00:00,2026-06-18 20:05:43,2026-06-18,20,[flat_flat_no_review] LGBM=FLAT(0.70) → FLAT: tidak ada entry (di bawah threshold / fusion netral),,
live_db_signal,ic32_regime_v1,TONUSDT,FLAT,1.0,2026-06-18T12:05:50.130894+00:00,2026-06-18 20:05:50,2026-06-18,20,[flat_flat_no_review] LGBM=FLAT(0.90) → FLAT: tidak ada entry (di bawah threshold / fusion netral),,
live_db_signal,ic32_regime_v1,TRXUSDT,FLAT,1.0,2026-06-18T12:05:56.452853+00:00,2026-06-18 20:05:56,2026-06-18,20,[flat_flat_no_review] LGBM=FLAT(0.93) → FLAT: tidak ada entry (di bawah threshold / fusion netral),,
live_db_signal,ic32_regime_v1,XRPUSDT,FLAT,1.0,2026-06-18T12:06:02.848745+00:00,2026-06-18 20:06:02,2026-06-18,20,[flat_lstm_reviewed] LGBM=FLAT(0.62) · LSTM=LONG → FLAT: tidak ada entry (di bawah threshold / fusion netral),,
live_db_signal,ic32_regime_v1,ARBUSDT,FLAT,1.0,2026-06-18T12:06:08.697253+00:00,2026-06-18 20:06:08,2026-06-18,20,[flat_lstm_reviewed] LGBM=LONG(0.70) · LSTM=SHORT → FLAT: tidak ada entry (di bawah threshold / fusion netral),,
live_db_signal,ic32_regime_v1,DOGEUSDT,LONG,0.9837,2026-06-18T12:06:14.360688+00:00,2026-06-18 20:06:14,2026-06-18,20,[lgbm_direct] LGBM=LONG(0.88) · LSTM=LONG · HMM=RANGING_LOW · FLIP=ranging_counter+0.05 → LOLOS FILTER: conf 0.98 ≥ thr 0.72 · RR ok · modal $10.00 · TP=0.0857 SL=0.0835 → MASUK TRADE (live) #252: LONG DOGEUSDT entry=0.0845 TP=0.0857 SL=0.0835 modal=$10.00 lev=5x,,
live_db_signal,ic32_regime_v1,LINKUSDT,FLAT,1.0,2026-06-18T12:06:21.279330+00:00,2026-06-18 20:06:21,2026-06-18,20,[flat_flat_no_review] LGBM=FLAT(0.63) → FLAT: tidak ada entry (di bawah threshold / fusion netral),,
live_db_signal,ic32_regime_v1,SOLUSDT,FLAT,1.0,2026-06-18T12:06:27.218782+00:00,2026-06-18 20:06:27,2026-06-18,20,[flat_lstm_reviewed] LGBM=LONG(0.55) · LSTM=LONG → FLAT: tidak ada entry (di bawah threshold / fusion netral),,
live_db_signal,ic32_regime_v1,HBARUSDT,FLAT,1.0,2026-06-18T12:06:33.203808+00:00,2026-06-18 20:06:33,2026-06-18,20,[flat_flat_no_review] LGBM=FLAT(0.71) → FLAT: tidak ada entry (di bawah threshold / fusion netral),,
live_db_signal,ic32_regime_v1,ONDOUSDT,FLAT,1.0,2026-06-18T12:06:38.664646+00:00,2026-06-18 20:06:38,2026-06-18,20,[flat_lstm_reviewed] LGBM=LONG(0.48) · LSTM=LONG → FLAT: tidak ada entry (di bawah threshold / fusion netral),,
live_db_signal,ic32_regime_v1,ADAUSDT,LONG,0.8983,2026-06-18T12:06:44.416527+00:00,2026-06-18 20:06:44,2026-06-18,20,[lgbm_direct] LGBM=LONG(0.80) · LSTM=LONG · HMM=RANGING_HIGH · FLIP=ranging_counter+0.05 → LOLOS FILTER: conf 0.90 ≥ thr 0.72 · RR ok · modal $10.00 · TP=0.1683 SL=0.1623 → MASUK TRADE (live) #253: LONG ADAUSDT entry=0.1649 TP=0.1683 SL=0.1623 modal=$10.00 lev=5x,,
live_db_signal,ic32_regime_v1,1000SHIBUSDT,FLAT,1.0,2026-06-18T12:06:51.080338+00:00,2026-06-18 20:06:51,2026-06-18,20,[flat_flat_no_review] LGBM=FLAT(0.91) → FLAT: tidak ada entry (di bawah threshold / fusion netral),,
live_db_signal,ic32_regime_v1,DOTUSDT,LONG,0.7461,2026-06-18T12:06:56.493795+00:00,2026-06-18 20:06:56,2026-06-18,20,[lgbm_direct] LGBM=LONG(0.75) · LSTM=LONG · HMM=TREND_DOWN · FLIP=trending_counter-0.05 → LOLOS FILTER: conf 0.75 ≥ thr 0.72 · RR ok · modal $10.00 · TP=0.9921 SL=0.9561 → MASUK TRADE (live) #254: LONG DOTUSDT entry=0.9715 TP=0.9921 SL=0.9561 modal=$10.00 lev=5x,,
live_db_signal,ic32_regime_v1,TAOUSDT,FLAT,1.0,2026-06-18T12:07:05.031890+00:00,2026-06-18 20:07:05,2026-06-18,20,[flat_flat_no_review] LGBM=FLAT(0.98) → FLAT: tidak ada entry (di bawah threshold / fusion netral),,
live_db_signal,ic32_regime_v1,BTCUSDT,FLAT,1.0,2026-06-18T12:07:11.435383+00:00,2026-06-18 20:07:11,2026-06-18,20,[flat_lstm_reviewed] LGBM=LONG(0.60) · LSTM=LONG → FLAT: tidak ada entry (di bawah threshold / fusion netral),,
live_db_signal,ic32_regime_v1,SUIUSDT,FLAT,1.0,2026-06-18T13:05:08.418291+00:00,2026-06-18 21:05:08,2026-06-18,21,[flat_lstm_reviewed] LGBM=SHORT(0.55) · LSTM=LONG → FLAT: tidak ada entry (di bawah threshold / fusion netral),,
live_db_signal,ic32_regime_v1,AVAXUSDT,FLAT,1.0,2026-06-18T13:05:14.282790+00:00,2026-06-18 21:05:14,2026-06-18,21,[flat_lstm_reviewed] LGBM=SHORT(0.51) · LSTM=LONG → FLAT: tidak ada entry (di bawah threshold / fusion netral),,
live_db_signal,ic32_regime_v1,NEARUSDT,FLAT,1.0,2026-06-18T13:05:20.577000+00:00,2026-06-18 21:05:20,2026-06-18,21,[flat_flat_no_review] LGBM=FLAT(0.99) → FLAT: tidak ada entry (di bawah threshold / fusion netral),,
live_db_signal,ic32_regime_v1,POLUSDT,FLAT,1.0,2026-06-18T13:05:26.785029+00:00,2026-06-18 21:05:26,2026-06-18,21,[flat_flat_no_review] LGBM=FLAT(1.00) → FLAT: tidak ada entry (di bawah threshold / fusion netral),,
live_db_signal,ic32_regime_v1,1000PEPEUSDT,FLAT,1.0,2026-06-18T13:05:33.068646+00:00,2026-06-18 21:05:33,2026-06-18,21,[flat_lstm_reviewed] LGBM=FLAT(0.52) · LSTM=SHORT → FLAT: tidak ada entry (di bawah threshold / fusion netral),,
live_db_signal,ic32_regime_v1,BNBUSDT,FLAT,1.0,2026-06-18T13:05:38.985692+00:00,2026-06-18 21:05:38,2026-06-18,21,[flat_lstm_reviewed] LGBM=SHORT(0.65) · LSTM=LONG → FLAT: tidak ada entry (di bawah threshold / fusion netral),,
live_db_signal,ic32_regime_v1,ETHUSDT,FLAT,1.0,2026-06-18T13:05:45.732332+00:00,2026-06-18 21:05:45,2026-06-18,21,[flat_flat_no_review] LGBM=FLAT(0.92) → FLAT: tidak ada entry (di bawah threshold / fusion netral),,
live_db_signal,ic32_regime_v1,TONUSDT,FLAT,1.0,2026-06-18T13:05:51.728173+00:00,2026-06-18 21:05:51,2026-06-18,21,[flat_flat_no_review] LGBM=FLAT(0.96) → FLAT: tidak ada entry (di bawah threshold / fusion netral),,
live_db_signal,ic32_regime_v1,TRXUSDT,FLAT,1.0,2026-06-18T13:05:57.407367+00:00,2026-06-18 21:05:57,2026-06-18,21,[flat_flat_no_review] LGBM=FLAT(0.89) → FLAT: tidak ada entry (di bawah threshold / fusion netral),,
live_db_signal,ic32_regime_v1,XRPUSDT,FLAT,1.0,2026-06-18T13:06:04.101319+00:00,2026-06-18 21:06:04,2026-06-18,21,[flat_lstm_reviewed] LGBM=LONG(0.71) · LSTM=SHORT → FLAT: tidak ada entry (di bawah threshold / fusion netral),,
live_db_signal,ic32_regime_v1,ARBUSDT,FLAT,1.0,2026-06-18T13:06:10.302719+00:00,2026-06-18 21:06:10,2026-06-18,21,[flat_flat_no_review] LGBM=FLAT(0.74) → FLAT: tidak ada entry (di bawah threshold / fusion netral),,
live_db_signal,ic32_regime_v1,DOGEUSDT,FLAT,1.0,2026-06-18T13:06:16.445843+00:00,2026-06-18 21:06:16,2026-06-18,21,[flat_lstm_reviewed] LGBM=SHORT(0.45) · LSTM=LONG → FLAT: tidak ada entry (di bawah threshold / fusion netral),,
live_db_signal,ic32_regime_v1,LINKUSDT,FLAT,1.0,2026-06-18T13:06:22.504344+00:00,2026-06-18 21:06:22,2026-06-18,21,[flat_flat_no_review] LGBM=FLAT(0.99) → FLAT: tidak ada entry (di bawah threshold / fusion netral),,
live_db_signal,ic32_regime_v1,SOLUSDT,FLAT,1.0,2026-06-18T13:06:28.689778+00:00,2026-06-18 21:06:28,2026-06-18,21,[flat_lstm_reviewed] LGBM=FLAT(0.48) · LSTM=SHORT → FLAT: tidak ada entry (di bawah threshold / fusion netral),,
live_db_signal,ic32_regime_v1,HBARUSDT,FLAT,1.0,2026-06-18T13:06:34.647647+00:00,2026-06-18 21:06:34,2026-06-18,21,[flat_flat_no_review] LGBM=FLAT(0.98) → FLAT: tidak ada entry (di bawah threshold / fusion netral),,
live_db_signal,ic32_regime_v1,ONDOUSDT,FLAT,1.0,2026-06-18T13:06:40.703164+00:00,2026-06-18 21:06:40,2026-06-18,21,[flat_flat_no_review] LGBM=FLAT(0.98) → FLAT: tidak ada entry (di bawah threshold / fusion netral),,
live_db_signal,ic32_regime_v1,ADAUSDT,FLAT,1.0,2026-06-18T13:06:46.205172+00:00,2026-06-18 21:06:46,2026-06-18,21,[flat_flat_no_review] LGBM=FLAT(0.58) → FLAT: tidak ada entry (di bawah threshold / fusion netral),,
live_db_signal,ic32_regime_v1,1000SHIBUSDT,FLAT,1.0,2026-06-18T13:06:51.869490+00:00,2026-06-18 21:06:51,2026-06-18,21,[flat_flat_no_review] LGBM=FLAT(0.76) → FLAT: tidak ada entry (di bawah threshold / fusion netral),,
live_db_signal,ic32_regime_v1,DOTUSDT,FLAT,1.0,2026-06-18T13:06:57.904324+00:00,2026-06-18 21:06:57,2026-06-18,21,[flat_flat_no_review] LGBM=FLAT(0.74) → FLAT: tidak ada entry (di bawah threshold / fusion netral),,
live_db_signal,ic32_regime_v1,TAOUSDT,FLAT,1.0,2026-06-18T13:07:05.172809+00:00,2026-06-18 21:07:05,2026-06-18,21,[flat_lstm_reviewed] LGBM=LONG(0.52) · LSTM=LONG → FLAT: tidak ada entry (di bawah threshold / fusion netral),,
live_db_signal,ic32_regime_v1,BTCUSDT,FLAT,1.0,2026-06-18T13:07:11.363280+00:00,2026-06-18 21:07:11,2026-06-18,21,[flat_flat_no_review] LGBM=FLAT(0.79) → FLAT: tidak ada entry (di bawah threshold / fusion netral),,
live_db_signal,ic32_regime_v1,SUIUSDT,FLAT,1.0,2026-06-18T14:05:09.479688+00:00,2026-06-18 22:05:09,2026-06-18,22,[flat_flat_no_review] LGBM=FLAT(0.89) → FLAT: tidak ada entry (di bawah threshold / fusion netral),,
live_db_signal,ic32_regime_v1,AVAXUSDT,FLAT,1.0,2026-06-18T14:05:15.467972+00:00,2026-06-18 22:05:15,2026-06-18,22,[flat_flat_no_review] LGBM=FLAT(0.85) → FLAT: tidak ada entry (di bawah threshold / fusion netral),,
live_db_signal,ic32_regime_v1,NEARUSDT,FLAT,1.0,2026-06-18T14:05:21.310115+00:00,2026-06-18 22:05:21,2026-06-18,22,[flat_flat_no_review] LGBM=FLAT(0.99) → FLAT: tidak ada entry (di bawah threshold / fusion netral),,
live_db_signal,ic32_regime_v1,POLUSDT,FLAT,1.0,2026-06-18T14:05:27.483574+00:00,2026-06-18 22:05:27,2026-06-18,22,[flat_flat_no_review] LGBM=FLAT(0.99) → FLAT: tidak ada entry (di bawah threshold / fusion netral),,
live_db_signal,ic32_regime_v1,1000PEPEUSDT,LONG,0.8783,2026-06-18T14:05:33.738044+00:00,2026-06-18 22:05:33,2026-06-18,22,[lgbm_direct] LGBM=LONG(0.78) · LSTM=LONG · HMM=RANGING_LOW · FLIP=ranging_counter+0.05 → LOLOS FILTER: conf 0.88 ≥ thr 0.72 · RR ok · modal $10.00 · TP=0.0029 SL=0.0028 → MASUK TRADE (live) #255: LONG 1000PEPEUSDT entry=0.0029 TP=0.0029 SL=0.0028 modal=$10.00 lev=5x,,
live_db_signal,ic32_regime_v1,BNBUSDT,FLAT,1.0,2026-06-18T14:05:41.434301+00:00,2026-06-18 22:05:41,2026-06-18,22,[flat_flat_no_review] LGBM=FLAT(0.79) → FLAT: tidak ada entry (di bawah threshold / fusion netral),,
live_db_signal,ic32_regime_v1,ETHUSDT,LONG,0.8725,2026-06-18T14:05:47.813906+00:00,2026-06-18 22:05:47,2026-06-18,22,[lgbm_direct] LGBM=LONG(0.77) · LSTM=LONG · HMM=RANGING_HIGH · FLIP=ranging_counter+0.05 → LOLOS FILTER: conf 0.87 ≥ thr 0.72 · RR ok · modal $10.00 · TP=1762.0627 SL=1714.1011 → MASUK TRADE (live) #256: LONG ETHUSDT entry=1734.8670 TP=1762.0627 SL=1714.1011 modal=$10.00 lev=5x,,
live_db_signal,ic32_regime_v1,TONUSDT,FLAT,1.0,2026-06-18T14:05:55.856912+00:00,2026-06-18 22:05:55,2026-06-18,22,[flat_lstm_reviewed] LGBM=FLAT(0.55) · LSTM=LONG → FLAT: tidak ada entry (di bawah threshold / fusion netral),,
live_db_signal,ic32_regime_v1,TRXUSDT,FLAT,1.0,2026-06-18T14:06:01.641079+00:00,2026-06-18 22:06:01,2026-06-18,22,[flat_flat_no_review] LGBM=FLAT(0.76) → FLAT: tidak ada entry (di bawah threshold / fusion netral),,
live_db_signal,ic32_regime_v1,XRPUSDT,FLAT,1.0,2026-06-18T14:06:07.694394+00:00,2026-06-18 22:06:07,2026-06-18,22,[flat_flat_no_review] LGBM=FLAT(0.89) → FLAT: tidak ada entry (di bawah threshold / fusion netral),,
live_db_signal,ic32_regime_v1,ARBUSDT,FLAT,1.0,2026-06-18T14:06:14.133197+00:00,2026-06-18 22:06:14,2026-06-18,22,[flat_flat_no_review] LGBM=FLAT(0.96) → FLAT: tidak ada entry (di bawah threshold / fusion netral),,
live_db_signal,ic32_regime_v1,DOGEUSDT,FLAT,1.0,2026-06-18T14:06:20.060067+00:00,2026-06-18 22:06:20,2026-06-18,22,[flat_lstm_reviewed] LGBM=LONG(0.51) · LSTM=SHORT → FLAT: tidak ada entry (di bawah threshold / fusion netral),,
live_db_signal,ic32_regime_v1,LINKUSDT,FLAT,1.0,2026-06-18T14:06:26.194413+00:00,2026-06-18 22:06:26,2026-06-18,22,[flat_lstm_reviewed] LGBM=FLAT(0.60) · LSTM=SHORT → FLAT: tidak ada entry (di bawah threshold / fusion netral),,
live_db_signal,ic32_regime_v1,SOLUSDT,FLAT,0.5559,2026-06-18T14:06:31.994613+00:00,2026-06-18 22:06:31,2026-06-18,22,[lgbm_direct] LGBM=LONG(0.73) · LSTM=SHORT · HMM=RANGING_LOW · FLIP=ranging_counter+0.05 → FLAT: tidak ada entry (di bawah threshold / fusion netral),,
live_db_signal,ic32_regime_v1,HBARUSDT,FLAT,1.0,2026-06-18T14:06:37.903744+00:00,2026-06-18 22:06:37,2026-06-18,22,[flat_flat_no_review] LGBM=FLAT(0.81) → FLAT: tidak ada entry (di bawah threshold / fusion netral),,
live_db_signal,ic32_regime_v1,ONDOUSDT,FLAT,1.0,2026-06-18T14:06:43.562943+00:00,2026-06-18 22:06:43,2026-06-18,22,[flat_flat_no_review] LGBM=FLAT(0.95) → FLAT: tidak ada entry (di bawah threshold / fusion netral),,
live_db_signal,ic32_regime_v1,ADAUSDT,FLAT,1.0,2026-06-18T14:06:54.435414+00:00,2026-06-18 22:06:54,2026-06-18,22,[flat_lstm_reviewed] LGBM=LONG(0.70) · LSTM=SHORT → FLAT: tidak ada entry (di bawah threshold / fusion netral),,
live_db_signal,ic32_regime_v1,1000SHIBUSDT,FLAT,1.0,2026-06-18T14:07:06.931856+00:00,2026-06-18 22:07:06,2026-06-18,22,[flat_flat_no_review] LGBM=FLAT(0.99) → FLAT: tidak ada entry (di bawah threshold / fusion netral),,
live_db_signal,ic32_regime_v1,DOTUSDT,LONG,0.7204,2026-06-18T14:07:17.423849+00:00,2026-06-18 22:07:17,2026-06-18,22,[lgbm_direct] LGBM=LONG(0.72) · LSTM=LONG · HMM=TREND_UP · FLIP=trending_counter-0.05 → LOLOS FILTER: conf 0.72 ≥ thr 0.65 · RR ok · modal $10.00 · TP=0.9950 SL=0.9556 → DITOLAK [saldo]: saldo $7.36 < modal $10.00,,
live_db_signal,ic32_regime_v1,TAOUSDT,FLAT,1.0,2026-06-18T14:07:29.907349+00:00,2026-06-18 22:07:29,2026-06-18,22,[flat_flat_no_review] LGBM=FLAT(0.95) → FLAT: tidak ada entry (di bawah threshold / fusion netral),,
live_db_signal,ic32_regime_v1,BTCUSDT,FLAT,1.0,2026-06-18T14:07:41.155282+00:00,2026-06-18 22:07:41,2026-06-18,22,[flat_lstm_reviewed] LGBM=FLAT(0.57) · LSTM=LONG → FLAT: tidak ada entry (di bawah threshold / fusion netral),,
